[
    {
        "name": "Bosnian Podrinje Canton"
    },
    {
        "name": "Brčko District"
    },
    {
        "name": "Canton 10"
    },
    {
        "name": "Central Bosnia Canton"
    },
    {
        "name": "Federation of Bosnia and Herzegovina"
    },
    {
        "name": "Herzegovina-Neretva Canton"
    },
    {
        "name": "Posavina Canton"
    },
    {
        "name": "Republika Srpska"
    },
    {
        "name": "Sarajevo Canton"
    },
    {
        "name": "Tuzla Canton"
    },
    {
        "name": "Una-Sana Canton"
    },
    {
        "name": "West Herzegovina Canton"
    },
    {
        "name": "Zenica-Doboj Canton"
    }
]