[
    {
        "name": "Berea District"
    },
    {
        "name": "Butha-Buthe District"
    },
    {
        "name": "Leribe District"
    },
    {
        "name": "Mafeteng District"
    },
    {
        "name": "Maseru District"
    },
    {
        "name": "Mohale's Hoek District"
    },
    {
        "name": "Mokhotlong District"
    },
    {
        "name": "Qacha's Nek District"
    },
    {
        "name": "Quthing District"
    },
    {
        "name": "Thaba-Tseka District"
    }
]