[
    {
        "name": "Bas-Uélé"
    },
    {
        "name": "Équateur"
    },
    {
        "name": "Haut-Katanga"
    },
    {
        "name": "Haut-Lomami"
    },
    {
        "name": "Haut-Uélé"
    },
    {
        "name": "Ituri"
    },
    {
        "name": "Kasaï"
    },
    {
        "name": "Kasaï Central"
    },
    {
        "name": "Kasaï Oriental"
    },
    {
        "name": "Kinshasa"
    },
    {
        "name": "Kongo Central"
    },
    {
        "name": "Kwango"
    },
    {
        "name": "Kwilu"
    },
    {
        "name": "Lomami"
    },
    {
        "name": "Lualaba"
    },
    {
        "name": "Mai-Ndombe"
    },
    {
        "name": "Maniema"
    },
    {
        "name": "Mongala"
    },
    {
        "name": "Nord-Kivu"
    },
    {
        "name": "Nord-Ubangi"
    },
    {
        "name": "Sankuru"
    },
    {
        "name": "Sud-Kivu"
    },
    {
        "name": "Sud-Ubangi"
    },
    {
        "name": "Tanganyika"
    },
    {
        "name": "Tshopo"
    },
    {
        "name": "Tshuapa"
    }
]