[
    {
        "name": "Alborz",
        "cities": [
            "Asara",
            "Charbagh",
            "Eshtehard",
            "Fardis",
            "Garmdareh",
            "Golsar",
            "Hashtgerd",
            "Hashtgerd New City",
            "Kamalshahr",
            "Karaj",
            "Koohsar",
            "Mahdasht",
            "Mohammad Shahr",
            "Nazarabad",
            "Savojbolagh",
            "Taleqan",
            "Tankaman"
        ]
    },
    {
        "name": "Ardabil",
        "cities": [
            "Abibeiglou",
            "Anbaran",
            "Ardabil",
            "Aslan Duz",
            "Bileh Savar",
            "Eslāmābād",
            "Fakhrabad",
            "Germi",
            "Hashjin",
            "Hir",
            "Jafarabad",
            "Khalkhal",
            "Kivi",
            "Kolor",
            "Kowsar",
            "Kuraim",
            "Lahroud",
            "Meshgin Shahr",
            "Moradlu",
            "Namin",
            "Nir",
            "Omidcheh",
            "Parsabad",
            "Qasabeh",
            "Razi",
            "Sarein",
            "Sareyn",
            "Tazakand"
        ]
    },
    {
        "name": "Bushehr",
        "cities": [
            "Ab Pakhsh",
            "Abad",
            "Ahram",
            "Alishahr",
            "Anarestan",
            "Asaluyeh",
            "Baduleh",
            "Banak",
            "Bandar Bushehr",
            "Bandar Deylam",
            "Bandar Ganaveh",
            "Bandar Rig",
            "Bandar-e Kangan",
            "BandarSiraf",
            "Bardestan",
            "Borazjan",
            "Bord Khun",
            "Boshkan",
            "Bushehr",
            "Choghadak",
            "Dalaki",
            "Dashtestan",
            "Dashti",
            "Dayyer",
            "Delvar",
            "Deylam",
            "Dorahak",
            "Genaveh",
            "Imam Hassan",
            "Jam",
            "Kaki",
            "Kalameh",
            "Kangan",
            "Kharg",
            "Khark",
            "Khormoj",
            "Konar Torshan",
            "Nakhl Taghi",
            "Riz",
            "Sadabad",
            "Shaban Kareh",
            "Shonbeh",
            "Tang Eram",
            "Tangestan",
            "Vahdatiyeh"
        ]
    },
    {
        "name": "Chaharmahal and Bakhtiari",
        "cities": [
            "Aluni",
            "Ardal",
            "Babaheydar",
            "Bazoft",
            "Ben",
            "Boldaji",
            "Boroujen",
            "Borujen",
            "Chelgard",
            "Chelgerd",
            "Choliche",
            "Dashtak",
            "Dastena",
            "Faradonbeh",
            "Farrokh Shahr",
            "Farrokhshahr",
            "Farsan",
            "Gahru",
            "Gandoman",
            "Gujan",
            "Haarooni",
            "Hafshejan",
            "Junqan",
            "Kaj",
            "Kal Geh-ye Sardasht",
            "Kiar",
            "Kuhrang",
            "Lordegan",
            "Mal-e Khalifeh",
            "Menj",
            "Nafch",
            "Naghan",
            "Naghneh",
            "Pordanjan",
            "Saman",
            "Samsami",
            "SarKhun",
            "Sefiddasht",
            "Shahrekord",
            "ShahrKian",
            "Shalamzar ",
            "Sudejan",
            "Sureshjan",
            "Taqanak",
            "Vardanjan "
        ]
    },
    {
        "name": "East Azerbaijan",
        "cities": [
            "Abeshahmad",
            "Achachi",
            "Ahar",
            "Ajabshir",
            "Aqkend",
            "Azarshahr",
            "Bakhshāyesh",
            "Basmenj",
            "Benab e Marand",
            "Bonab",
            "Bostan Abad",
            "Bostanabad",
            "Charavimaq",
            "Duzduzan",
            "Gogan",
            "Hadishahr",
            "Hashtrood",
            "Hashtrud",
            "Heris",
            "Hurand",
            "Ilkhichi",
            "Javan Qala",
            "Jolfa",
            "Kaleybar",
            "Kelvanaq",
            "Khaje",
            "Khamaneh",
            "Kharajoo",
            "Kharvana",
            "Khoda Afarin",
            "Khomarlu",
            "Khosrowshah",
            "Koozehkonan",
            "Koshksaray",
            "Leilan",
            "Malekan",
            "Mamaqan",
            "Maragheh",
            "Marand",
            "Mehraban",
            "Mianeh",
            "Mobarak Abad",
            "Nazarkahrizi",
            "Osku",
            "Qareh Aghaj",
            "Sahand",
            "Sarab",
            "Sardroud",
            "Shabestar",
            "Sharabian",
            "Sharafkhaneh",
            "Shendabad",
            "Siahrood",
            "Sis",
            "Soufian",
            "Tabriz",
            "Tark",
            "Tasuj",
            "Tekmeh Dash",
            "Teymourlou",
            "Turkman Chay",
            "Vaighan",
            "Varzaqan",
            "Varzeqān",
            "Yamchi",
            "Zarnaq",
            "Zonouz"
        ]
    },
    {
        "name": "Fars",
        "cities": [
            "Abadeh",
            "Abadeh Tashk",
            "Ahel",
            "Akbarabad",
            "Alamarvdasht",
            "Arsanjan",
            "Arsenjan",
            "Ashkanan",
            "Asir",
            "Baba Monir",
            "BabAnar",
            "Bahman",
            "Baladeh ",
            "Banaruyeh",
            "Bavanat",
            "Beyram",
            "Beyza",
            "City Kazeroon",
            "Dabiran",
            "Darab",
            "Dariun",
            "Dehram",
            "Dezhkord",
            "DoBorji",
            "Douzeh",
            "Efzar",
            "Eij",
            "Emad Deh",
            "Emam Shahr",
            "Eqlid",
            "Estahban",
            "Evaz",
            "Fadami ",
            "Farashband",
            "Fasa",
            "Firuzabad",
            "Galehdar",
            "Gerash",
            "Ghare Bolagh",
            "Ghirokarzin",
            "HajiAbad",
            "Hamashahr",
            "HasanAbad",
            "Hesami",
            "IzadKhast",
            "Jahrom",
            "JannatShahr",
            "Juyom",
            "Kamfiruz",
            "Karzin",
            "Kavar",
            "Kazerun",
            "KhaneZenian",
            "Khaniman",
            "Kharameh",
            "Khavaran",
            "Kherameh",
            "Khesht",
            "Khonj",
            "Khoome Zar",
            "Khoozi",
            "Khorrambid",
            "Khour",
            "Konartakhteh",
            "Kopen",
            "Korei",
            "Kouhenjan",
            "Koushkak",
            "Lamerd",
            "Lapouyee",
            "Lar",
            "Larestan",
            "Latifi",
            "Mamasani",
            "Marvdasht",
            "Masiri",
            "Mazayejan",
            "Meshkan",
            "Meymand",
            "Miyanshahr",
            "Mobarakabad",
            "Mohr",
            "Neyriz",
            "No Bandegan",
            "Nourabad",
            "Nowdan",
            "Nowjein",
            "Nurabad",
            "Pasargad",
            "PirCity",
            "Qaderabad",
            "Qaemyeh",
            "Qatruyeh",
            "Qir va Karzin",
            "QotbAbad",
            "RonizOlya",
            "Rostam",
            "SaadatShahr",
            "Sadra",
            "Safashahr",
            "Sarvestan",
            "Sedeh",
            "Sepidan",
            "Seyedan",
            "Sheshdeh",
            "Shiraz",
            "Soghad",
            "SoltanShahr",
            "Surmaq",
            "Varavi",
            "Zahedshahr",
            "Zarghan",
            "Zarrin Dasht",
            "سروستان"
        ]
    },
    {
        "name": "Gilan",
        "cities": [
            "Ahmadsargurab",
            "Amlash",
            "Asalem",
            "Astaneh-ye Ashrafiyeh",
            "astara",
            "Bandar Anzali",
            "Barehsar",
            "Bazar Jomeh",
            "Chaboksar",
            "Chaf and Chamkhaleh",
            "Choobar",
            "Deylaman",
            "Fuman",
            "Gurab Zarmikh",
            "Hashtpar",
            "Haviq",
            "Jirindih",
            "Kelachay",
            "Khomam",
            "Khoshkebijar",
            "Kiashahr",
            "Kuchesfahan",
            "Kumeleh",
            "Lahijan",
            "Langarud",
            "Lasht-e Nesha",
            "Lavandvil",
            "Lisar",
            "Louleman",
            "Lowshan",
            "Maklavan",
            "Manjil",
            "Marjaghal",
            "Masal",
            "Masuleh",
            "Otaghvar",
            "Paresar",
            "Rahimabad",
            "Ranekouh",
            "Rasht",
            "Rezvanshahr",
            "Rod Baneh",
            "Rostamabad",
            "Rudbar",
            "Rudsar",
            "Sangar",
            "Shaft",
            "Shalman",
            "Siahkal",
            "Someh Sara",
            "Talesh",
            "Tutkabon",
            "Vajargah",
            "Ziabar"
        ]
    },
    {
        "name": "Golestan",
        "cities": [
            "Aliabad-e-Katul",
            "Anbar Olum",
            "Aq Qala",
            "Aq Qayeh",
            "Azadshahr",
            "Bandar Torkaman",
            "Bandar-e Gaz",
            "Daland",
            "Faraqi",
            "Fazelabad",
            "Galikesh",
            "Gomish Tepe",
            "Gomishan",
            "Gonbad Kavus",
            "Gorgan",
            "Incheboron",
            "Jelin",
            "Kalaleh",
            "Khānbebin",
            "Kordkuy",
            "Maraveh",
            "Maraveh Tappeh",
            "Mazraeh",
            "Minudasht",
            "Neginshahr",
            "Nowdeh Khanduz",
            "Nowkandeh",
            "Qarnabad",
            "Ramian",
            "Sangdevin",
            "Sarkhon Kalateh",
            "Siminshahr",
            "Tatar Olia",
            "Torkaman"
        ]
    },
    {
        "name": "Hamadan",
        "cities": [
            "Ab Meshkin",
            "Abarlaq-e Sofla",
            "Abdalan",
            "Abdol Rahim",
            "Abrumand",
            "Abshineh",
            "Abu ol Fathabad",
            "Aghcheh Qayah",
            "Ahmadabad-e Tappeh",
            "Ahu Tappeh",
            "Ajin",
            "Ajorlu",
            "Akanlu",
            "Akleh",
            "Alan-e Sofla",
            "Alanjeh",
            "Alfavut",
            "Aliabad-e Posht Shahr",
            "Amirabad-e Kord",
            "Amzajerd",
            "Angoshteh",
            "Anjir Baghi",
            "Ansar ol Emam",
            "Anuch",
            "Aq Bolagh-e Aqdaq",
            "Aq Bolagh-e Latgah",
            "Aq Bolagh-e Morshed",
            "Aq Chay",
            "Aqa Bolaghi",
            "Aqa Jan Bolaghi",
            "Aqaj",
            "Aqcheh Kharabeh",
            "Aqchelu",
            "Arges-e Sofla",
            "Arikan",
            "Arpa Darreh",
            "Arteh Bolagh",
            "Artiman",
            "Arzan Fud",
            "Arzuvaj",
            "Asadabad",
            "Ashmizan",
            "Avarzaman",
            "Azandarian",
            "Aznahri",
            "Baba Khanjar",
            "Baba Pir",
            "Baba Qasem",
            "Babolqani",
            "Bad Khvoreh",
            "Bahar",
            "Band Aman",
            "Banesareh",
            "Baraband",
            "Bargecheh",
            "Barreh Farakh",
            "Barzul",
            "Bashqurtaran",
            "Bazeran",
            "Behkandan",
            "Belartu",
            "Beshik Tappeh",
            "Biaj",
            "Biatan-e Sofla",
            "Bid Korpeh-ye Sofla",
            "Bid Korpeh-ye Vosta",
            "Bifanaj",
            "Bighash",
            "Bish Aghaj",
            "Bitervan",
            "Borjaki",
            "Boyukabad",
            "Bozchalu",
            "Bozineh Jerd",
            "Bujin",
            "Bustandar",
            "Buyaqchi",
            "Chahar Bolagh",
            "Chal Boqa",
            "Chaleh Kand",
            "Charoq",
            "Chasht Khvoreh",
            "Chenari",
            "Cheshmeh Malek",
            "Cheshmeh Pahn-e Nanaj",
            "Cheshmeh Qandab",
            "Cheshmeh Qareh",
            "Cheshmeh Qassaban",
            "Cheshmeh Valad",
            "Cheshmeh Zowraq",
            "Choqa Sarahi",
            "Chowtash",
            "Chulak Qapanuri",
            "Dahnejerd",
            "Dali Chu",
            "Damaq",
            "Daqdaqabad",
            "Dar Qeshlaq",
            "Darani-ye Sofla",
            "Darcham",
            "Darreh Chenar",
            "Darreh Mianeh-ye Sofla",
            "Darreh Mirza",
            "Darreh-ye Ebrahim",
            "Darsibeh",
            "Davijan",
            "Deh Chaneh",
            "Deh Dalian",
            "Deh Ful",
            "Deh Mianeh",
            "Deh Nush",
            "Deh Piaz",
            "Deh-e Shaker",
            "Dehnow-e Avarzaman",
            "Dingeleh Kahriz",
            "Do Rudan",
            "Doraneh",
            "Dorudgaran",
            "Dow Baraleh",
            "Dowlatabad-e Hajjilu",
            "Dowlujerdin-e Bala",
            "Durijan",
            "Durnian",
            "Emamzadeh Khatun",
            "Emamzadeh Pir Nahan",
            "Eskanan",
            "Fahrumand",
            "Famast",
            "Famenin",
            "Farasfaj",
            "Farsban",
            "Farvaz",
            "Faryazan",
            "Fasijan",
            "Fiazaman",
            "Firuzabad-e Sofla",
            "Firuzan",
            "Gamasa",
            "Gamasb",
            "Ganj Tappeh",
            "Ganjab",
            "Gashani",
            "Gav Zaban",
            "Gavkaran",
            "Ghazyatan",
            "Gholam Veys",
            "Givaki",
            "Giyan",
            "Gol Darreh-ye Anuch",
            "Gol Heydar",
            "Gol Tappeh",
            "Golparabad",
            "Golshir",
            "Golushjerd",
            "Gomush Bolagh",
            "Gonbad Chay",
            "Gonbad-e Kabud",
            "Gostar",
            "Gozal Abdal",
            "Gug Qash",
            "Gujak",
            "Gulvand",
            "Gunestan",
            "Gur Gaz",
            "Gurjiu",
            "Gushalan",
            "Gusheh-ye Kasavand",
            "Hajji Kheder",
            "Hajji Maqsud",
            "Hajji Tu",
            "Hamadan",
            "Hamedan",
            "Hamilabad",
            "Hamzehlu-ye Sofla",
            "Haramabad",
            "Hasan Kusej",
            "Hasan Teymur",
            "Hasanabad-e Emam",
            "Hasanabad-e Qush Bolagh",
            "Hasanabad-e Sheverin",
            "Heriraz",
            "Hesar-e Qarah Baghi",
            "Hesar-e Qujeh Baghi",
            "Heydareh-ye Dar-e Emam",
            "Heydareh-ye Posht-e Shahr",
            "Hizaj",
            "Holvar-e Sofla",
            "Hom-e Khosrow",
            "Horhoreh",
            "Hoseynabad-e Bahar",
            "Hoseynabad-e Nazem",
            "Hoseynabad-e Shamlu",
            "Hudaraj",
            "Iraneh",
            "Isti Bolagh",
            "Jamishlu",
            "Jaria",
            "Javar Sajin",
            "Jerbanlu",
            "Jighi",
            "Jijan Kuh",
            "Jijian Rud",
            "Jin Taraqayah",
            "Jowkar",
            "Juraqan",
            "Kaboodrahang",
            "Kabudrahang",
            "Kahard",
            "Kahkadan",
            "Kahriz-e Baba Hoseyn",
            "Kahriz-e Boqazi",
            "Kahriz-e Hoseynabad-e Nazem",
            "Kahriz-e Jamal",
            "Kahriz-e Salim",
            "Kal Kabud",
            "Kalb Hesari",
            "Kalilabad",
            "Kamak-e Sofla",
            "Kamar Boneh",
            "Kamazan",
            "Kand Halan",
            "Kand Tappeh",
            "Kand-e Bolaghi",
            "Kangavar-e Kohneh",
            "Karafs",
            "Kark-e Sofla",
            "Kartilabad",
            "Kasavand",
            "Kaslan Qayah",
            "Kavanaj",
            "Kesb",
            "Keykaleh",
            "Keyni Sayeh",
            "Khabar Arkhi",
            "Khaku",
            "Khaleq Verdi",
            "Khalil Kord",
            "Kheradmand",
            "Kheyr Qoli",
            "Khomeygan",
            "Khvajeh Hesar",
            "Khvajeh Hoseyni",
            "Khvajeh Kandi",
            "Khvoshab-e Sofla",
            "Kitu",
            "Kohnush",
            "Kolanjan",
            "Konjineh",
            "Kord Bolagh",
            "Korzan",
            "Kowzareh",
            "Kuhani",
            "Kur Kahriz",
            "Kusaj Khalil",
            "Kutah Darreh",
            "Laleh Dan",
            "Lalejin",
            "Lamiyan",
            "Latgah",
            "Lavashan",
            "Leyli Yadegar",
            "Luluhar",
            "Mahanabad",
            "Mahbar",
            "Mahdaviyeh",
            "Mahnian",
            "Malayer",
            "Malek-e Ashtar",
            "Malusan",
            "Mangavi",
            "Marvil",
            "Maryanaj",
            "Masjedin",
            "Menjan",
            "Mesinak",
            "Meyvaleh",
            "Mianzulan",
            "Mihamleh-ye Sofla",
            "Milab",
            "Mirza Hesari",
            "Mishen",
            "Mobarakin",
            "Mohajeran",
            "Mohammadabad-e Chulak",
            "Mohammadiyeh-e Sofla",
            "Mohara",
            "Mokarrabi",
            "Molham Darreh",
            "Molla Bodagh",
            "Monavvar Tappeh",
            "Morghabad",
            "Mowdaran",
            "Musa Bolaghi",
            "Nahandar",
            "Nahavand",
            "Najafiyeh",
            "Nakilabad",
            "Nakin",
            "Namileh",
            "Nanaj",
            "Nazul",
            "Negar Khatun",
            "Negarabad",
            "Nehenjeh",
            "Nesar",
            "Neshar",
            "Niyanj",
            "Nosratabad-e Behraz",
            "Nosratabad-e Laklak",
            "Nurabad-e Simineh",
            "Ojaq",
            "Ommatlar",
            "Oshtoran",
            "Oshtorjin",
            "Ovraqin",
            "Owrteh Qamish",
            "Owryad",
            "Pahnabad",
            "Panbeh Dar",
            "Parluk",
            "Parvaraq",
            "Payandeh",
            "Peyhan",
            "Pileh Jin",
            "Pir Anbar",
            "Pir Badam",
            "Pir Khodaverdi",
            "Pir Malu",
            "Pir Mishan",
            "Pir Savaran",
            "Pir Yusof",
            "Piruz",
            "Poshtjin",
            "Qabanqoli",
            "Qader Khalaj",
            "Qadimi",
            "Qahavand",
            "Qajar Ab-e Sofla",
            "Qarah Day",
            "Qarah Tegini",
            "Qaranqu Darreh",
            "Qasabestan",
            "Qasemabad-e Laklak",
            "Qater Owlan",
            "Qayesh",
            "Qazan Qarah",
            "Qazi Mardan",
            "Qeshlaq Baba Rostam",
            "Qeshlaq-e Anuch",
            "Qeshlaq-e Deh Ful",
            "Qeshlaq-e Dehnow",
            "Qeshlaq-e Mohammadi",
            "Qeshlaq-e Najaf",
            "Qeshlaq-e Pust Shuran",
            "Qeshlaq-e Qobad",
            "Qeshlaq-e Shirazi",
            "Qeshlaq-e Sofla",
            "Qeshlaq-e Valiollah",
            "Qeydli Bolagh",
            "Qilab",
            "Qohurd-e Sofla",
            "Qoli Laleh-ye Sofla",
            "Qolqolabad",
            "Qorveh-e Darjazin",
            "Quch Tappeh",
            "Qushjeh",
            "Rahmanabad Malayer",
            "Ramishan",
            "Rastguyan",
            "Rasulabad-e Sofla",
            "Ravand-e Vosta",
            "Rayegan-e Sofla",
            "Razaj",
            "Razan",
            "Razini",
            "Reza Baghi",
            "Rezvankadeh",
            "Rivasijan",
            "Robat-e Sheverin",
            "Rud Avar",
            "Rud-e Hasan-e Sofla",
            "Safa Riz",
            "Sahamabad",
            "Salehabad",
            "Salilak",
            "Saluk",
            "Samen",
            "Sanaj",
            "Sanjuzan",
            "Sar Duran",
            "Sarab-e Tajar",
            "Saravak",
            "Sarayjuq",
            "Sarijlu",
            "Sarkan",
            "Saziyan",
            "Sefid Khaneh",
            "Segavi",
            "Serkan",
            "Setaq",
            "Shademaneh",
            "Shanabad",
            "Shanjur",
            "Sharifabad-e Quzan",
            "Sharifabad-e Tajar",
            "Shatzal",
            "Shavand",
            "Sheverin",
            "Sheykh Jarrah",
            "Shilandar-e Sofla",
            "Shir Barat",
            "Shirin Su",
            "Shush Ab",
            "Siah Goleh",
            "Sib Dar",
            "Silvar",
            "Simin-e Abaru",
            "Simin-e Zagheh",
            "Siravand",
            "Sistaneh",
            "Solulan",
            "Sorkh Kand",
            "Sulijeh",
            "Surtajin",
            "Sutlaq",
            "Tafrijan",
            "Tahunabad",
            "Tajar-e Samen",
            "Takhtiabad",
            "Taleh Jerd-e Sofla",
            "Tamuzan",
            "Tappeh Yazdan",
            "Tappeh-ye Dibi",
            "Taraqayah",
            "Tarik Darreh-ye Bala",
            "Tarkhinabad",
            "Tas Tappeh",
            "Tasbandi",
            "Tasran",
            "Tavaleh",
            "Tavaneh",
            "Taveh",
            "Tavilan-e Sofla",
            "Tazehnab-e Sofla",
            "Termianak",
            "Timi Jan",
            "Tuchaqaz",
            "Tulki Tappeh",
            "Tusk-e Sofla",
            "Tutal",
            "Tuyserkan",
            "Vafr-e Jin",
            "Vahandeh",
            "Vahman",
            "Vahnan",
            "Vali Mohammad",
            "Vali Sir Ab",
            "Vandarabad",
            "Varayeneh",
            "Varazaneh",
            "Varchaq",
            "Vardavard-e Sofla",
            "Vardavard-e Vosta",
            "Varkaneh",
            "Varqestan",
            "Varvazin",
            "Vasaj",
            "Vashur",
            "Vasleh",
            "Vesht",
            "Vezendan",
            "Yalfan",
            "Yarom Qayah",
            "Yaromjeh Bagh",
            "Yeganeh",
            "Yekanabad",
            "Yekleh",
            "Yeserlu",
            "Yunes",
            "Yunji",
            "Zagheh-ye Anuch",
            "Zagheh-ye Tasbandi",
            "Zaghlijeh",
            "Zamanabad-e Mohammadabad",
            "Zangeneh",
            "Zangeneh-ye Sofla",
            "Zapon",
            "Zaramin-e Sofla",
            "Zarrin Bagh",
            "Zeraq",
            "Zirabiyeh"
        ]
    },
    {
        "name": "Hormozgan",
        "cities": [
            "Abu Musa",
            "Abumusa ",
            "Bandar Abbas",
            "Bandar Charak",
            "Bandar Khamir",
            "Bandar Kong",
            "Bandar Lengeh",
            "Bandar-e-Jask",
            "Bashagard",
            "Bastak",
            "Bikah",
            "Dargahan",
            "Dashti",
            "Dehbārez",
            "Fareghan",
            "Fin",
            "Gerouk",
            "Gouharan",
            "Haji Abad",
            "Hajjiabad",
            "Hasht Bandi",
            "Hormuz",
            "Janah",
            "Jask",
            "Khamir",
            "Kish",
            "Koshkonar",
            "Kouhestak",
            "Lemazan",
            "Minab",
            "Parsian",
            "Qaleh Qazi",
            "Qeshm",
            "Rudan",
            "Ruydar",
            "Sardasht Bashagard",
            "Sargaz",
            "Senderk",
            "Sirik",
            "Suzā",
            "Takht",
            "Tazian",
            "Tirour",
            "Ziyārat Ali"
        ]
    },
    {
        "name": "Ilam",
        "cities": [
            "abdanan",
            "Arkavaz",
            "Aseman Abad",
            "Badreh",
            "Balavah Tareh",
            "Bedreh",
            "Chardavol County",
            "Chovar",
            "Darreh Shahr",
            "Dehloran",
            "Delgosha",
            "Eyvan",
            "Ilam",
            "Loumar",
            "Malekshahi",
            "Maymeh",
            "Mazhin",
            "Mehr",
            "Mehran",
            "Mousiyan",
            "Murmuri ",
            "Pahleh",
            "Saleh Abad",
            "Sarabbagh",
            "Sarableh",
            "Shabab",
            "Sirvan",
            "Tohid",
            "Zarneh"
        ]
    },
    {
        "name": "Isfahan",
        "cities": [
            "Abouzeidabad",
            "Abrisham",
            "Afus",
            "Alavijeh",
            "Anarak",
            "Aran va Bidgol",
            "Ardestan",
            "Asghar Abad",
            "Askaran",
            "Badroud",
            "Bafrān",
            "Baghbahadoran",
            "Baghshad",
            "Baharan Shahr",
            "Baharestan",
            "Barf Anbar",
            "Barzok",
            "Borkhvar",
            "Buin va Miandasht",
            "Chadegan",
            "Chamgordan",
            "Chermahin",
            "Damaneh",
            "Daran",
            "Dastgerd",
            "Dehagh",
            "Dehaghan",
            "Dehaqan",
            "Diziche",
            "Dolatabad",
            "Dorcheh",
            "Dorcheh Piaz",
            "Dowlatabad",
            "Esfahan",
            "Ezhieh",
            "Falavarjan",
            "Fareydunshahr",
            "Farrokhi",
            "Fereydan",
            "Fereydun Shahr",
            "Fooladshahr",
            "Gazborkhar",
            "Ghahderijan",
            "Ghamsar",
            "Goldasht",
            "Golpayegan",
            "Golshahr",
            "Golshan",
            "Googad",
            "Gorgab",
            "Habibabad",
            "Hanna",
            "Harand",
            "Hassan Abad",
            "Imanshahr",
            "Isfahan",
            "Jandaq",
            "Josheqaneqali",
            "Jowsheqan va Kamu",
            "Jowzdan",
            "Kahrizsang",
            "Karkevand",
            "Kashan",
            "Kelishad and Soderjaan",
            "Kelishad va Sudarjan",
            "Khaled Abad",
            "Khansar",
            "Khomeyni Shahr",
            "Khorzugh",
            "Khur",
            "Khvansar",
            "Komeh",
            "Komshecheh",
            "Kooshk",
            "Kuhpayeh",
            "Laybid",
            "Lenjan",
            "Mahabad",
            "Majlesi",
            "Manzariyeh",
            "Mashkat",
            "Meymeh",
            "Mobarakeh",
            "Mohammad Abad",
            "Naein",
            "Nain",
            "Najafabad",
            "Nasr Abad",
            "Natanz",
            "Niasar",
            "Nik Abad",
            "Nushabad",
            "Pir Bakran",
            "Qahderijan",
            "Qahjavarestan",
            "Rehnan",
            "Rezvanshahr",
            "Rezveh",
            "Sedeh Lenjan",
            "Sefid Shahr",
            "Sejzi",
            "Semirom",
            "Shahin Shahr",
            "Shahreza",
            "Shapur Abad",
            "Sin",
            "Talkhooncheh",
            "Tarq Rud",
            "Tiran",
            "Toodeshk",
            "Vanak",
            "Varnamkhast",
            "Varzaneh",
            "Vazvan",
            "Zarinshahr",
            "Zarrin Shahr",
            "Zavareh",
            "Zayandehrod",
            "Zazeran",
            "Ziar",
            "Zibashahr"
        ]
    },
    {
        "name": "Kerman",
        "cities": [
            "Aminshahr ",
            "Anar",
            "Anbarabad",
            "Andouhjerd",
            "Baft",
            "Bagheyn",
            "Bahreman",
            "Balvard",
            "Bam",
            "Baravat",
            "Bardsir",
            "Bezanjan",
            "Boluk",
            "Chatroud",
            "Darb-e Behesht",
            "Dashtkar",
            "Dehaj",
            "Dow Sari",
            "Ekhteyarabad",
            "Fahraj",
            "Faryab",
            "Ghalehganj",
            "Golbāf",
            "Golzar",
            "Gonbaki",
            "Hanza",
            "Hojedk",
            "Homashahr",
            "Jebalbarez",
            "Jiroft",
            "Joupar",
            "Jowzam",
            "Kahnooj",
            "Kahnuj",
            "Kazem Abad",
            "Kerman",
            "Khajoo Shahr",
            "Khanook",
            "KhatonAbad",
            "Khursand",
            "Kian Shahr",
            "Koshkuiyeh",
            "Kuh Sefid",
            "Kuhbanan",
            "Laleh zaar",
            "Mahan",
            "Manoojan",
            "Manujan",
            "Mardehak",
            "Mohammadabad",
            "MohyAbad",
            "Najaf Shahr",
            "Narmashir",
            "Negar",
            "Nezamshahr",
            "Nodej",
            "Orzueeyeh",
            "Orzuiyeh",
            "Pariz",
            "Qaleh Ganj",
            "Rabor",
            "Rafsanjan",
            "Ravar",
            "Rayen",
            "Reyhan",
            "Rigan",
            "Rudbar",
            "Safaiyeh",
            "Shahdad",
            "Shahrak Mes Sarcheshmeh",
            "Shahrbabak",
            "Sirjan",
            "Yazdan Shahr",
            "Zangiabad",
            "Zarand",
            "Zeh-e Kalut",
            "Zeydabad"
        ]
    },
    {
        "name": "Kermanshah",
        "cities": [
            "azeh Abad",
            "Banevreh",
            "Bayangan",
            "Bisotun",
            "Dalahu",
            "Eslamabad-e-Gharb",
            "Ezgeleh",
            "Gahvareh",
            "Gilan Gharb",
            "Gowdin",
            "Halashi",
            "Hamil",
            "Harsin",
            "Javanrud",
            "Kahriz",
            "Kangavar",
            "Kerend-e Gharb",
            "Kermanshah",
            "Kuzaran",
            "Mansur-e Aqai",
            "Miyan Rahan",
            "Nowdeshah",
            "Nowsud",
            "Paveh",
            "Qasr-e Shirin",
            "Ravansar",
            "Rijab",
            "Robat",
            "Sahneh",
            "Salas-e Baba Jani",
            "Sarpol Zahab",
            "Satar",
            "Sonqor",
            "Soomar",
            "Srmast"
        ]
    },
    {
        "name": "Khuzestan",
        "cities": [
            "Abadan",
            "Abezhdan",
            "Abou Homeyzeh",
            "Aghajari",
            "Ahvaz",
            "Alvan",
            "Andika",
            "Andimeshk",
            "Arvand Kenar",
            "Azadi",
            "Bagh Malek",
            "Baghmalek",
            "Bandar Imam Khomeini",
            "Bandar Mahshahr",
            "Bavi",
            "Behbahan",
            "Bidrubeh-ye",
            "Bostan",
            "Chamgolak",
            "Chamran Town",
            "Chavibdeh",
            "Choghamish",
            "Darkhovin",
            "Dehdez",
            "Dezful",
            "Elhayi",
            "FatholMobin",
            "Ghale Tol",
            "Golgir",
            "Gotvand",
            "Guriyeh",
            "Haftkel",
            "Hamidiyeh",
            "Hanzeh",
            "Hendijan",
            "Horr",
            "Hoseyniye",
            "Hosseinabad ",
            "Hoveyzeh",
            "Imam",
            "Izeh",
            "Jannat Makan",
            "Jayezan",
            "Jongiyeh",
            "Karun",
            "Khorramshahr",
            "Khorusi-ye Jonubi",
            "Kut Abdollah",
            "Kut-e Seyyed Naim",
            "Lali",
            "Mansuriyeh",
            "Masjed Soleyman",
            "Mianrood",
            "Midavod",
            "Minushahr",
            "Mollasani",
            "Moqavemat",
            "Moshrageh",
            "Omidiyeh",
            "Qaleh-ye Khvajeh",
            "Ramhormoz",
            "Ramshir",
            "Rofayyeh",
            "Safiabad",
            "Sāland",
            "Salehshahr",
            "Sar Dasht",
            "Sardarabad",
            "Semaleh",
            "Seydun",
            "Shadegan",
            "Shamsabad",
            "Sherafat",
            "Sheyban",
            "Shooshtar",
            "Shush",
            "Shushtar",
            "SiahMansur",
            "Susangerd",
            "Tashan",
            "Torkalaki",
            "Veys",
            "Zahreh"
        ]
    },
    {
        "name": "Kohgiluyeh and Boyer-Ahmad",
        "cities": [
            "Bahmai",
            "Basht",
            "Charam",
            "Chitab",
            "Choram",
            "Dehdasht",
            "Dishmok",
            "Dogonbadan",
            "Gachsaran",
            "Garab-e Sofla",
            "Kohgiluyeh",
            "Landeh",
            "Lendeh",
            "Likak",
            "Madavan",
            "Margoon",
            "Pataveh",
            "Qaleh Raisi",
            "sarfariyab",
            "Sisakht",
            "Suq",
            "Yasuj"
        ]
    },
    {
        "name": "Kurdistan",
        "cities": [
            "Armardeh",
            "Babarashani",
            "Baneh",
            "Bardeh Rasheh",
            "Bijar",
            "Boeen-e-Sofla",
            "Bolbanabad ",
            "Chnare",
            "Dehgolan",
            "Delbaran",
            "Dezej",
            "Divandarreh",
            "Hasanabad Yasukand",
            "Kamyaran",
            "Kani Dinar",
            "Kani Sur",
            "Marivan",
            "Muchesh",
            "Pir Taj",
            "Qorveh",
            "Saheb",
            "Sanandaj",
            "Saqqez",
            "Sarvabad",
            "Serish Abad",
            "Shuyesheh",
            "Tup Aghaj",
            "Uraman Takht",
            "Zarrineh "
        ]
    },
    {
        "name": "Lorestan",
        "cities": [
            "Aleshtar",
            "Aligudarz",
            "Azna",
            "Bayranshahr",
            "Borujerd",
            "Chalan Chulan",
            "Chaqabol",
            "Darb Gonbad",
            "Delfan",
            "Dorud",
            "Firouz Abad",
            "Garab",
            "Haft Cheshmeh",
            "Khorramabad",
            "Kuhdasht",
            "Kunani",
            "Mamulan",
            "Momen Abad",
            "Nurabad",
            "Oshtorinan",
            "Pol Dokhtar",
            "Pol-e Dokhtar",
            "Rumeshkhan County",
            "Sarab-e Dowreh",
            "Selseleh",
            "Sepid Dasht",
            "Shool Abad",
            "Vasian",
            "Veysian",
            "Zagheh"
        ]
    },
    {
        "name": "Markazi",
        "cities": [
            "Abyek",
            "Arak",
            "Ashtian",
            "Astaneh",
            "Aveh",
            "Davoud Abad",
            "Delijan",
            "Farahan",
            "Farmahin",
            "Gharqabad",
            "Ghurchi Bashi",
            "Hendoudar",
            "Javarseyan",
            "Karchan",
            "Khenejin",
            "Khomein",
            "Khomeyn",
            "Khondab",
            "Khoshkrud",
            "Komijan",
            "Mahalat",
            "Mahallat",
            "Mamuniyeh",
            "Milajerd",
            "Mohajeran",
            "Naragh",
            "Nimvar",
            "Nowbaran",
            "Parandak",
            "Razeqan",
            "Saroogh",
            "Saveh",
            "Shahbaz",
            "Shazand",
            "Tafresh",
            "Tureh",
            "Zarandiyeh",
            "Zavieh"
        ]
    },
    {
        "name": "Mazandaran",
        "cities": [
            "Abbasabad",
            "Alasht",
            "Amir Kala",
            "Amol",
            "Arateh",
            "Babol",
            "Babolsar",
            "Bahnamir",
            "Baladeh",
            "Behshahr",
            "Chalus",
            "Chamestan",
            "Dabudasht",
            "Emamzade Abdollah",
            "Farim",
            "Fereydunkenar",
            "Galugah",
            "Gatab",
            "Gazanak",
            "Hachiroud",
            "Izadshahr",
            "Juybar",
            "Kalar Dasht",
            "Kalleh Bast",
            "Kelarabad",
            "Kelardasht",
            "Ketalem and Sadat Shahr",
            "Khalil Shahr",
            "Khorramabad",
            "Khoshroud Pey",
            "Kia Kola",
            "Kiasar",
            "Kojur",
            "Kuhi Khil",
            "Mahmudabad",
            "Marzanabad",
            "Marzikola",
            "Miandorud",
            "Nashtarud",
            "Neka",
            "Nowshahr",
            "Nur",
            "Paein Hoular",
            "Pol Sefid",
            "Pul",
            "Qaem Shahr",
            "Qaemshahr",
            "Ramsar",
            "Rineh",
            "Rostam kola",
            "Royan",
            "Salman Shahr",
            "Sari",
            "Savadkuh",
            "Shirgah",
            "Shirud",
            "Simorgh County",
            "Sorkh Roud",
            "Surak",
            "Tonekabon",
            "Zargarmahalleh",
            "Zirab"
        ]
    },
    {
        "name": "North Khorasan",
        "cities": [
            "Ashkhaneh",
            "Ava",
            "Bojnurd",
            "Chenaran Shahr",
            "Daraq",
            "Esfarayen",
            "Farooj",
            "Faruj",
            "Garmeh",
            "Hesar-e Garmkhan",
            "Ivar",
            "Jajarm",
            "Lujali",
            "Maneh va Samalqan",
            "Pish Ghaleh",
            "Qazi",
            "Qushkhaneh",
            "Raz",
            "Safiabad",
            "Sankhast",
            "Shirvan",
            "Shoqan",
            "Titkanlu",
            "Ziarat"
        ]
    },
    {
        "name": "Qazvin",
        "cities": [
            "Abgarm",
            "Abyek",
            "Alborz",
            "Alvand",
            "Ardagh",
            "Avaj",
            "Bidestan",
            "Buin Zahra",
            "Danesfahan",
            "Eqbaliyeh",
            "Esfarvarin",
            "Khakali",
            "Khorramdasht",
            "Kouhin",
            "Mahmood Abad nemooneh",
            "Moallem Kelayeh",
            "Mohammadiyeh ",
            "Narjeh",
            "Qazvin",
            "Razmian",
            "Sagz Abad",
            "Shal",
            "Sharif Abad",
            "Sirdan",
            "Takestan",
            "Ziaabad"
        ]
    },
    {
        "name": "Qom",
        "cities": [
            "Dastjerd",
            "Jafarie",
            "Kahak",
            "Qanavat",
            "Qom",
            "Salafchegan"
        ]
    },
    {
        "name": "Razavi Khorasan",
        "cities": [
            "Ahmad-abad-e-Solat",
            "Anabad",
            "Bajestan",
            "Bajgiran",
            "Bakharz",
            "Bar",
            "Bardaskan",
            "Bayg",
            "Beydokht",
            "Binalud",
            "Chakaneh",
            "Chapeshlu",
            "Chenaran",
            "Dargaz",
            "Darrod",
            "Davarzan",
            "Dowlat Abad",
            "Eshqabad",
            "Farhadgerd",
            "Fariman",
            "Feyz Abad",
            "Firouzeh",
            "Firuzeh",
            "Ghadamgah",
            "Golbahar",
            "Golmakan",
            "Gonabad",
            "Hemmatabad",
            "Jangal",
            "Joghatay",
            "Joveyn",
            "Kadkan",
            "Kakhk",
            "Kalat",
            "Kariz",
            "Kashmar",
            "Khaf",
            "Khalil Abad",
            "Khalilabad",
            "Kharv",
            "Khowshab",
            "Khvaf",
            "Kondor",
            "Lotfabad",
            "Mah Velat",
            "Mashhad",
            "Mashhad Rizeh",
            "Mazdavand",
            "Molkabad",
            "Nashtifan",
            "Nasrabad",
            "Neghab",
            "Neyshabur",
            "Nil Shahr",
            "Nokhandan",
            "Qalandarabad",
            "Qasemabad",
            "Quchan",
            "Rashtkhar",
            "Razaviye",
            "Rivash",
            "Robat-e-Sang",
            "Roshtkhvar",
            "Rudab",
            "Sabzevar",
            "Salami",
            "Saleh Abad",
            "Samen",
            "Sangan",
            "Sarakhs",
            "Sefid Sang",
            "Shadmehr",
            "Shahrabad",
            "Shahrezu",
            "Shandiz",
            "Sheshtamad",
            "Soltanabad",
            "Taybad",
            "Torbat Heydariyeh",
            "Torbat-e-Jam",
            "Torghabeh",
            "Yunesi",
            "Zaveh"
        ]
    },
    {
        "name": "Semnan",
        "cities": [
            "Amiriyeh",
            "Aradan",
            "Bastam",
            "Biyārjomand",
            "Damghan",
            "Darjazin",
            "Dibaj",
            "Eyvanekey",
            "Garmsar",
            "kalāte Khij",
            "Kalāteh",
            "Kohanabad",
            "Mahdi Shahr",
            "Mahdishahr",
            "Mayamey",
            "Mojen",
            "Rodian",
            "Semnan",
            "Shahmirzad",
            "Shahroud",
            "Shahrud",
            "Sorkheh"
        ]
    },
    {
        "name": "Sistan and Baluchestan",
        "cities": [
            "Adimi",
            "Bampour",
            "Bazmān",
            "Bent",
            "Bonjār",
            "Chabahar",
            "Dalgan",
            "Dust Mohammad",
            "Espakeh",
            "Fanouj",
            "Fanuj",
            "Golmorti",
            "Gosht",
            "Hamoon",
            "Hidouj",
            "Hirmand",
            "Iranshahr",
            "Jālq",
            "Khash",
            "Konarak",
            "Mehrestan",
            "Mirjaveh",
            "Mohamadan",
            "Mohammadābād",
            "Mohammadi",
            "Negour",
            "Nikshahr",
            "Nimruz",
            "Nosrat Abad",
            "Nosratabad",
            "Noukābād",
            "Pishin",
            "Qasr-e-qand",
            "Rāsk",
            "Saravan",
            "Sarbaz",
            "Sib va Suran",
            "Sirkān",
            "Suran",
            "Zabol",
            "Zaboli",
            "Zahak",
            "Zahedan",
            "Zarābād",
            "Zehak"
        ]
    },
    {
        "name": "South Khorasan",
        "cities": [
            "Arian Shahr",
            "Asadieh",
            "Ayask",
            "Birjand",
            "Boshrouyeh",
            "Boshruyeh",
            "Darmian",
            "Deyhuk",
            "Eresk",
            "Esfedan",
            "Eshqabad",
            "Eslamiyeh",
            "Ferdows",
            "Gazik",
            "Ghayen",
            "Ghohestan",
            "Hajiabad",
            "Khezri Dashtebayaz",
            "Khusf",
            "Mohammad Shahr",
            "Mud",
            "Nehbandan",
            "Nimbolook",
            "Qaen",
            "Sarayan",
            "Sarbishe",
            "Sarbisheh",
            "Seh Qaleh",
            "Shusf",
            "Tabas",
            "Tabas Masina",
            "Zirkuh",
            "Zohaan"
        ]
    },
    {
        "name": "Tehran",
        "cities": [
            "Abali",
            "Absard",
            "Ahmadabad-E Mostowfi",
            "Andisheh",
            "Arjmand",
            "Baghershahr",
            "Baghestan",
            "Baharestan",
            "Bumehen",
            "Chahar Dangeh",
            "Damavand",
            "Eqbaliyeh",
            "Eslamshahr",
            "Fasham",
            "Ferdosiye",
            "Ferunabad",
            "Firuzkuh",
            "Golestan",
            "Hasanabad",
            "Javadabad",
            "Kahrizak",
            "Kilan",
            "Lavasan",
            "Malard",
            "Nasimshahr",
            "Nasirshahr",
            "Pakdasht",
            "Parand",
            "Pardis",
            "Pishva",
            "Qarchak",
            "Qods",
            "Rey",
            "Robat Karim",
            "Rudehen",
            "Sabashahr",
            "Safadasht",
            "salehie",
            "Shahedshahr",
            "Shahr-e-Rey",
            "Shahrak-e Emam Hasan",
            "Shahriar",
            "Sharifabad",
            "Shemiranat",
            "Shemshak",
            "Soleh Bon",
            "Tajrish",
            "Taleb abad",
            "Tehran",
            "Vahidieh",
            "Varamin"
        ]
    },
    {
        "name": "West Azarbaijan",
        "cities": [
            "Avajiq",
            "Baruq",
            "Bazargan",
            "Bukan",
            "Chaldoran",
            "Charburj",
            "Chaypareh",
            "Dizaj Diz",
            "Evogli",
            "Firuraq",
            "Gerd Kashaneh",
            "Keshavarz",
            "Khalifan",
            "Khowy",
            "Khoy",
            "Mahabad",
            "Mahmoodabad",
            "Maku",
            "Marganlar",
            "Miandoab",
            "Mirabad",
            "Mohammadyar",
            "Nalous",
            "Naqadeh",
            "Nazok-e Olya",
            "Noshin",
            "Oshnavieh",
            "Oshnaviyeh",
            "Piranshahr",
            "Poldasht",
            "Qarahziyaeddin",
            "Qotur",
            "Qushchi",
            "Rabat",
            "Salmas",
            "Sardasht",
            "Serow",
            "Shahin Dej",
            "Showt",
            "Siah Cheshmeh",
            "Silvana",
            "Simmineh",
            "Takab",
            "Taze Shar",
            "Urmia",
            "Zurabad"
        ]
    },
    {
        "name": "Yazd",
        "cities": [
            "Abarkooh",
            "Abarkuh",
            "Ahmadabad",
            "Aqda",
            "Ardakan",
            "Ashkezar",
            "Bafgh",
            "Bafq",
            "Bafruiyeh",
            "Bahabad",
            "Behabad",
            "Hamidia",
            "Harat",
            "Khatam",
            "Khavas Kuh",
            "Khezrabad",
            "Mahriz",
            "Marvast",
            "Mehrdasht",
            "Mehriz",
            "Meybod",
            "Nir",
            "Nodoushan",
            "Shahedieh",
            "Tabas",
            "Taft",
            "Yazd",
            "Zarach"
        ]
    },
    {
        "name": "Zanjan",
        "cities": [
            "Abbar",
            "Abhar",
            "Alvand",
            "Armaqankhaneh",
            "Chavarzagh",
            "Dandi",
            "Garmaab",
            "Halab",
            "Hidaj",
            "Ijrud",
            "Karasf",
            "Khodabandeh",
            "Khorramdarreh",
            "Mahneshan",
            "Nik Pey",
            "Nurbahar",
            "Qeydar",
            "Sain Qaleh",
            "Sohrevard",
            "Sojas",
            "Soltanieh",
            "Tarom",
            "Zanjan",
            "Zarrin Abad",
            "Zarrin Rood"
        ]
    }
]