[
    {
        "name": "Alborz"
    },
    {
        "name": "Ardabil"
    },
    {
        "name": "Bushehr"
    },
    {
        "name": "Chaharmahal and Bakhtiari"
    },
    {
        "name": "East Azerbaijan"
    },
    {
        "name": "Fars"
    },
    {
        "name": "Gilan"
    },
    {
        "name": "Golestan"
    },
    {
        "name": "Hamadan"
    },
    {
        "name": "Hormozgan"
    },
    {
        "name": "Ilam"
    },
    {
        "name": "Isfahan"
    },
    {
        "name": "Kerman"
    },
    {
        "name": "Kermanshah"
    },
    {
        "name": "Khuzestan"
    },
    {
        "name": "Kohgiluyeh and Boyer-Ahmad"
    },
    {
        "name": "Kurdistan"
    },
    {
        "name": "Lorestan"
    },
    {
        "name": "Markazi"
    },
    {
        "name": "Mazandaran"
    },
    {
        "name": "North Khorasan"
    },
    {
        "name": "Qazvin"
    },
    {
        "name": "Qom"
    },
    {
        "name": "Razavi Khorasan"
    },
    {
        "name": "Semnan"
    },
    {
        "name": "Sistan and Baluchestan"
    },
    {
        "name": "South Khorasan"
    },
    {
        "name": "Tehran"
    },
    {
        "name": "West Azarbaijan"
    },
    {
        "name": "Yazd"
    },
    {
        "name": "Zanjan"
    }
]