[
    {
        "name": "Chagang Province"
    },
    {
        "name": "Kangwon Province"
    },
    {
        "name": "North Hamgyong Province"
    },
    {
        "name": "North Hwanghae Province"
    },
    {
        "name": "North Pyongan Province"
    },
    {
        "name": "Pyongyang"
    },
    {
        "name": "Rason"
    },
    {
        "name": "Ryanggang Province"
    },
    {
        "name": "South Hamgyong Province"
    },
    {
        "name": "South Hwanghae Province"
    },
    {
        "name": "South Pyongan Province"
    }
]