[
    {
        "name": "Devonshire",
        "cities": [
            "Devonshire"
        ]
    },
    {
        "name": "Hamilton",
        "cities": [
            "Hamilton"
        ]
    },
    {
        "name": "Paget",
        "cities": [
            "Paget"
        ]
    },
    {
        "name": "Pembroke",
        "cities": []
    },
    {
        "name": "Saint George's",
        "cities": [
            "St. George's",
            "Tucker’s Town"
        ]
    },
    {
        "name": "Sandys",
        "cities": [
            "Somerset"
        ]
    },
    {
        "name": "Smith's",
        "cities": [
            "Flatts"
        ]
    },
    {
        "name": "Southampton",
        "cities": [
            "Southampton"
        ]
    },
    {
        "name": "Warwick",
        "cities": [
            "Warwick"
        ]
    }
]