[
    {
        "name": "Bagmati Zone"
    },
    {
        "name": "Bheri Zone"
    },
    {
        "name": "Central Region"
    },
    {
        "name": "Dhaulagiri Zone"
    },
    {
        "name": "Eastern Development Region"
    },
    {
        "name": "Far-Western Development Region"
    },
    {
        "name": "Gandaki Zone"
    },
    {
        "name": "Janakpur Zone"
    },
    {
        "name": "Karnali Zone"
    },
    {
        "name": "Kosi Zone"
    },
    {
        "name": "Lumbini Zone"
    },
    {
        "name": "Mahakali Zone"
    },
    {
        "name": "Mechi Zone"
    },
    {
        "name": "Mid-Western Region"
    },
    {
        "name": "Narayani Zone"
    },
    {
        "name": "Rapti Zone"
    },
    {
        "name": "Sagarmatha Zone"
    },
    {
        "name": "Seti Zone"
    },
    {
        "name": "Western Region"
    }
]