[
    {
        "name": "Absheron District"
    },
    {
        "name": "Agdam District"
    },
    {
        "name": "Agdash District"
    },
    {
        "name": "Aghjabadi District"
    },
    {
        "name": "Agstafa District"
    },
    {
        "name": "Agsu District"
    },
    {
        "name": "Astara District"
    },
    {
        "name": "Babek District"
    },
    {
        "name": "Baku"
    },
    {
        "name": "Balakan District"
    },
    {
        "name": "Barda District"
    },
    {
        "name": "Beylagan District"
    },
    {
        "name": "Bilasuvar District"
    },
    {
        "name": "Dashkasan District"
    },
    {
        "name": "Fizuli District"
    },
    {
        "name": "Ganja"
    },
    {
        "name": "Gədəbəy"
    },
    {
        "name": "Gobustan District"
    },
    {
        "name": "Goranboy District"
    },
    {
        "name": "Goychay"
    },
    {
        "name": "Goygol District"
    },
    {
        "name": "Hajigabul District"
    },
    {
        "name": "Imishli District"
    },
    {
        "name": "Ismailli District"
    },
    {
        "name": "Jabrayil District"
    },
    {
        "name": "Jalilabad District"
    },
    {
        "name": "Julfa District"
    },
    {
        "name": "Kalbajar District"
    },
    {
        "name": "Kangarli District"
    },
    {
        "name": "Khachmaz District"
    },
    {
        "name": "Khizi District"
    },
    {
        "name": "Khojali District"
    },
    {
        "name": "Kurdamir District"
    },
    {
        "name": "Lachin District"
    },
    {
        "name": "Lankaran"
    },
    {
        "name": "Lankaran District"
    },
    {
        "name": "Lerik District"
    },
    {
        "name": "Martuni"
    },
    {
        "name": "Masally District"
    },
    {
        "name": "Mingachevir"
    },
    {
        "name": "Nakhchivan Autonomous Republic"
    },
    {
        "name": "Neftchala District"
    },
    {
        "name": "Oghuz District"
    },
    {
        "name": "Ordubad District"
    },
    {
        "name": "Qabala District"
    },
    {
        "name": "Qakh District"
    },
    {
        "name": "Qazakh District"
    },
    {
        "name": "Quba District"
    },
    {
        "name": "Qubadli District"
    },
    {
        "name": "Qusar District"
    },
    {
        "name": "Saatly District"
    },
    {
        "name": "Sabirabad District"
    },
    {
        "name": "Sadarak District"
    },
    {
        "name": "Salyan District"
    },
    {
        "name": "Samukh District"
    },
    {
        "name": "Shabran District"
    },
    {
        "name": "Shahbuz District"
    },
    {
        "name": "Shaki"
    },
    {
        "name": "Shaki District"
    },
    {
        "name": "Shamakhi District"
    },
    {
        "name": "Shamkir District"
    },
    {
        "name": "Sharur District"
    },
    {
        "name": "Shirvan"
    },
    {
        "name": "Shusha District"
    },
    {
        "name": "Siazan District"
    },
    {
        "name": "Sumqayit"
    },
    {
        "name": "Tartar District"
    },
    {
        "name": "Tovuz District"
    },
    {
        "name": "Ujar District"
    },
    {
        "name": "Yardymli District"
    },
    {
        "name": "Yevlakh"
    },
    {
        "name": "Yevlakh District"
    },
    {
        "name": "Zangilan District"
    },
    {
        "name": "Zaqatala District"
    },
    {
        "name": "Zardab District"
    }
]