[
    {
        "name": "Brest Region",
        "cities": [
            "Antopal’",
            "Asnyezhytsy",
            "Baranovichi",
            "Baranovichskiy Rayon",
            "Brest",
            "Brestski Rayon",
            "Byaroza",
            "Byarozawski Rayon",
            "Byelaazyorsk",
            "Charnawchytsy",
            "Damachava",
            "Davyd-Haradok",
            "Drahichyn",
            "Drahichynski Rayon",
            "Hantsavichy",
            "Hantsavitski Rayon",
            "Haradzishcha",
            "Horad Baranavichy",
            "Horad Brest",
            "Ivanava",
            "Ivanawski Rayon",
            "Ivatsevichy",
            "Kamyanyets",
            "Kamyanyetski Rayon",
            "Kamyanyuki",
            "Kobryn",
            "Kosava",
            "Lahishyn",
            "Luninyets",
            "Lyakhavichy",
            "Malaryta",
            "Mikashevichy",
            "Motal’",
            "Nyakhachava",
            "Pinsk",
            "Pruzhanski Rayon",
            "Pruzhany",
            "Ruzhany",
            "Stolin",
            "Stolinski Rayon",
            "Tsyelyakhany",
            "Vysokaye",
            "Zhabinka",
            "Zhabinkawski Rayon",
            "Znamenka"
        ]
    },
    {
        "name": "Gomel Region",
        "cities": [
            "Aktsyabrski",
            "Brahin",
            "Brahinski Rayon",
            "Buda-Kashalyova",
            "Chachersk",
            "Chacherski Rayon",
            "Dobrush",
            "Dowsk",
            "Homyel'",
            "Homyel’ski Rayon",
            "Kalinkavichy",
            "Karanyowka",
            "Karma",
            "Kastsyukowka",
            "Khal’ch",
            "Khoyniki",
            "Loyew",
            "Lyel’chytski Rayon",
            "Lyel’chytsy",
            "Mazyr",
            "Mazyrski Rayon",
            "Narowlya",
            "Novaya Huta",
            "Parychy",
            "Peramoga",
            "Pyetrykaw",
            "Rahachow",
            "Rahachowski Rayon",
            "Rechytsa",
            "Sasnovy Bor",
            "Svyetlahorsk",
            "Turaw",
            "Vasilyevichy",
            "Vyetka",
            "Vyetkawski Rayon",
            "Yel’sk",
            "Zhlobin",
            "Zhlobinski Rayon",
            "Zhytkavichy"
        ]
    },
    {
        "name": "Grodno Region",
        "cities": [
            "Ashmyanski Rayon",
            "Ashmyany",
            "Astravyets",
            "Astravyetski Rayon",
            "Baruny",
            "Byarozawka",
            "Dyatlovo",
            "Grodnenskiy Rayon",
            "Hal’shany",
            "Horad Hrodna",
            "Hrodna",
            "Hyeranyony",
            "Indura",
            "Iwye",
            "Karelichy",
            "Karelitski Rayon",
            "Krasnosel’skiy",
            "Kreva",
            "Lida",
            "Lidski Rayon",
            "Lyubcha",
            "Mir",
            "Mosty",
            "Novogrudok",
            "Ross’",
            "Sapotskin",
            "Shchuchyn",
            "Shchuchynski Rayon",
            "Skidel’",
            "Slonim",
            "Smarhon’",
            "Soly",
            "Svislach",
            "Vishnyeva",
            "Volkovysk",
            "Voranava",
            "Vyalikaya Byerastavitsa",
            "Zel’va",
            "Zhaludok",
            "Zhirovichi"
        ]
    },
    {
        "name": "Minsk",
        "cities": [
            "Frunzyenski Rayon",
            "Kastrychnitski Rayon",
            "Lyeninski Rayon",
            "Maskowski Rayon",
            "Minsk",
            "Partyzanski Rayon",
            "Savyetski Rayon",
            "Tsentral’ny Rayon",
            "Zavodski Rayon"
        ]
    },
    {
        "name": "Minsk Region",
        "cities": [
            "Astrashytski Haradok",
            "Atolina",
            "Azyartso",
            "Bal’shavik",
            "Barysaw",
            "Barysawski Rayon",
            "Blon’",
            "Bobr",
            "Borovlyany",
            "Byarezinski Rayon",
            "Byerazino",
            "Chervyen’",
            "Chervyen’ski Rayon",
            "Chyrvonaya Slabada",
            "Chyst’",
            "Druzhny",
            "Dukora",
            "Dzyarzhynsk",
            "Enyerhyetykaw",
            "Fanipol",
            "Haradzyeya",
            "Hatava",
            "Horad Smalyavichy",
            "Horad Zhodzina",
            "Hotsk",
            "Il’ya",
            "Ivyanyets",
            "Kalodzishchy",
            "Kapyl’",
            "Kapyl’ski Rayon",
            "Khatsyezhyna",
            "Kholopenichi",
            "Klyetsk",
            "Klyetski Rayon",
            "Korolëv Stan",
            "Krasnaye",
            "Krupki",
            "Kryvichy",
            "Lahoysk",
            "Loshnitsa",
            "Luhavaya Slabada",
            "Lyasny",
            "Lyeskawka",
            "Lyuban’",
            "Machulishchy",
            "Maladzyechna",
            "Mar’’ina Horka",
            "Michanovichi",
            "Myadzyel",
            "Myadzyel’ski Rayon",
            "Narach",
            "Nasilava",
            "Novosel’ye",
            "Novy Svyerzhan’",
            "Nyasvizh",
            "Nyasvizhski Rayon",
            "Plyeshchanitsy",
            "Prawdzinski",
            "Pryvol’ny",
            "Pukhavichy",
            "Pukhavichy Raion",
            "Pyatryshki",
            "Radashkovichy",
            "Rakaw",
            "Rudzyensk",
            "Salihorsk",
            "Samakhvalavichy",
            "Sarachy",
            "Schomyslitsa",
            "Slabada",
            "Slutsk",
            "Slutski Rayon",
            "Smalyavitski Rayon",
            "Smilavichy",
            "Snow",
            "Stan’kava",
            "Staradarozhski Rayon",
            "Starobin",
            "Staryya Darohi",
            "Stawbtsowski Rayon",
            "Stowbtsy",
            "Svir",
            "Svislach",
            "Syenitsa",
            "Syomkava",
            "Tsimkavichy",
            "Turets-Bayary",
            "Urechcha",
            "Usiazh",
            "Uzda",
            "Uzdzyenski Rayon",
            "Valozhyn",
            "Vilyeyka",
            "Vilyeyski Rayon",
            "Vyaliki Trastsyanets",
            "Yubilyeyny",
            "Zamostochye",
            "Zaslawye",
            "Zhdanovichy",
            "Zyembin",
            "Октябрьский"
        ]
    },
    {
        "name": "Mogilev Region",
        "cities": [
            "Asipovichy",
            "Asipovitski Rayon",
            "Babruysk",
            "Babruyski Rayon",
            "Buynichy",
            "Byalynichy",
            "Byalynitski Rayon",
            "Bykhaw",
            "Chavuski Rayon",
            "Chavusy",
            "Cherykaw",
            "Cherykawski Rayon",
            "Dashkawka",
            "Drybin",
            "Drybinski Rayon",
            "Hlusha",
            "Hlusk",
            "Horatski Rayon",
            "Horki",
            "Kadino",
            "Kamyennyya Lavy",
            "Kastsyukovichy",
            "Khodasy",
            "Khotsimsk",
            "Khotsimski Rayon",
            "Kirawsk",
            "Klichaw",
            "Klimavichy",
            "Krasnapol’ski Rayon",
            "Krasnapollye",
            "Krasnyy Bereg",
            "Kruhlaye",
            "Krychaw",
            "Mahilyow",
            "Mahilyowski Rayon",
            "Mstsislaw",
            "Myazhysyatki",
            "Myshkavichy",
            "Palykavichy Pyershyya",
            "Posëlok Voskhod",
            "Ramanavichy",
            "Shklow",
            "Shklowski Rayon",
            "Slawharad",
            "Veyno",
            "Vishow",
            "Yalizava"
        ]
    },
    {
        "name": "Vitebsk Region",
        "cities": [
            "Balbasava",
            "Baran’",
            "Braslaw",
            "Braslawski Rayon",
            "Byahoml’",
            "Byeshankovitski Rayon",
            "Chashniki",
            "Chashnitski Rayon",
            "Dokshytski Rayon",
            "Dokshytsy",
            "Druya",
            "Dubrowna",
            "Dzisna",
            "Haradok",
            "Haradotski Rayon",
            "Hlybokaye",
            "Hlybotski Rayon",
            "Kokhanava",
            "Konstantinovo",
            "Lyepyel’",
            "Lyepyel’ski Rayon",
            "Lyntupy",
            "Lyozna",
            "Lyoznyenski Rayon",
            "Mosar",
            "Myorski Rayon",
            "Myory",
            "Navapolatsk",
            "Novolukoml’",
            "Orsha",
            "Osveya",
            "Pastavy",
            "Pastawski Rayon",
            "Polatsk",
            "Polatski Rayon",
            "Rasonski Rayon",
            "Rasony",
            "Sharkawshchyna",
            "Sharkawshchynski Rayon",
            "Shumilinski Rayon",
            "Syanno",
            "Syennyenski Rayon",
            "Talachyn",
            "Ushachy",
            "Vidzy",
            "Vitebsk",
            "Vyerkhnyadzvinsk",
            "Vyerkhnyadzvinski Rayon"
        ]
    }
]