[
    {
        "name": "Addis Ababa"
    },
    {
        "name": "Afar Region"
    },
    {
        "name": "Amhara Region"
    },
    {
        "name": "Benishangul-Gumuz Region"
    },
    {
        "name": "Dire Dawa"
    },
    {
        "name": "Gambela Region"
    },
    {
        "name": "Harari Region"
    },
    {
        "name": "Oromia Region"
    },
    {
        "name": "Somali Region"
    },
    {
        "name": "Southern Nations, Nationalities, and Peoples' Region"
    },
    {
        "name": "Tigray Region"
    }
]