[
    {
        "name": "Anjouan",
        "cities": [
            "Adda-Douéni",
            "Antsahé",
            "Assimpao",
            "Bambao",
            "Bandajou",
            "Barakani",
            "Bimbini",
            "Boungouéni",
            "Chandra",
            "Chironkamba",
            "Chitrouni",
            "Daji",
            "Domoni",
            "Dziani",
            "Hajoho",
            "Harembo",
            "Kangani",
            "Kavani",
            "Koki",
            "Koni-Djodjo",
            "Koni-Ngani",
            "Kyo",
            "Limbi",
            "Lingoni",
            "Magnassini-Nindri",
            "Maraharé",
            "Mirontsi",
            "Mjamaoué",
            "Mjimandra",
            "Moutsamoudou",
            "Moya",
            "Mramani",
            "Mrémani",
            "Ongoni",
            "Ouani",
            "Ouzini",
            "Pajé",
            "Patsi",
            "Sima",
            "Tsimbeo",
            "Vouani"
        ]
    },
    {
        "name": "Grande Comore",
        "cities": [
            "Bahani",
            "Bambadjani",
            "Bouni",
            "Chezani",
            "Chindini",
            "Chouani",
            "Dembéni",
            "Douniani",
            "Dzahadjou",
            "Foumbouni",
            "Hantsindzi",
            "Héroumbili",
            "Itsandra",
            "Itsandzéni",
            "Ivouani",
            "Koua",
            "Madjeouéni",
            "Mandza",
            "Mavingouni",
            "Mbéni",
            "Mitsamiouli",
            "Mitsoudjé",
            "Mnoungou",
            "Mohoro",
            "Moroni",
            "Mtsamdou",
            "Mvouni",
            "Nioumamilima",
            "Ntsaouéni",
            "Ntsoudjini",
            "Ouellah",
            "Ouhozi",
            "Ourovéni",
            "Oussivo",
            "Salimani",
            "Séléa",
            "Singani",
            "Tsidjé",
            "Vanadjou",
            "Vanambouani"
        ]
    },
    {
        "name": "Mohéli",
        "cities": [
            "Djoyézi",
            "Fomboni",
            "Hoani",
            "Mtakoudja",
            "Nioumachoua",
            "Ouanani",
            "Ziroudani"
        ]
    }
]