[
    {
        "name": "A Coruña"
    },
    {
        "name": "Albacete"
    },
    {
        "name": "Alicante"
    },
    {
        "name": "Almeria"
    },
    {
        "name": "Araba"
    },
    {
        "name": "Asturias"
    },
    {
        "name": "Ávila"
    },
    {
        "name": "Badajoz"
    },
    {
        "name": "Barcelona"
    },
    {
        "name": "Bizkaia"
    },
    {
        "name": "Burgos"
    },
    {
        "name": "Caceres"
    },
    {
        "name": "Cádiz"
    },
    {
        "name": "Canarias"
    },
    {
        "name": "Cantabria"
    },
    {
        "name": "Castellón"
    },
    {
        "name": "Ceuta"
    },
    {
        "name": "Ciudad Real"
    },
    {
        "name": "Córdoba"
    },
    {
        "name": "Cuenca"
    },
    {
        "name": "Gipuzkoa"
    },
    {
        "name": "Girona"
    },
    {
        "name": "Granada"
    },
    {
        "name": "Guadalajara"
    },
    {
        "name": "Huelva"
    },
    {
        "name": "Huesca"
    },
    {
        "name": "Islas Baleares"
    },
    {
        "name": "Jaén"
    },
    {
        "name": "La Rioja"
    },
    {
        "name": "Las Palmas"
    },
    {
        "name": "Léon"
    },
    {
        "name": "Lleida"
    },
    {
        "name": "Lugo"
    },
    {
        "name": "Madrid"
    },
    {
        "name": "Málaga"
    },
    {
        "name": "Melilla"
    },
    {
        "name": "Murcia"
    },
    {
        "name": "Navarra"
    },
    {
        "name": "Ourense"
    },
    {
        "name": "Palencia"
    },
    {
        "name": "Pontevedra"
    },
    {
        "name": "Salamanca"
    },
    {
        "name": "Santa Cruz de Tenerife"
    },
    {
        "name": "Segovia"
    },
    {
        "name": "Sevilla"
    },
    {
        "name": "Soria"
    },
    {
        "name": "Tarragona"
    },
    {
        "name": "Teruel"
    },
    {
        "name": "Toledo"
    },
    {
        "name": "Valencia"
    },
    {
        "name": "Valladolid"
    },
    {
        "name": "Zamora"
    },
    {
        "name": "Zaragoza"
    }
]