[
    {
        "name": "Abidjan"
    },
    {
        "name": "Agnéby"
    },
    {
        "name": "Bafing Region"
    },
    {
        "name": "Bas-Sassandra District"
    },
    {
        "name": "Bas-Sassandra Region"
    },
    {
        "name": "Comoé District"
    },
    {
        "name": "Denguélé District"
    },
    {
        "name": "Denguélé Region"
    },
    {
        "name": "Dix-Huit Montagnes"
    },
    {
        "name": "Fromager"
    },
    {
        "name": "Gôh-Djiboua District"
    },
    {
        "name": "Haut-Sassandra"
    },
    {
        "name": "Lacs District"
    },
    {
        "name": "Lacs Region"
    },
    {
        "name": "Lagunes District"
    },
    {
        "name": "Lagunes region"
    },
    {
        "name": "Marahoué Region"
    },
    {
        "name": "Montagnes District"
    },
    {
        "name": "Moyen-Cavally"
    },
    {
        "name": "Moyen-Comoé"
    },
    {
        "name": "N'zi-Comoé"
    },
    {
        "name": "Sassandra-Marahoué District"
    },
    {
        "name": "Savanes Region"
    },
    {
        "name": "Sud-Bandama"
    },
    {
        "name": "Sud-Comoé"
    },
    {
        "name": "Vallée du Bandama District"
    },
    {
        "name": "Vallée du Bandama Region"
    },
    {
        "name": "Woroba District"
    },
    {
        "name": "Worodougou"
    },
    {
        "name": "Yamoussoukro"
    },
    {
        "name": "Zanzan Region"
    }
]