[
    {
        "name": "Amazonas",
        "cities": [
            "El Encanto",
            "La Chorrera",
            "La Pedrera",
            "La Victoria",
            "Leticia",
            "Miriti - Paraná",
            "Puerto Alegría",
            "Puerto Arica",
            "Puerto Nariño",
            "Puerto Santander",
            "Tarapacá"
        ]
    },
    {
        "name": "Antioquia",
        "cities": [
            "Abejorral",
            "Abriaquí",
            "Alejandría",
            "Amagá",
            "Amalfi",
            "Andes",
            "Angelópolis",
            "Angostura",
            "Anorí",
            "Anza",
            "Apartadó",
            "Arboletes",
            "Argelia",
            "Armenia",
            "Barbosa",
            "Bello",
            "Belmira",
            "Betania",
            "Betulia",
            "Briceño",
            "Buriticá",
            "Cáceres",
            "Caicedo",
            "Caldas",
            "Campamento",
            "Cañasgordas",
            "Caracolí",
            "Caramanta",
            "Carepa",
            "Carolina",
            "Caucasia",
            "Chigorodó",
            "Cisneros",
            "Ciudad Bolívar",
            "Cocorná",
            "Concepción",
            "Concordia",
            "Copacabana",
            "Dabeiba",
            "Donmatías",
            "Ebéjico",
            "El Bagre",
            "El Carmen de Viboral",
            "El Santuario",
            "Entrerrios",
            "Envigado",
            "Fredonia",
            "Frontino",
            "Giraldo",
            "Girardota",
            "Gómez Plata",
            "Granada",
            "Guadalupe",
            "Guarne",
            "Guatapé",
            "Heliconia",
            "Hispania",
            "Itagui",
            "Ituango",
            "Jardín",
            "Jericó",
            "La Ceja",
            "La Estrella",
            "La Pintada",
            "La Unión",
            "Liborina",
            "Maceo",
            "Marinilla",
            "Medellín",
            "Montebello",
            "Murindó",
            "Mutatá",
            "Nariño",
            "Nechí",
            "Necoclí",
            "Olaya",
            "Peñol",
            "Peque",
            "Pueblorrico",
            "Puerto Berrío",
            "Puerto Nare",
            "Puerto Triunfo",
            "Remedios",
            "Retiro",
            "Rionegro",
            "Sabanalarga",
            "Sabaneta",
            "Salgar",
            "San Andrés de Cuerquía",
            "San Carlos",
            "San Francisco",
            "San Jerónimo",
            "San José de la Montaña",
            "San Juan de Urabá",
            "San Luis",
            "San Pedro de los Milagros",
            "San Pedro de Uraba",
            "San Rafael",
            "San Roque",
            "San Vicente Ferrer",
            "Santa Bárbara",
            "Santa Fe de Antioquia",
            "Santa Rosa de Osos",
            "Santo Domingo",
            "Segovia",
            "Sonson",
            "Sopetrán",
            "Támesis",
            "Tarazá",
            "Tarso",
            "Titiribí",
            "Toledo",
            "Turbo",
            "Uramita",
            "Urrao",
            "Valdivia",
            "Valparaíso",
            "Vegachí",
            "Venecia",
            "Vigía del Fuerte",
            "Yalí",
            "Yarumal",
            "Yolombó",
            "Yondó",
            "Zaragoza"
        ]
    },
    {
        "name": "Arauca",
        "cities": [
            "Arauca",
            "Arauquita",
            "Cravo Norte",
            "Fortul",
            "Puerto Rondón",
            "Saravena",
            "Tame"
        ]
    },
    {
        "name": "Archipiélago de San Andrés, Providencia y Santa Catalina",
        "cities": [
            "Providencia",
            "San Andrés"
        ]
    },
    {
        "name": "Atlántico",
        "cities": [
            "Baranoa",
            "Barranquilla",
            "Campo de la Cruz",
            "Candelaria",
            "Galapa",
            "Juan de Acosta",
            "Luruaco",
            "Malambo",
            "Manatí",
            "Palmar de Varela",
            "Piojó",
            "Polonuevo",
            "Ponedera",
            "Puerto Colombia",
            "Repelón",
            "Sabanagrande",
            "Sabanalarga",
            "Santa Lucía",
            "Santo Tomás",
            "Soledad",
            "Suan",
            "Tubará",
            "Usiacurí"
        ]
    },
    {
        "name": "Bogotá D.C.",
        "cities": [
            "Bogotá D.C."
        ]
    },
    {
        "name": "Bolívar",
        "cities": [
            "Achí",
            "Altos del Rosario",
            "Arenal",
            "Arjona",
            "Arroyohondo",
            "Barranco de Loba",
            "Calamar",
            "Cantagallo",
            "Cartagena de Indias",
            "Cicuco",
            "Clemencia",
            "Córdoba",
            "El Carmen de Bolívar",
            "El Guamo",
            "El Peñón",
            "Hatillo de Loba",
            "Magangué",
            "Mahates",
            "Margarita",
            "María la Baja",
            "Mompós",
            "Montecristo",
            "Morales",
            "Norosí",
            "Pinillos",
            "Regidor",
            "Río Viejo",
            "San Cristóbal",
            "San Estanislao",
            "San Fernando",
            "San Jacinto",
            "San Jacinto del Cauca",
            "San Juan Nepomuceno",
            "San Martín de Loba",
            "San Pablo",
            "Santa Catalina",
            "Santa Rosa",
            "Santa Rosa del Sur",
            "Simití",
            "Soplaviento",
            "Talaigua Nuevo",
            "Tiquisio",
            "Turbaco",
            "Turbaná",
            "Villanueva",
            "Zambrano"
        ]
    },
    {
        "name": "Boyacá",
        "cities": [
            "Almeida",
            "Aquitania",
            "Arcabuco",
            "Belén",
            "Berbeo",
            "Betéitiva",
            "Boavita",
            "Boyacá",
            "Briceño",
            "Buenavista",
            "Busbanzá",
            "Caldas",
            "Campohermoso",
            "Cerinza",
            "Chinavita",
            "Chiquinquirá",
            "Chíquiza",
            "Chiscas",
            "Chita",
            "Chitaraque",
            "Chivatá",
            "Chivor",
            "Ciénega",
            "Combita",
            "Coper",
            "Corrales",
            "Covarachía",
            "Cubará",
            "Cucaita",
            "Cuítiva",
            "Duitama",
            "El Cocuy",
            "El Espino",
            "Firavitoba",
            "Floresta",
            "Gachantivá",
            "Gameza",
            "Garagoa",
            "Guacamayas",
            "Guateque",
            "Guayatá",
            "Güicán",
            "Iza",
            "Jenesano",
            "Jericó",
            "La Capilla",
            "La Uvita",
            "La Victoria",
            "Labranzagrande",
            "Macanal",
            "Maripí",
            "Miraflores",
            "Mongua",
            "Monguí",
            "Moniquirá",
            "Motavita",
            "Muzo",
            "Nobsa",
            "Nuevo Colón",
            "Oicatá",
            "Otanche",
            "Pachavita",
            "Páez",
            "Paipa",
            "Pajarito",
            "Panqueba",
            "Pauna",
            "Paya",
            "Paz de Río",
            "Pesca",
            "Pisba",
            "Puerto Boyacá",
            "Quípama",
            "Ramiriquí",
            "Ráquira",
            "Rondón",
            "Saboyá",
            "Sáchica",
            "Samacá",
            "San Eduardo",
            "San José de Pare",
            "San Luis de Gaceno",
            "San Mateo",
            "San Miguel de Sema",
            "San Pablo de Borbur",
            "Santa María",
            "Santa Rosa de Viterbo",
            "Santa Sofía",
            "Santana",
            "Sativanorte",
            "Sativasur",
            "Siachoque",
            "Soatá",
            "Socha",
            "Socotá",
            "Sogamoso",
            "Somondoco",
            "Sora",
            "Soracá",
            "Sotaquirá",
            "Susacón",
            "Sutamarchán",
            "Sutatenza",
            "Tasco",
            "Tenza",
            "Tibaná",
            "Tibasosa",
            "Tinjacá",
            "Tipacoque",
            "Toca",
            "Togüí",
            "Tópaga",
            "Tota",
            "Tunja",
            "Tununguá",
            "Turmequé",
            "Tuta",
            "Tutazá",
            "Umbita",
            "Ventaquemada",
            "Villa de Leyva",
            "Viracachá",
            "Zetaquira"
        ]
    },
    {
        "name": "Caldas",
        "cities": [
            "Aguadas",
            "Anserma",
            "Aranzazu",
            "Belalcázar",
            "Chinchiná",
            "Filadelfia",
            "La Dorada",
            "La Merced",
            "Manizales",
            "Manzanares",
            "Marmato",
            "Marquetalia",
            "Marulanda",
            "Neira",
            "Norcasia",
            "Pácora",
            "Palestina",
            "Pensilvania",
            "Riosucio",
            "Risaralda",
            "Salamina",
            "Samaná",
            "San José",
            "Supía",
            "Victoria",
            "Villamaría",
            "Viterbo"
        ]
    },
    {
        "name": "Caquetá",
        "cities": [
            "Albania",
            "Belén de Los Andaquies",
            "Cartagena del Chairá",
            "Curillo",
            "El Doncello",
            "El Paujil",
            "Florencia",
            "La Montañita",
            "Milán",
            "Morelia",
            "Puerto Rico",
            "San José del Fragua",
            "San Vicente del Caguán",
            "Solano",
            "Solita",
            "Valparaíso"
        ]
    },
    {
        "name": "Casanare",
        "cities": [
            "Aguazul",
            "Chameza",
            "Hato Corozal",
            "La Salina",
            "Maní",
            "Monterrey",
            "Nunchía",
            "Orocué",
            "Paz de Ariporo",
            "Pore",
            "Recetor",
            "Sabanalarga",
            "Sácama",
            "San Luis de Palenque",
            "Támara",
            "Tauramena",
            "Trinidad",
            "Villanueva",
            "Yopal"
        ]
    },
    {
        "name": "Cauca",
        "cities": [
            "Almaguer",
            "Argelia",
            "Balboa",
            "Bolívar",
            "Buenos Aires",
            "Cajibío",
            "Caldono",
            "Caloto",
            "Corinto",
            "El Tambo",
            "Florencia",
            "Guachené",
            "Guapi",
            "Inzá",
            "Jambaló",
            "La Sierra",
            "La Vega",
            "López de Micay",
            "Mercaderes",
            "Miranda",
            "Morales",
            "Padilla",
            "Páez",
            "Patía",
            "Piamonte",
            "Piendamo",
            "Popayán",
            "Puerto Tejada",
            "Puracé",
            "Rosas",
            "San Sebastián",
            "Santa Rosa",
            "Santander de Quilichao",
            "Silvia",
            "Sotará",
            "Suárez",
            "Sucre",
            "Timbío",
            "Timbiquí",
            "Toribio",
            "Totoró",
            "Villa Rica"
        ]
    },
    {
        "name": "Cesar",
        "cities": [
            "Aguachica",
            "Agustín Codazzi",
            "Astrea",
            "Becerril",
            "Bosconia",
            "Chimichagua",
            "Chiriguaná",
            "Curumaní",
            "El Copey",
            "El Paso",
            "Gamarra",
            "González",
            "La Gloria",
            "La Jagua de Ibirico",
            "La Paz",
            "Manaure Balcón del Cesar",
            "Pailitas",
            "Pelaya",
            "Pueblo Bello",
            "Río de Oro",
            "San Alberto",
            "San Diego",
            "San Martín",
            "Tamalameque",
            "Valledupar"
        ]
    },
    {
        "name": "Chocó",
        "cities": [
            "Acandí",
            "Alto Baudó",
            "Atrato",
            "Bagadó",
            "Bahía Solano",
            "Bajo Baudó",
            "Bojayá",
            "Carmen del Darien",
            "Cértegui",
            "Condoto",
            "El Cantón de San Pablo",
            "El Carmen de Atrato",
            "Istmina",
            "Juradó",
            "Litoral del San Juan",
            "Lloró",
            "Medio Atrato",
            "Medio Baudó",
            "Medio San Juan",
            "Nóvita",
            "Nuquí",
            "Quibdó",
            "Río Iro",
            "Río Quito",
            "Riosucio",
            "San José del Palmar",
            "Sipí",
            "Tadó",
            "Unguía",
            "Unión Panamericana"
        ]
    },
    {
        "name": "Córdoba",
        "cities": [
            "Ayapel",
            "Buenavista",
            "Canalete",
            "Cereté",
            "Chimá",
            "Chinú",
            "Ciénaga de Oro",
            "Cotorra",
            "La Apartada",
            "Lorica",
            "Los Córdobas",
            "Momil",
            "Moñitos",
            "Montelíbano",
            "Montería",
            "Planeta Rica",
            "Pueblo Nuevo",
            "Puerto Escondido",
            "Puerto Libertador",
            "Purísima",
            "Sahagún",
            "San Andrés de Sotavento",
            "San Antero",
            "San Bernardo del Viento",
            "San Carlos",
            "San José de Uré",
            "San Pelayo",
            "Tierralta",
            "Tuchín",
            "Valencia"
        ]
    },
    {
        "name": "Cundinamarca",
        "cities": [
            "Agua de Dios",
            "Albán",
            "Anapoima",
            "Anolaima",
            "Apulo",
            "Arbeláez",
            "Beltrán",
            "Bituima",
            "Bogotá D.C.",
            "Bojacá",
            "Cabrera",
            "Cachipay",
            "Cajicá",
            "Caparrapí",
            "Caqueza",
            "Carmen de Carupa",
            "Chaguaní",
            "Chía",
            "Chipaque",
            "Choachí",
            "Chocontá",
            "Cogua",
            "Cota",
            "Cucunubá",
            "El Colegio",
            "El Peñón",
            "El Rosal",
            "Facatativá",
            "Fomeque",
            "Fosca",
            "Funza",
            "Fúquene",
            "Fusagasugá",
            "Gachala",
            "Gachancipá",
            "Gachetá",
            "Gama",
            "Girardot",
            "Granada",
            "Guachetá",
            "Guaduas",
            "Guasca",
            "Guataquí",
            "Guatavita",
            "Guayabal de Siquima",
            "Guayabetal",
            "Gutiérrez",
            "Jerusalén",
            "Junín",
            "La Calera",
            "La Mesa",
            "La Palma",
            "La Peña",
            "La Vega",
            "Lenguazaque",
            "Macheta",
            "Madrid",
            "Manta",
            "Medina",
            "Mosquera",
            "Nariño",
            "Nemocón",
            "Nilo",
            "Nimaima",
            "Nocaima",
            "Pacho",
            "Paime",
            "Pandi",
            "Paratebueno",
            "Pasca",
            "Puerto Salgar",
            "Pulí",
            "Quebradanegra",
            "Quetame",
            "Quipile",
            "Ricaurte",
            "San Antonio del Tequendama",
            "San Bernardo",
            "San Cayetano",
            "San Francisco",
            "San Juan de Río Seco",
            "Sasaima",
            "Sesquilé",
            "Sibaté",
            "Silvania",
            "Simijaca",
            "Soacha",
            "Sopó",
            "Subachoque",
            "Suesca",
            "Supatá",
            "Susa",
            "Sutatausa",
            "Tabio",
            "Tausa",
            "Tena",
            "Tenjo",
            "Tibacuy",
            "Tibirita",
            "Tocaima",
            "Tocancipá",
            "Topaipí",
            "Ubalá",
            "Ubaque",
            "Une",
            "Útica",
            "Venecia",
            "Vergara",
            "Vianí",
            "Villa de San Diego de Ubate",
            "Villagómez",
            "Villapinzón",
            "Villeta",
            "Viotá",
            "Yacopí",
            "Zipacón",
            "Zipaquirá"
        ]
    },
    {
        "name": "Guainía",
        "cities": [
            "Barranco Minas",
            "Cacahual",
            "Inírida",
            "La Guadalupe",
            "Mapiripana",
            "Morichal",
            "Pana Pana",
            "Puerto Colombia",
            "San Felipe"
        ]
    },
    {
        "name": "Guaviare",
        "cities": [
            "Calamar",
            "El Retorno",
            "Miraflores",
            "San José del Guaviare"
        ]
    },
    {
        "name": "Huila",
        "cities": [
            "Acevedo",
            "Aipe",
            "Algeciras",
            "Altamira",
            "Baraya",
            "Campoalegre",
            "Colombia",
            "El Agrado",
            "Elias",
            "Garzón",
            "Gigante",
            "Guadalupe",
            "Hobo",
            "Iquira",
            "Isnos",
            "La Argentina",
            "La Plata",
            "Nataga",
            "Neiva",
            "Oporapa",
            "Paicol",
            "Palermo",
            "Palestina",
            "Pital",
            "Pitalito",
            "Rivera",
            "Saladoblanco",
            "San Agustín",
            "Santa María",
            "Suaza",
            "Tarqui",
            "Tello",
            "Teruel",
            "Tesalia",
            "Timana",
            "Villavieja",
            "Yaguará"
        ]
    },
    {
        "name": "La Guajira",
        "cities": [
            "Albania",
            "Barrancas",
            "Dibulla",
            "Distracción",
            "El Molino",
            "Fonseca",
            "Hatonuevo",
            "La Jagua del Pilar",
            "Maicao",
            "Manaure",
            "Riohacha",
            "San Juan del Cesar",
            "Uribia",
            "Urumita",
            "Villanueva"
        ]
    },
    {
        "name": "Magdalena",
        "cities": [
            "Algarrobo",
            "Aracataca",
            "Ariguaní",
            "Cerro de San Antonio",
            "Chivolo",
            "Ciénaga",
            "Concordia",
            "El Banco",
            "El Piñon",
            "El Retén",
            "Fundación",
            "Guamal",
            "Nueva Granada",
            "Pedraza",
            "Pijiño del Carmen",
            "Pivijay",
            "Plato",
            "Puebloviejo",
            "Remolino",
            "Sabanas de San Angel",
            "Salamina",
            "San Sebastián de Buenavista",
            "San Zenón",
            "Santa Ana",
            "Santa Bárbara de Pinto",
            "Santa Marta",
            "Sitionuevo",
            "Tenerife",
            "Zapayán",
            "Zona Bananera"
        ]
    },
    {
        "name": "Meta",
        "cities": [
            "Acacías",
            "Barranca de Upía",
            "Cabuyaro",
            "Castilla la Nueva",
            "Cubarral",
            "Cumaral",
            "El Calvario",
            "El Castillo",
            "El Dorado",
            "Fuente de Oro",
            "Granada",
            "Guamal",
            "La Macarena",
            "Lejanías",
            "Mapiripán",
            "Mesetas",
            "Puerto Concordia",
            "Puerto Gaitán",
            "Puerto Lleras",
            "Puerto López",
            "Puerto Rico",
            "Restrepo",
            "San Carlos de Guaroa",
            "San Juan de Arama",
            "San Juanito",
            "San Martín",
            "Uribe",
            "Villavicencio",
            "Vistahermosa"
        ]
    },
    {
        "name": "Nariño",
        "cities": [
            "Aldana",
            "Ancuya",
            "Arboleda",
            "Barbacoas",
            "Belén",
            "Buesaco",
            "Chachagüí",
            "Colón",
            "Consaca",
            "Contadero",
            "Córdoba",
            "Cuaspud",
            "Cumbal",
            "Cumbitara",
            "El Charco",
            "El Peñol",
            "El Rosario",
            "El Tablón de Gómez",
            "El Tambo",
            "Francisco Pizarro",
            "Funes",
            "Guachucal",
            "Guaitarilla",
            "Gualmatán",
            "Iles",
            "Imués",
            "Ipiales",
            "La Cruz",
            "La Florida",
            "La Llanada",
            "La Tola",
            "La Unión",
            "Leiva",
            "Linares",
            "Los Andes",
            "Magüí Payán",
            "Mallama",
            "Mosquera",
            "Nariño",
            "Olaya Herrera",
            "Ospina",
            "Pasto",
            "Policarpa",
            "Potosí",
            "Providencia",
            "Puerres",
            "Pupiales",
            "Ricaurte",
            "Roberto Payán",
            "Samaniego",
            "San Bernardo",
            "San José de Albán",
            "San Lorenzo",
            "San Pablo",
            "San Pedro de Cartago",
            "Sandoná",
            "Santa Bárbara",
            "Santacruz",
            "Sapuyes",
            "Taminango",
            "Tangua",
            "Tumaco",
            "Túquerres",
            "Yacuanquer"
        ]
    },
    {
        "name": "Norte de Santander",
        "cities": [
            "Abrego",
            "Arboledas",
            "Bochalema",
            "Bucarasica",
            "Cachirá",
            "Cácota",
            "Chinácota",
            "Chitagá",
            "Convención",
            "Cúcuta",
            "Cucutilla",
            "Durania",
            "El Carmen",
            "El Tarra",
            "El Zulia",
            "Gramalote",
            "Hacarí",
            "Herrán",
            "La Esperanza",
            "La Playa",
            "Labateca",
            "Los Patios",
            "Lourdes",
            "Mutiscua",
            "Ocaña",
            "Pamplona",
            "Pamplonita",
            "Puerto Santander",
            "Ragonvalia",
            "Salazar",
            "San Calixto",
            "San Cayetano",
            "Santiago",
            "Sardinata",
            "Silos",
            "Teorama",
            "Tibú",
            "Toledo",
            "Villa Caro",
            "Villa del Rosario"
        ]
    },
    {
        "name": "Putumayo",
        "cities": [
            "Colón",
            "Mocoa",
            "Orito",
            "Puerto Asís",
            "Puerto Caicedo",
            "Puerto Guzmán",
            "Puerto Leguízamo",
            "San Francisco",
            "San Miguel",
            "Santiago",
            "Sibundoy",
            "Valle del Guamuez",
            "Villagarzón"
        ]
    },
    {
        "name": "Quindío",
        "cities": [
            "Armenia",
            "Buenavista",
            "Calarca",
            "Circasia",
            "Córdoba",
            "Filandia",
            "Génova",
            "La Tebaida",
            "Montenegro",
            "Pijao",
            "Quimbaya",
            "Salento"
        ]
    },
    {
        "name": "Risaralda",
        "cities": [
            "Apía",
            "Balboa",
            "Belén de Umbría",
            "Dosquebradas",
            "Guática",
            "La Celia",
            "La Virginia",
            "Marsella",
            "Mistrató",
            "Pereira",
            "Pueblo Rico",
            "Quinchía",
            "Santa Rosa de Cabal",
            "Santuario"
        ]
    },
    {
        "name": "Santander",
        "cities": [
            "Aguada",
            "Albania",
            "Aratoca",
            "Barbosa",
            "Barichara",
            "Barrancabermeja",
            "Betulia",
            "Bolívar",
            "Bucaramanga",
            "Cabrera",
            "California",
            "Capitanejo",
            "Carcasí",
            "Cepitá",
            "Cerrito",
            "Charalá",
            "Charta",
            "Chima",
            "Chipatá",
            "Cimitarra",
            "Concepción",
            "Confines",
            "Contratación",
            "Coromoro",
            "Curití",
            "El Carmen de Chucurí",
            "El Guacamayo",
            "El Peñón",
            "El Playón",
            "Encino",
            "Enciso",
            "Florián",
            "Floridablanca",
            "Galán",
            "Gambita",
            "Girón",
            "Guaca",
            "Guadalupe",
            "Guapotá",
            "Guavatá",
            "Güepsa",
            "Hato",
            "Jesús María",
            "Jordán",
            "La Belleza",
            "La Paz",
            "Landázuri",
            "Lebrija",
            "Los Santos",
            "Macaravita",
            "Málaga",
            "Matanza",
            "Mogotes",
            "Molagavita",
            "Ocamonte",
            "Oiba",
            "Onzaga",
            "Palmar",
            "Palmas del Socorro",
            "Páramo",
            "Piedecuesta",
            "Pinchote",
            "Puente Nacional",
            "Puerto Parra",
            "Puerto Wilches",
            "Rionegro",
            "Sabana de Torres",
            "San Andrés",
            "San Benito",
            "San Gil",
            "San Joaquín",
            "San José de Miranda",
            "San Miguel",
            "San Vicente de Chucurí",
            "Santa Bárbara",
            "Santa Helena Del Opón",
            "Simacota",
            "Socorro",
            "Suaita",
            "Sucre",
            "Suratá",
            "Tona",
            "Valle de San José",
            "Vélez",
            "Vetas",
            "Villanueva",
            "Zapatoca"
        ]
    },
    {
        "name": "Sucre",
        "cities": [
            "Buenavista",
            "Caimito",
            "Chalán",
            "Coloso",
            "Corozal",
            "Coveñas",
            "El Roble",
            "Galeras",
            "Guaranda",
            "La Unión",
            "Los Palmitos",
            "Majagual",
            "Morroa",
            "Ovejas",
            "Palmito",
            "Sampués",
            "San Benito Abad",
            "San Juan de Betulia",
            "San Luis de Sincé",
            "San Marcos",
            "San Onofre",
            "San Pedro",
            "Santiago de Tolú",
            "Sincelejo",
            "Sucre",
            "Tolú Viejo"
        ]
    },
    {
        "name": "Tolima",
        "cities": [
            "Alpujarra",
            "Alvarado",
            "Ambalema",
            "Anzoátegui",
            "Armero",
            "Ataco",
            "Cajamarca",
            "Carmen de Apicalá",
            "Casabianca",
            "Chaparral",
            "Coello",
            "Coyaima",
            "Cunday",
            "Dolores",
            "Espinal",
            "Falan",
            "Flandes",
            "Fresno",
            "Guamo",
            "Herveo",
            "Honda",
            "Ibagué",
            "Icononzo",
            "Lérida",
            "Líbano",
            "Melgar",
            "Murillo",
            "Natagaima",
            "Ortega",
            "Palocabildo",
            "Piedras",
            "Planadas",
            "Prado",
            "Purificación",
            "Rioblanco",
            "Roncesvalles",
            "Rovira",
            "Saldaña",
            "San Antonio",
            "San Luis",
            "San Sebastián de Mariquita",
            "Santa Isabel",
            "Suárez",
            "Valle de San Juan",
            "Venadillo",
            "Villahermosa",
            "Villarrica"
        ]
    },
    {
        "name": "Valle del Cauca",
        "cities": [
            "Alcalá",
            "Andalucía",
            "Ansermanuevo",
            "Argelia",
            "Bolívar",
            "Buenaventura",
            "Bugalagrande",
            "Caicedonia",
            "Cali",
            "Calima",
            "Candelaria",
            "Cartago",
            "Dagua",
            "El Águila",
            "El Cairo",
            "El Cerrito",
            "El Dovio",
            "Florida",
            "Ginebra",
            "Guacarí",
            "Guadalajara de Buga",
            "Jamundí",
            "La Cumbre",
            "La Unión",
            "La Victoria",
            "Obando",
            "Palmira",
            "Pradera",
            "Restrepo",
            "Riofrío",
            "Roldanillo",
            "San Pedro",
            "Sevilla",
            "Toro",
            "Trujillo",
            "Tuluá",
            "Ulloa",
            "Versalles",
            "Vijes",
            "Yotoco",
            "Yumbo",
            "Zarzal"
        ]
    },
    {
        "name": "Vaupés",
        "cities": [
            "Caruru",
            "Mitú",
            "Pacoa",
            "Papunaua",
            "Taraira",
            "Yavaraté"
        ]
    },
    {
        "name": "Vichada",
        "cities": [
            "Cumaribo",
            "La Primavera",
            "Puerto Carreño",
            "Santa Rosalia"
        ]
    }
]