[
    {
        "name": "Attapeu Province"
    },
    {
        "name": "Bokeo Province"
    },
    {
        "name": "Bolikhamsai Province"
    },
    {
        "name": "Champasak Province"
    },
    {
        "name": "Houaphanh Province"
    },
    {
        "name": "Khammouane Province"
    },
    {
        "name": "Luang Namtha Province"
    },
    {
        "name": "Luang Prabang Province"
    },
    {
        "name": "Oudomxay Province"
    },
    {
        "name": "Phongsaly Province"
    },
    {
        "name": "Sainyabuli Province"
    },
    {
        "name": "Salavan Province"
    },
    {
        "name": "Savannakhet Province"
    },
    {
        "name": "Sekong Province"
    },
    {
        "name": "Vientiane Prefecture"
    },
    {
        "name": "Vientiane Province"
    },
    {
        "name": "Xaisomboun"
    },
    {
        "name": "Xaisomboun Province"
    },
    {
        "name": "Xiangkhouang Province"
    }
]