[
    {
        "name": "Christ Church Nichola Town Parish",
        "cities": [
            "Nicola Town"
        ]
    },
    {
        "name": "Nevis",
        "cities": []
    },
    {
        "name": "Saint Anne Sandy Point Parish",
        "cities": [
            "Sandy Point Town"
        ]
    },
    {
        "name": "Saint George Gingerland Parish",
        "cities": [
            "Market Shop"
        ]
    },
    {
        "name": "Saint James Windward Parish",
        "cities": [
            "Newcastle"
        ]
    },
    {
        "name": "Saint John Capisterre Parish",
        "cities": [
            "Dieppe Bay Town"
        ]
    },
    {
        "name": "Saint John Figtree Parish",
        "cities": [
            "Fig Tree"
        ]
    },
    {
        "name": "Saint Kitts",
        "cities": []
    },
    {
        "name": "Saint Mary Cayon Parish",
        "cities": [
            "Cayon"
        ]
    },
    {
        "name": "Saint Paul Capisterre Parish",
        "cities": [
            "Saint Paul’s"
        ]
    },
    {
        "name": "Saint Paul Charlestown Parish",
        "cities": [
            "Charlestown"
        ]
    },
    {
        "name": "Saint Peter Basseterre Parish",
        "cities": [
            "Monkey Hill"
        ]
    },
    {
        "name": "Saint Thomas Lowland Parish",
        "cities": [
            "Cotton Ground"
        ]
    },
    {
        "name": "Saint Thomas Middle Island Parish",
        "cities": [
            "Middle Island"
        ]
    },
    {
        "name": "Trinity Palmetto Point Parish",
        "cities": [
            "Trinity"
        ]
    }
]