[
    {
        "name": "Christ Church Nichola Town Parish"
    },
    {
        "name": "Nevis"
    },
    {
        "name": "Saint Anne Sandy Point Parish"
    },
    {
        "name": "Saint George Gingerland Parish"
    },
    {
        "name": "Saint James Windward Parish"
    },
    {
        "name": "Saint John Capisterre Parish"
    },
    {
        "name": "Saint John Figtree Parish"
    },
    {
        "name": "Saint Kitts"
    },
    {
        "name": "Saint Mary Cayon Parish"
    },
    {
        "name": "Saint Paul Capisterre Parish"
    },
    {
        "name": "Saint Paul Charlestown Parish"
    },
    {
        "name": "Saint Peter Basseterre Parish"
    },
    {
        "name": "Saint Thomas Lowland Parish"
    },
    {
        "name": "Saint Thomas Middle Island Parish"
    },
    {
        "name": "Trinity Palmetto Point Parish"
    }
]