[
    {
        "name": "Aargau"
    },
    {
        "name": "Appenzell Ausserrhoden"
    },
    {
        "name": "Appenzell Innerrhoden"
    },
    {
        "name": "Basel-Land"
    },
    {
        "name": "Basel-Stadt"
    },
    {
        "name": "Bern"
    },
    {
        "name": "Fribourg"
    },
    {
        "name": "Geneva"
    },
    {
        "name": "Glarus"
    },
    {
        "name": "Graubünden"
    },
    {
        "name": "Jura"
    },
    {
        "name": "Lucerne"
    },
    {
        "name": "Neuchâtel"
    },
    {
        "name": "Nidwalden"
    },
    {
        "name": "Obwalden"
    },
    {
        "name": "Schaffhausen"
    },
    {
        "name": "Schwyz"
    },
    {
        "name": "Solothurn"
    },
    {
        "name": "St. Gallen"
    },
    {
        "name": "Thurgau"
    },
    {
        "name": "Ticino"
    },
    {
        "name": "Uri"
    },
    {
        "name": "Valais"
    },
    {
        "name": "Vaud"
    },
    {
        "name": "Zug"
    },
    {
        "name": "Zürich"
    }
]