[
    {
        "name": "Balzers",
        "cities": [
            "Balzers"
        ]
    },
    {
        "name": "Eschen",
        "cities": [
            "Eschen"
        ]
    },
    {
        "name": "Gamprin",
        "cities": [
            "Gamprin"
        ]
    },
    {
        "name": "Mauren",
        "cities": [
            "Mauren"
        ]
    },
    {
        "name": "Planken",
        "cities": [
            "Planken"
        ]
    },
    {
        "name": "Ruggell",
        "cities": [
            "Ruggell"
        ]
    },
    {
        "name": "Schaan",
        "cities": [
            "Schaan"
        ]
    },
    {
        "name": "Schellenberg",
        "cities": [
            "Schellenberg"
        ]
    },
    {
        "name": "Triesen",
        "cities": [
            "Triesen"
        ]
    },
    {
        "name": "Triesenberg",
        "cities": [
            "Triesenberg"
        ]
    },
    {
        "name": "Vaduz",
        "cities": [
            "Vaduz"
        ]
    }
]