[
    {
        "name": "Aerodrom Municipality"
    },
    {
        "name": "Aračinovo Municipality"
    },
    {
        "name": "Berovo Municipality"
    },
    {
        "name": "Bitola Municipality"
    },
    {
        "name": "Bogdanci Municipality"
    },
    {
        "name": "Bogovinje Municipality"
    },
    {
        "name": "Bosilovo Municipality"
    },
    {
        "name": "Brvenica Municipality"
    },
    {
        "name": "Butel Municipality"
    },
    {
        "name": "Čair Municipality"
    },
    {
        "name": "Čaška Municipality"
    },
    {
        "name": "Centar Municipality"
    },
    {
        "name": "Centar Župa Municipality"
    },
    {
        "name": "Češinovo-Obleševo Municipality"
    },
    {
        "name": "Čučer-Sandevo Municipality"
    },
    {
        "name": "Debarca Municipality"
    },
    {
        "name": "Delčevo Municipality"
    },
    {
        "name": "Demir Hisar Municipality"
    },
    {
        "name": "Demir Kapija Municipality"
    },
    {
        "name": "Dojran Municipality"
    },
    {
        "name": "Dolneni Municipality"
    },
    {
        "name": "Drugovo Municipality"
    },
    {
        "name": "Gazi Baba Municipality"
    },
    {
        "name": "Gevgelija Municipality"
    },
    {
        "name": "Gjorče Petrov Municipality"
    },
    {
        "name": "Gostivar Municipality"
    },
    {
        "name": "Gradsko Municipality"
    },
    {
        "name": "Greater Skopje"
    },
    {
        "name": "Ilinden Municipality"
    },
    {
        "name": "Jegunovce Municipality"
    },
    {
        "name": "Karbinci"
    },
    {
        "name": "Karpoš Municipality"
    },
    {
        "name": "Kavadarci Municipality"
    },
    {
        "name": "Kičevo Municipality"
    },
    {
        "name": "Kisela Voda Municipality"
    },
    {
        "name": "Kočani Municipality"
    },
    {
        "name": "Konče Municipality"
    },
    {
        "name": "Kratovo Municipality"
    },
    {
        "name": "Kriva Palanka Municipality"
    },
    {
        "name": "Krivogaštani Municipality"
    },
    {
        "name": "Kruševo Municipality"
    },
    {
        "name": "Kumanovo Municipality"
    },
    {
        "name": "Lipkovo Municipality"
    },
    {
        "name": "Lozovo Municipality"
    },
    {
        "name": "Makedonska Kamenica Municipality"
    },
    {
        "name": "Makedonski Brod Municipality"
    },
    {
        "name": "Mavrovo and Rostuša Municipality"
    },
    {
        "name": "Mogila Municipality"
    },
    {
        "name": "Negotino Municipality"
    },
    {
        "name": "Novaci Municipality"
    },
    {
        "name": "Novo Selo Municipality"
    },
    {
        "name": "Ohrid Municipality"
    },
    {
        "name": "Oslomej Municipality"
    },
    {
        "name": "Pehčevo Municipality"
    },
    {
        "name": "Petrovec Municipality"
    },
    {
        "name": "Plasnica Municipality"
    },
    {
        "name": "Prilep Municipality"
    },
    {
        "name": "Probištip Municipality"
    },
    {
        "name": "Radoviš Municipality"
    },
    {
        "name": "Rankovce Municipality"
    },
    {
        "name": "Resen Municipality"
    },
    {
        "name": "Rosoman Municipality"
    },
    {
        "name": "Saraj Municipality"
    },
    {
        "name": "Sopište Municipality"
    },
    {
        "name": "Staro Nagoričane Municipality"
    },
    {
        "name": "Štip Municipality"
    },
    {
        "name": "Struga Municipality"
    },
    {
        "name": "Strumica Municipality"
    },
    {
        "name": "Studeničani Municipality"
    },
    {
        "name": "Šuto Orizari Municipality"
    },
    {
        "name": "Sveti Nikole Municipality"
    },
    {
        "name": "Tearce Municipality"
    },
    {
        "name": "Tetovo Municipality"
    },
    {
        "name": "Valandovo Municipality"
    },
    {
        "name": "Vasilevo Municipality"
    },
    {
        "name": "Veles Municipality"
    },
    {
        "name": "Vevčani Municipality"
    },
    {
        "name": "Vinica Municipality"
    },
    {
        "name": "Vraneštica Municipality"
    },
    {
        "name": "Vrapčište Municipality"
    },
    {
        "name": "Zajas Municipality"
    },
    {
        "name": "Zelenikovo Municipality"
    },
    {
        "name": "Želino Municipality"
    },
    {
        "name": "Zrnovci Municipality"
    }
]