[
    {
        "name": "Clarendon Parish"
    },
    {
        "name": "Hanover Parish"
    },
    {
        "name": "Kingston Parish"
    },
    {
        "name": "Manchester Parish"
    },
    {
        "name": "Portland Parish"
    },
    {
        "name": "Saint Andrew"
    },
    {
        "name": "Saint Ann Parish"
    },
    {
        "name": "Saint Catherine Parish"
    },
    {
        "name": "Saint Elizabeth Parish"
    },
    {
        "name": "Saint James Parish"
    },
    {
        "name": "Saint Mary Parish"
    },
    {
        "name": "Saint Thomas Parish"
    },
    {
        "name": "Trelawny Parish"
    },
    {
        "name": "Westmoreland Parish"
    }
]