[
    {
        "name": "Azua Province"
    },
    {
        "name": "Baoruco Province"
    },
    {
        "name": "Barahona Province"
    },
    {
        "name": "Dajabón Province"
    },
    {
        "name": "Distrito Nacional"
    },
    {
        "name": "Duarte Province"
    },
    {
        "name": "El Seibo Province"
    },
    {
        "name": "Espaillat Province"
    },
    {
        "name": "Hato Mayor Province"
    },
    {
        "name": "Hermanas Mirabal Province"
    },
    {
        "name": "Independencia"
    },
    {
        "name": "La Altagracia Province"
    },
    {
        "name": "La Romana Province"
    },
    {
        "name": "La Vega Province"
    },
    {
        "name": "María Trinidad Sánchez Province"
    },
    {
        "name": "Monseñor Nouel Province"
    },
    {
        "name": "Monte Cristi Province"
    },
    {
        "name": "Monte Plata Province"
    },
    {
        "name": "Pedernales Province"
    },
    {
        "name": "Peravia Province"
    },
    {
        "name": "Puerto Plata Province"
    },
    {
        "name": "Samaná Province"
    },
    {
        "name": "San Cristóbal Province"
    },
    {
        "name": "San José de Ocoa Province"
    },
    {
        "name": "San Juan Province"
    },
    {
        "name": "San Pedro de Macorís"
    },
    {
        "name": "Sánchez Ramírez Province"
    },
    {
        "name": "Santiago Province"
    },
    {
        "name": "Santiago Rodríguez Province"
    },
    {
        "name": "Santo Domingo Province"
    },
    {
        "name": "Valverde Province"
    }
]