[
    {
        "name": "Carlow",
        "cities": []
    },
    {
        "name": "Cavan",
        "cities": []
    },
    {
        "name": "Clare",
        "cities": []
    },
    {
        "name": "Connacht",
        "cities": [
            "Athenry",
            "Ballaghaderreen",
            "Ballina",
            "Ballinasloe",
            "Ballinrobe",
            "Ballisodare",
            "Ballyhaunis",
            "Ballymote",
            "Bearna",
            "Belmullet",
            "Boyle",
            "Carrick-on-Shannon",
            "Castlebar",
            "Castlerea",
            "Claregalway",
            "Claremorris",
            "Clifden",
            "Collooney",
            "County Galway",
            "County Leitrim",
            "Crossmolina",
            "Foxford",
            "Gaillimh",
            "Galway City",
            "Gort",
            "Inishcrone",
            "Kiltamagh",
            "Kinlough",
            "Loughrea",
            "Manorhamilton",
            "Mayo County",
            "Moycullen",
            "Oranmore",
            "Oughterard",
            "Portumna",
            "Roscommon",
            "Sligo",
            "Strandhill",
            "Swinford",
            "Tobercurry",
            "Tuam",
            "Westport"
        ]
    },
    {
        "name": "Cork",
        "cities": []
    },
    {
        "name": "Donegal",
        "cities": []
    },
    {
        "name": "Dublin",
        "cities": []
    },
    {
        "name": "Galway",
        "cities": []
    },
    {
        "name": "Kerry",
        "cities": []
    },
    {
        "name": "Kildare",
        "cities": []
    },
    {
        "name": "Kilkenny",
        "cities": []
    },
    {
        "name": "Laois",
        "cities": []
    },
    {
        "name": "Leinster",
        "cities": [
            "Abbeyleix",
            "An Iarmhí",
            "An Longfort",
            "An Mhí",
            "An Muileann gCearr",
            "An Ros",
            "Ardee",
            "Arklow",
            "Artane",
            "Ashbourne",
            "Ashford",
            "Athboy",
            "Athgarvan",
            "Athlone",
            "Athy",
            "Aughrim",
            "Bagenalstown",
            "Balally",
            "Balbriggan",
            "Baldoyle",
            "Ballinroad",
            "Ballinteer",
            "Ballivor",
            "Ballyboden",
            "Ballyfermot",
            "Ballygerry",
            "Ballylinan",
            "Ballymahon",
            "Ballymun",
            "Ballyragget",
            "Balrothery",
            "Baltinglass",
            "Banagher",
            "Bayside",
            "Beaumont",
            "Birr",
            "Blackrock",
            "Blanchardstown",
            "Blessington",
            "Bonnybrook",
            "Booterstown",
            "Bray",
            "Bunclody",
            "Cabinteely",
            "Cabra",
            "Callan",
            "Carlingford",
            "Carlow",
            "Carnew",
            "Castlebellingham",
            "Castlebridge",
            "Castlecomer",
            "Castledermot",
            "Castleknock",
            "Castlepollard",
            "Castletown",
            "Celbridge",
            "Chapelizod",
            "Charlesland",
            "Cherry Orchard",
            "Cherryville",
            "Clane",
            "Clara",
            "Clogherhead",
            "Clondalkin",
            "Clonskeagh",
            "Confey",
            "Coolock",
            "County Carlow",
            "Courtown",
            "Crumlin",
            "Daingean",
            "Dalkey",
            "Darndale",
            "Derrinturn",
            "Dollymount",
            "Donabate",
            "Donaghmede",
            "Donnybrook",
            "Donnycarney",
            "Drogheda",
            "Droichead Nua",
            "Dromiskin",
            "Drumcondra",
            "Dublin",
            "Dublin City",
            "Duleek",
            "Dún Laoghaire",
            "Dún Laoghaire-Rathdown",
            "Dunboyne",
            "Dundalk",
            "Dundrum",
            "Dunleer",
            "Dunshaughlin",
            "Eadestown",
            "Edenderry",
            "Edgeworthstown",
            "Enfield",
            "Enniscorthy",
            "Enniskerry",
            "Fairview",
            "Ferbane",
            "Ferns",
            "Fingal County",
            "Finglas",
            "Firhouse",
            "Foxrock",
            "Glasnevin",
            "Gorey",
            "Graiguenamanagh",
            "Granard",
            "Greenhills",
            "Greystones",
            "Hartstown",
            "Howth",
            "Jobstown",
            "Johnstown",
            "Kells",
            "Kentstown",
            "Kilbeggan",
            "Kilcock",
            "Kilcoole",
            "Kilcullen",
            "Kildare",
            "Kilkenny",
            "Kill",
            "Killester",
            "Kilmacanoge",
            "Kilpedder",
            "Kilquade",
            "Kinnegad",
            "Kinsealy-Drinan",
            "Knocklyon",
            "Lanesborough",
            "Laois",
            "Laytown",
            "Leixlip",
            "Little Bray",
            "Loch Garman",
            "Longford",
            "Longwood",
            "Loughlinstown",
            "Lú",
            "Lucan",
            "Lusk",
            "Malahide",
            "Marino",
            "Maynooth",
            "Milltown",
            "Moate",
            "Monasterevin",
            "Monkstown",
            "Mooncoin",
            "Moone",
            "Mount Merrion",
            "Mountmellick",
            "Mountrath",
            "Naas",
            "Navan",
            "New Ross",
            "Newcastle",
            "Newtown Trim",
            "Newtownmountkennedy",
            "Old Kilcullen",
            "Oldbawn",
            "Oldcastle",
            "Palmerstown",
            "Piltown",
            "Portarlington",
            "Portlaoise",
            "Portmarnock",
            "Portraine",
            "Prosperous",
            "Raheny",
            "Rathangan",
            "Rathcoole",
            "Rathdowney",
            "Rathdrum",
            "Rathgar",
            "Rathmines",
            "Rathnew",
            "Rathwire",
            "Ratoath",
            "Rialto",
            "Ringsend",
            "Rochfortbridge",
            "Rosslare",
            "Saggart",
            "Sallins",
            "Sallynoggin",
            "Sandyford",
            "Sandymount",
            "Shankill",
            "Skerries",
            "Slane",
            "South Dublin",
            "Stamullin",
            "Stradbally",
            "Sutton",
            "Swords",
            "Tallaght",
            "Templeogue",
            "Terenure",
            "Termonfeckin",
            "Thomastown",
            "Trim",
            "Tullamore",
            "Tullow",
            "Tullyallen",
            "Uíbh Fhailí",
            "Valleymount",
            "Wicklow"
        ]
    },
    {
        "name": "Limerick",
        "cities": []
    },
    {
        "name": "Longford",
        "cities": []
    },
    {
        "name": "Louth",
        "cities": []
    },
    {
        "name": "Mayo",
        "cities": []
    },
    {
        "name": "Meath",
        "cities": []
    },
    {
        "name": "Monaghan",
        "cities": []
    },
    {
        "name": "Munster",
        "cities": [
            "Abbeyfeale",
            "Adare",
            "Aghada",
            "An Clár",
            "Annacotty",
            "Ardnacrusha",
            "Askeaton",
            "Ballina",
            "Ballybunnion",
            "Bandon",
            "Bantry",
            "Blarney",
            "Caherconlish",
            "Cahersiveen",
            "Cahir",
            "Carrick-on-Suir",
            "Carrigaline",
            "Carrigtwohill",
            "Cashel",
            "Castleconnell",
            "Castleisland",
            "Castlemartyr",
            "Ciarraí",
            "Cill Airne",
            "Clonakilty",
            "Cloyne",
            "Cluain Meala",
            "Cobh",
            "Cork",
            "Cork City",
            "County Cork",
            "County Tipperary",
            "Croom",
            "Crosshaven",
            "Derry",
            "Dingle",
            "Dungarvan",
            "Dunmanway",
            "Dunmore East",
            "Ennis",
            "Fermoy",
            "Fethard",
            "Kanturk",
            "Kenmare",
            "Killaloe",
            "Killorglin",
            "Killumney",
            "Kilmallock",
            "Kilrush",
            "Kinsale",
            "Listowel",
            "Luimneach",
            "Macroom",
            "Mallow",
            "Midleton",
            "Millstreet",
            "Mitchelstown",
            "Moroe",
            "Moyross",
            "Nenagh",
            "Nenagh Bridge",
            "Newcastle West",
            "Newmarket on Fergus",
            "Newport",
            "Passage West",
            "Portlaw",
            "Ráth Luirc",
            "Rathcormac",
            "Rathkeale",
            "Roscrea",
            "Shannon",
            "Sixmilebridge",
            "Skibbereen",
            "Templemore",
            "Thurles",
            "Tipperary",
            "Tower",
            "Trá Mhór",
            "Tralee",
            "Waterford",
            "Watergrasshill",
            "Whitegate",
            "Youghal"
        ]
    },
    {
        "name": "Offaly",
        "cities": []
    },
    {
        "name": "Roscommon",
        "cities": []
    },
    {
        "name": "Sligo",
        "cities": []
    },
    {
        "name": "Tipperary",
        "cities": []
    },
    {
        "name": "Ulster",
        "cities": [
            "An Cabhán",
            "Bailieborough",
            "Ballybofey",
            "Ballyconnell",
            "Ballyjamesduff",
            "Ballyshannon",
            "Belturbet",
            "Buncrana",
            "Bundoran",
            "Carndonagh",
            "Carrickmacross",
            "Castleblayney",
            "Cavan",
            "Clones",
            "Convoy",
            "Cootehill",
            "County Donegal",
            "County Monaghan",
            "Derrybeg",
            "Donegal",
            "Dungloe",
            "Dunlewy",
            "Gweedore",
            "Killybegs",
            "Kingscourt",
            "Leifear",
            "Letterkenny",
            "Monaghan",
            "Moville",
            "Muff",
            "Mullagh",
            "Newtown Cunningham",
            "Ramelton",
            "Raphoe",
            "Virginia"
        ]
    },
    {
        "name": "Waterford",
        "cities": []
    },
    {
        "name": "Westmeath",
        "cities": []
    },
    {
        "name": "Wexford",
        "cities": []
    },
    {
        "name": "Wicklow",
        "cities": []
    }
]