[
    {
        "name": "Carlow"
    },
    {
        "name": "Cavan"
    },
    {
        "name": "Clare"
    },
    {
        "name": "Connacht"
    },
    {
        "name": "Cork"
    },
    {
        "name": "Donegal"
    },
    {
        "name": "Dublin"
    },
    {
        "name": "Galway"
    },
    {
        "name": "Kerry"
    },
    {
        "name": "Kildare"
    },
    {
        "name": "Kilkenny"
    },
    {
        "name": "Laois"
    },
    {
        "name": "Leinster"
    },
    {
        "name": "Limerick"
    },
    {
        "name": "Longford"
    },
    {
        "name": "Louth"
    },
    {
        "name": "Mayo"
    },
    {
        "name": "Meath"
    },
    {
        "name": "Monaghan"
    },
    {
        "name": "Munster"
    },
    {
        "name": "Offaly"
    },
    {
        "name": "Roscommon"
    },
    {
        "name": "Sligo"
    },
    {
        "name": "Tipperary"
    },
    {
        "name": "Ulster"
    },
    {
        "name": "Waterford"
    },
    {
        "name": "Westmeath"
    },
    {
        "name": "Wexford"
    },
    {
        "name": "Wicklow"
    }
]