[
    {
        "name": "Blagoevgrad Province",
        "cities": [
            "Bansko",
            "Belitsa",
            "Blagoevgrad",
            "Garmen",
            "Gotse Delchev",
            "Hadzhidimovo",
            "Kolarovo",
            "Kresna",
            "Obshtina Bansko",
            "Obshtina Belitsa",
            "Obshtina Blagoevgrad",
            "Obshtina Garmen",
            "Obshtina Gotse Delchev",
            "Obshtina Kresna",
            "Obshtina Petrich",
            "Obshtina Razlog",
            "Obshtina Sandanski",
            "Obshtina Satovcha",
            "Obshtina Simitli",
            "Obshtina Strumyani",
            "Obshtina Yakoruda",
            "Petrich",
            "Razlog",
            "Sandanski",
            "Satovcha",
            "Simitli",
            "Stara Kresna",
            "Strumyani",
            "Yakoruda"
        ]
    },
    {
        "name": "Burgas Province",
        "cities": [
            "Aheloy",
            "Ahtopol",
            "Aytos",
            "Bata",
            "Burgas",
            "Chernomorets",
            "Kameno",
            "Karnobat",
            "Kiten",
            "Malko Tarnovo",
            "Nesebar",
            "Obshtina Aytos",
            "Obshtina Burgas",
            "Obshtina Kameno",
            "Obshtina Karnobat",
            "Obshtina Malko Tarnovo",
            "Obshtina Nesebar",
            "Obshtina Pomorie",
            "Obshtina Primorsko",
            "Obshtina Sozopol",
            "Obshtina Sungurlare",
            "Obzor",
            "Pomorie",
            "Primorsko",
            "Ravda",
            "Ruen",
            "Sarafovo",
            "Sozopol",
            "Sredets",
            "Sungurlare",
            "Sveti Vlas",
            "Tsarevo"
        ]
    },
    {
        "name": "Dobrich Province",
        "cities": [
            "Balchik",
            "Dobrich",
            "General Toshevo",
            "Kavarna",
            "Krushari",
            "Obshtina Balchik",
            "Obshtina Dobrich",
            "Obshtina Dobrich-Selska",
            "Obshtina General Toshevo",
            "Obshtina Kavarna",
            "Obshtina Krushari",
            "Obshtina Shabla",
            "Obshtina Tervel",
            "Shabla",
            "Tervel"
        ]
    },
    {
        "name": "Gabrovo Province",
        "cities": [
            "Dryanovo",
            "Gabrovo",
            "Obshtina Dryanovo",
            "Obshtina Gabrovo",
            "Obshtina Sevlievo",
            "Obshtina Tryavna",
            "Sevlievo",
            "Tryavna"
        ]
    },
    {
        "name": "Haskovo Province",
        "cities": [
            "Dimitrovgrad",
            "Harmanli",
            "Haskovo",
            "Ivaylovgrad",
            "Lyubimets",
            "Madzharovo",
            "Mineralni Bani",
            "Obshtina Dimitrovgrad",
            "Obshtina Harmanli",
            "Obshtina Haskovo",
            "Obshtina Ivaylovgrad",
            "Obshtina Madzharovo",
            "Obshtina Mineralni Bani",
            "Obshtina Stambolovo",
            "Obshtina Svilengrad",
            "Obshtina Topolovgrad",
            "Simeonovgrad",
            "Svilengrad",
            "Topolovgrad"
        ]
    },
    {
        "name": "Kardzhali Province",
        "cities": [
            "Ardino",
            "Dzhebel",
            "Kardzhali",
            "Kirkovo",
            "Krumovgrad",
            "Obshtina Ardino",
            "Obshtina Chernoochene",
            "Obshtina Dzhebel",
            "Obshtina Kardzhali",
            "Obshtina Kirkovo",
            "Obshtina Momchilgrad"
        ]
    },
    {
        "name": "Kyustendil Province",
        "cities": [
            "Boboshevo",
            "Bobov Dol",
            "Dupnitsa",
            "Kocherinovo",
            "Kyustendil",
            "Nevestino",
            "Obshtina Boboshevo",
            "Obshtina Bobov Dol",
            "Obshtina Dupnitsa",
            "Obshtina Kocherinovo",
            "Obshtina Kyustendil",
            "Obshtina Nevestino",
            "Obshtina Rila",
            "Obshtina Sapareva Banya",
            "Obshtina Treklyano",
            "Rila",
            "Sapareva Banya"
        ]
    },
    {
        "name": "Lovech Province",
        "cities": [
            "Apriltsi",
            "Letnitsa",
            "Lovech",
            "Lukovit",
            "Obshtina Lovech",
            "Obshtina Teteven",
            "Obshtina Ugarchin",
            "Teteven",
            "Troyan",
            "Ugarchin",
            "Yablanitsa"
        ]
    },
    {
        "name": "Montana Province",
        "cities": [
            "Berkovitsa",
            "Boychinovtsi",
            "Brusartsi",
            "Chiprovtsi",
            "Lom",
            "Medkovets",
            "Montana",
            "Obshtina Boychinovtsi",
            "Obshtina Chiprovtsi",
            "Obshtina Georgi Damyanovo",
            "Obshtina Lom",
            "Obshtina Montana",
            "Obshtina Valchedram",
            "Obshtina Varshets",
            "Obshtina Yakimovo",
            "Valchedram",
            "Varshets",
            "Yakimovo"
        ]
    },
    {
        "name": "Pazardzhik Province",
        "cities": [
            "Batak",
            "Belovo",
            "Bratsigovo",
            "Lesichovo",
            "Obshtina Batak",
            "Obshtina Belovo",
            "Obshtina Bratsigovo",
            "Obshtina Lesichovo",
            "Obshtina Panagyurishte",
            "Obshtina Pazardzhik",
            "Obshtina Peshtera",
            "Obshtina Rakitovo",
            "Obshtina Septemvri",
            "Obshtina Strelcha",
            "Obshtina Velingrad",
            "Panagyurishte",
            "Pazardzhik",
            "Peshtera",
            "Rakitovo",
            "Sarnitsa",
            "Sarnitsa Obshtina",
            "Septemvri",
            "Strelcha",
            "Velingrad"
        ]
    },
    {
        "name": "Pernik Province",
        "cities": [
            "Batanovtsi",
            "Breznik",
            "Obshtina Kovachevtsi",
            "Obshtina Pernik",
            "Obshtina Radomir",
            "Obshtina Zemen",
            "Pernik",
            "Radomir",
            "Tran",
            "Zemen"
        ]
    },
    {
        "name": "Pleven Province",
        "cities": [
            "Belene",
            "Cherven Bryag",
            "Dolna Mitropolia",
            "Dolni Dabnik",
            "Gulyantsi",
            "Iskar",
            "Knezha",
            "Koynare",
            "Levski",
            "Nikopol",
            "Obshtina Belene",
            "Obshtina Cherven Bryag",
            "Obshtina Dolna Mitropolia",
            "Obshtina Dolni Dabnik",
            "Obshtina Gulyantsi",
            "Obshtina Iskar",
            "Obshtina Knezha",
            "Obshtina Levski",
            "Obshtina Nikopol",
            "Obshtina Pleven",
            "Obshtina Pordim",
            "Pleven",
            "Pordim",
            "Slavyanovo"
        ]
    },
    {
        "name": "Plovdiv Province",
        "cities": [
            "Asenovgrad",
            "Brezovo",
            "Hisarya",
            "Kalofer",
            "Kaloyanovo",
            "Karlovo",
            "Klisura",
            "Krichim",
            "Laki",
            "Obshtina Asenovgrad",
            "Obshtina Hisarya",
            "Obshtina Kaloyanovo",
            "Obshtina Karlovo",
            "Obshtina Krichim",
            "Obshtina Kuklen",
            "Obshtina Laki",
            "Obshtina Maritsa",
            "Obshtina Parvomay",
            "Obshtina Perushtitsa",
            "Obshtina Plovdiv",
            "Obshtina Rakovski",
            "Obshtina Rodopi",
            "Obshtina Sadovo",
            "Obshtina Saedinenie",
            "Obshtina Sopot",
            "Obshtina Stamboliyski",
            "Parvomay",
            "Perushtitsa",
            "Plovdiv",
            "Rakovski",
            "Sadovo",
            "Saedinenie",
            "Stamboliyski",
            "Topolovo"
        ]
    },
    {
        "name": "Razgrad Province",
        "cities": [
            "Isperih",
            "Kubrat",
            "Loznitsa",
            "Medovene",
            "Obshtina Isperih",
            "Obshtina Kubrat",
            "Obshtina Loznitsa",
            "Obshtina Razgrad",
            "Obshtina Samuil",
            "Obshtina Tsar Kaloyan",
            "Obshtina Zavet",
            "Razgrad",
            "Samuil",
            "Tsar Kaloyan",
            "Zavet"
        ]
    },
    {
        "name": "Ruse Province",
        "cities": [
            "Borovo",
            "Dve Mogili",
            "Ivanovo",
            "Obshtina Borovo",
            "Obshtina Byala",
            "Obshtina Dve Mogili",
            "Obshtina Ivanovo",
            "Obshtina Ruse",
            "Obshtina Slivo Pole",
            "Obshtina Tsenovo",
            "Obshtina Vetovo",
            "Ruse",
            "Senovo",
            "Slivo Pole",
            "Tsenovo",
            "Vetovo"
        ]
    },
    {
        "name": "Shumen",
        "cities": [
            "Shumen"
        ]
    },
    {
        "name": "Silistra Province",
        "cities": [
            "Alfatar",
            "Dulovo",
            "Glavinitsa",
            "Kaynardzha",
            "Obshtina Alfatar",
            "Obshtina Dulovo",
            "Obshtina Glavinitsa",
            "Obshtina Kaynardzha",
            "Obshtina Silistra",
            "Obshtina Sitovo",
            "Obshtina Tutrakan",
            "Silistra",
            "Sitovo",
            "Tutrakan"
        ]
    },
    {
        "name": "Sliven Province",
        "cities": [
            "Kermen",
            "Kotel",
            "Nova Zagora",
            "Obshtina Kotel",
            "Obshtina Nova Zagora",
            "Obshtina Sliven",
            "Obshtina Tvarditsa",
            "Sliven",
            "Tvarditsa"
        ]
    },
    {
        "name": "Smolyan Province",
        "cities": [
            "Banite",
            "Borino",
            "Chepelare",
            "Devin",
            "Dospat",
            "Gyovren",
            "Madan",
            "Nedelino",
            "Obshtina Banite",
            "Obshtina Borino",
            "Obshtina Chepelare",
            "Obshtina Devin",
            "Obshtina Dospat",
            "Obshtina Madan",
            "Obshtina Nedelino",
            "Obshtina Rudozem",
            "Obshtina Smolyan",
            "Obshtina Zlatograd",
            "Rudozem",
            "Smolyan",
            "Zlatograd"
        ]
    },
    {
        "name": "Sofia City Province",
        "cities": [
            "Buhovo",
            "Sofia",
            "Stolichna Obshtina"
        ]
    },
    {
        "name": "Sofia Province",
        "cities": [
            "Anton",
            "Botevgrad",
            "Bozhurishte",
            "Chavdar",
            "Chelopech",
            "Dolna Banya",
            "Dragoman",
            "Elin Pelin",
            "Etropole",
            "Godech",
            "Gorna Malina",
            "Ihtiman",
            "Koprivshtitsa",
            "Kostinbrod",
            "Lakatnik",
            "Mirkovo",
            "Obshtina Anton",
            "Obshtina Botevgrad",
            "Obshtina Bozhurishte",
            "Obshtina Chavdar",
            "Obshtina Chelopech",
            "Obshtina Dolna Banya",
            "Obshtina Dragoman",
            "Obshtina Elin Pelin",
            "Obshtina Etropole",
            "Obshtina Gorna Malina",
            "Obshtina Koprivshtitsa",
            "Obshtina Kostenets",
            "Obshtina Kostinbrod",
            "Obshtina Mirkovo",
            "Obshtina Pirdop",
            "Obshtina Pravets",
            "Obshtina Samokov",
            "Obshtina Slivnitsa",
            "Obshtina Svoge",
            "Obshtina Zlatitsa",
            "Pirdop",
            "Pravets",
            "Samokov",
            "Slivnitsa",
            "Svoge",
            "Zlatitsa"
        ]
    },
    {
        "name": "Stara Zagora Province",
        "cities": [
            "Asen",
            "Chirpan",
            "Gŭlŭbovo",
            "Gurkovo",
            "Kazanlak",
            "Maglizh",
            "Nikolaevo",
            "Obshtina Bratya Daskalovi",
            "Obshtina Chirpan",
            "Obshtina Galabovo",
            "Obshtina Gurkovo",
            "Obshtina Kazanlŭk",
            "Obshtina Maglizh",
            "Obshtina Nikolaevo",
            "Obshtina Opan",
            "Obshtina Pavel Banya",
            "Obshtina Radnevo",
            "Obshtina Stara Zagora",
            "Pavel Banya",
            "Radnevo",
            "Shipka",
            "Stara Zagora"
        ]
    },
    {
        "name": "Targovishte Province",
        "cities": [
            "Antonovo",
            "Obshtina Antonovo",
            "Obshtina Omurtag",
            "Obshtina Opaka",
            "Obshtina Popovo",
            "Obshtina Targovishte",
            "Omurtag",
            "Opaka",
            "Popovo",
            "Targovishte"
        ]
    },
    {
        "name": "Varna Province",
        "cities": [
            "Aksakovo",
            "Asparuhovo",
            "Balgarevo",
            "Beloslav",
            "Byala",
            "Dalgopol",
            "Devnya",
            "Dolni Chiflik",
            "Kiten",
            "Obshtina Aksakovo",
            "Obshtina Avren",
            "Obshtina Beloslav",
            "Obshtina Byala",
            "Obshtina Dalgopol",
            "Obshtina Devnya",
            "Obshtina Dolni Chiflik",
            "Obshtina Provadia",
            "Obshtina Suvorovo",
            "Obshtina Valchidol",
            "Obshtina Varna",
            "Obshtina Vetrino",
            "Provadia",
            "Suvorovo",
            "Valchidol",
            "Varna",
            "Vetrino",
            "Zlatni Pyasatsi"
        ]
    },
    {
        "name": "Veliko Tarnovo Province",
        "cities": [
            "Byala Cherkva",
            "Debelets",
            "Elena",
            "Gorna Oryahovitsa",
            "Kilifarevo",
            "Lyaskovets",
            "Obshtina Elena",
            "Obshtina Gorna Oryahovitsa",
            "Obshtina Lyaskovets",
            "Obshtina Pavlikeni",
            "Obshtina Polski Trambesh",
            "Obshtina Strazhitsa",
            "Obshtina Suhindol",
            "Obshtina Svishtov",
            "Obshtina Veliko Tŭrnovo",
            "Obshtina Zlataritsa",
            "Parvomaytsi",
            "Pavlikeni",
            "Polski Trambesh",
            "Strazhitsa",
            "Suhindol",
            "Svishtov",
            "Veliko Tŭrnovo",
            "Zlataritsa"
        ]
    },
    {
        "name": "Vidin Province",
        "cities": [
            "Belogradchik",
            "Boynitsa",
            "Bregovo",
            "Chuprene",
            "Dimovo",
            "Drenovets",
            "Dunavtsi",
            "Gramada",
            "Kula",
            "Makresh",
            "Novo Selo",
            "Obshtina Belogradchik",
            "Obshtina Boynitsa",
            "Obshtina Dimovo",
            "Obshtina Gramada",
            "Obshtina Kula",
            "Obshtina Ruzhintsi",
            "Obshtina Vidin",
            "Ruzhintsi",
            "Vidin"
        ]
    },
    {
        "name": "Vratsa Province",
        "cities": [
            "Borovan",
            "Byala Slatina",
            "Hayredin",
            "Kozloduy",
            "Krivodol",
            "Mezdra",
            "Mizia",
            "Obshtina Borovan",
            "Obshtina Hayredin",
            "Obshtina Kozloduy",
            "Obshtina Krivodol",
            "Obshtina Mezdra",
            "Obshtina Mizia",
            "Obshtina Oryahovo",
            "Obshtina Roman",
            "Obshtina Vratsa",
            "Oryahovo",
            "Roman",
            "Vratsa"
        ]
    },
    {
        "name": "Yambol Province",
        "cities": [
            "Bolyarovo",
            "Elhovo",
            "Obshtina Bolyarovo",
            "Obshtina Elhovo",
            "Obshtina Straldzha",
            "Obshtina Tundzha",
            "Obshtina Yambol",
            "Straldzha",
            "Yambol"
        ]
    }
]