[
    {
        "name": "Blagoevgrad Province"
    },
    {
        "name": "Burgas Province"
    },
    {
        "name": "Dobrich Province"
    },
    {
        "name": "Gabrovo Province"
    },
    {
        "name": "Haskovo Province"
    },
    {
        "name": "Kardzhali Province"
    },
    {
        "name": "Kyustendil Province"
    },
    {
        "name": "Lovech Province"
    },
    {
        "name": "Montana Province"
    },
    {
        "name": "Pazardzhik Province"
    },
    {
        "name": "Pernik Province"
    },
    {
        "name": "Pleven Province"
    },
    {
        "name": "Plovdiv Province"
    },
    {
        "name": "Razgrad Province"
    },
    {
        "name": "Ruse Province"
    },
    {
        "name": "Shumen"
    },
    {
        "name": "Silistra Province"
    },
    {
        "name": "Sliven Province"
    },
    {
        "name": "Smolyan Province"
    },
    {
        "name": "Sofia City Province"
    },
    {
        "name": "Sofia Province"
    },
    {
        "name": "Stara Zagora Province"
    },
    {
        "name": "Targovishte Province"
    },
    {
        "name": "Varna Province"
    },
    {
        "name": "Veliko Tarnovo Province"
    },
    {
        "name": "Vidin Province"
    },
    {
        "name": "Vratsa Province"
    },
    {
        "name": "Yambol Province"
    }
]