[
    {
        "name": "Aichi Prefecture"
    },
    {
        "name": "Akita Prefecture"
    },
    {
        "name": "Aomori Prefecture"
    },
    {
        "name": "Chiba Prefecture"
    },
    {
        "name": "Ehime Prefecture"
    },
    {
        "name": "Fukui Prefecture"
    },
    {
        "name": "Fukuoka Prefecture"
    },
    {
        "name": "Fukushima Prefecture"
    },
    {
        "name": "Gifu Prefecture"
    },
    {
        "name": "Gunma Prefecture"
    },
    {
        "name": "Hiroshima Prefecture"
    },
    {
        "name": "Hokkaidō Prefecture"
    },
    {
        "name": "Hyōgo Prefecture"
    },
    {
        "name": "Ibaraki Prefecture"
    },
    {
        "name": "Ishikawa Prefecture"
    },
    {
        "name": "Iwate Prefecture"
    },
    {
        "name": "Kagawa Prefecture"
    },
    {
        "name": "Kagoshima Prefecture"
    },
    {
        "name": "Kanagawa Prefecture"
    },
    {
        "name": "Kōchi Prefecture"
    },
    {
        "name": "Kumamoto Prefecture"
    },
    {
        "name": "Kyōto Prefecture"
    },
    {
        "name": "Mie Prefecture"
    },
    {
        "name": "Miyagi Prefecture"
    },
    {
        "name": "Miyazaki Prefecture"
    },
    {
        "name": "Nagano Prefecture"
    },
    {
        "name": "Nagasaki Prefecture"
    },
    {
        "name": "Nara Prefecture"
    },
    {
        "name": "Niigata Prefecture"
    },
    {
        "name": "Ōita Prefecture"
    },
    {
        "name": "Okayama Prefecture"
    },
    {
        "name": "Okinawa Prefecture"
    },
    {
        "name": "Ōsaka Prefecture"
    },
    {
        "name": "Saga Prefecture"
    },
    {
        "name": "Saitama Prefecture"
    },
    {
        "name": "Shiga Prefecture"
    },
    {
        "name": "Shimane Prefecture"
    },
    {
        "name": "Shizuoka Prefecture"
    },
    {
        "name": "Tochigi Prefecture"
    },
    {
        "name": "Tokushima Prefecture"
    },
    {
        "name": "Tokyo"
    },
    {
        "name": "Tottori Prefecture"
    },
    {
        "name": "Toyama Prefecture"
    },
    {
        "name": "Wakayama Prefecture"
    },
    {
        "name": "Yamagata Prefecture"
    },
    {
        "name": "Yamaguchi Prefecture"
    },
    {
        "name": "Yamanashi Prefecture"
    }
]