[
    {
        "name": "Al Anbar"
    },
    {
        "name": "Al Muthanna"
    },
    {
        "name": "Al-Qādisiyyah"
    },
    {
        "name": "Babylon"
    },
    {
        "name": "Baghdad"
    },
    {
        "name": "Basra"
    },
    {
        "name": "Dhi Qar"
    },
    {
        "name": "Diyala"
    },
    {
        "name": "Dohuk"
    },
    {
        "name": "Erbil"
    },
    {
        "name": "Karbala"
    },
    {
        "name": "Kirkuk"
    },
    {
        "name": "Maysan"
    },
    {
        "name": "Najaf"
    },
    {
        "name": "Nineveh"
    },
    {
        "name": "Saladin"
    },
    {
        "name": "Sulaymaniyah"
    },
    {
        "name": "Wasit"
    }
]