[
    {
        "name": "Bács-Kiskun",
        "cities": [
            "Ágasegyháza",
            "Akasztó",
            "Apostag",
            "Bácsalmás",
            "Bácsalmási Járás",
            "Bácsbokod",
            "Baja",
            "Bajai Járás",
            "Ballószög",
            "Bátya",
            "Bugac",
            "Császártöltés",
            "Csávoly",
            "Csengőd",
            "Dávod",
            "Dunapataj",
            "Dunavecse",
            "Dusnok",
            "Érsekcsanád",
            "Felsőszentiván",
            "Fülöpjakab",
            "Fülöpszállás",
            "Gara",
            "Hajós",
            "Harta",
            "Helvécia",
            "Hercegszántó",
            "Izsák",
            "Jánoshalma",
            "Jánoshalmai Járás",
            "Jászszentlászló",
            "Kalocsa",
            "Kalocsai Járás",
            "Katymár",
            "Kecel",
            "Kecskemét",
            "Kecskeméti Járás",
            "Kelebia",
            "Kerekegyháza",
            "Kiskőrös",
            "Kiskőrösi Járás",
            "Kiskunfélegyháza",
            "Kiskunfélegyházi Járás",
            "Kiskunhalas",
            "Kiskunhalasi Járás",
            "Kiskunmajsa",
            "Kiskunmajsai Járás",
            "Kisszállás",
            "Kunfehértó",
            "Kunszentmiklós",
            "Kunszentmiklósi Járás",
            "Lajosmizse",
            "Lakitelek",
            "Madaras",
            "Mélykút",
            "Nagybaracska",
            "Nemesnádudvar",
            "Nyárlőrinc",
            "Orgovány",
            "Pálmonostora",
            "Solt",
            "Soltvadkert",
            "Sükösd",
            "Szabadszállás",
            "Szalkszentmárton",
            "Szank",
            "Szentkirály",
            "Tass",
            "Tázlár",
            "Tiszaalpár",
            "Tiszakécske",
            "Tiszakécskei Járás",
            "Tompa",
            "Városföld",
            "Vaskút"
        ]
    },
    {
        "name": "Baranya",
        "cities": [
            "Beremend",
            "Bóly",
            "Bólyi Járás",
            "Bükkösd",
            "Dunaszekcső",
            "Harkány",
            "Hegyháti Járás",
            "Hidas",
            "Hosszúhetény",
            "Komló",
            "Komlói Járás",
            "Kozármisleny",
            "Lánycsók",
            "Mágocs",
            "Mecseknádasd",
            "Mohács",
            "Mohácsi Járás",
            "Pécs",
            "Pécsi Járás",
            "Pécsvárad",
            "Pécsváradi Járás",
            "Pellérd",
            "Sásd",
            "Sellye",
            "Sellyei Járás",
            "Siklós",
            "Siklósi Járás",
            "Szászvár",
            "Szentlőrinc",
            "Szentlőrinci Járás",
            "Szigetvár",
            "Szigetvári Járás",
            "Vajszló",
            "Villány"
        ]
    },
    {
        "name": "Békés",
        "cities": [
            "Battonya",
            "Békés",
            "Békéscsaba",
            "Békéscsabai Járás",
            "Békési Járás",
            "Békéssámson",
            "Békésszentandrás",
            "Bucsa",
            "Csanádapáca",
            "Csorvás",
            "Dévaványa",
            "Doboz",
            "Dombegyház",
            "Elek",
            "Füzesgyarmat",
            "Gádoros",
            "Gyomaendrőd",
            "Gyomaendrődi Járás",
            "Gyula",
            "Gyulai Járás",
            "Kaszaper",
            "Kétegyháza",
            "Kevermes",
            "Kondoros",
            "Körösladány",
            "Köröstarcsa",
            "Kunágota",
            "Lőkösháza",
            "Magyarbánhegyes",
            "Medgyesegyháza",
            "Méhkerék",
            "Mezőberény",
            "Mezőhegyes",
            "Mezőkovácsháza",
            "Mezőkovácsházai Járás",
            "Nagyszénás",
            "Okány",
            "Orosháza",
            "Orosházi Járás",
            "Pusztaföldvár",
            "Sarkad",
            "Sarkadi Járás",
            "Szabadkígyós",
            "Szarvas",
            "Szarvasi Járás",
            "Szeghalmi Járás",
            "Szeghalom",
            "Tótkomlós",
            "Újkígyós",
            "Vésztő"
        ]
    },
    {
        "name": "Békéscsaba",
        "cities": []
    },
    {
        "name": "Borsod-Abaúj-Zemplén",
        "cities": [
            "Abaújszántó",
            "Alsózsolca",
            "Arló",
            "Arnót",
            "Aszaló",
            "Bekecs",
            "Bőcs",
            "Bogács",
            "Boldva",
            "Borsodnádasd",
            "Cigánd",
            "Cigándi Járás",
            "Edelény",
            "Edelényi Járás",
            "Emőd",
            "Encs",
            "Encsi Járás",
            "Farkaslyuk",
            "Felsőzsolca",
            "Gesztely",
            "Gönc",
            "Gönci Járás",
            "Halmaj",
            "Harsány",
            "Hejőbába",
            "Hernádnémeti",
            "Izsófalva",
            "Járdánháza",
            "Karcsa",
            "Kazincbarcika",
            "Kazincbarcikai Járás",
            "Mád",
            "Mályi",
            "Megyaszó",
            "Mezőcsát",
            "Mezőcsáti Járás",
            "Mezőkeresztes",
            "Mezőkövesd",
            "Mezőkövesdi Járás",
            "Mezőzombor",
            "Miskolc",
            "Miskolci Járás",
            "Monok",
            "Múcsony",
            "Nyékládháza",
            "Olaszliszka",
            "Onga",
            "Ónod",
            "Ózd",
            "Ózdi Járás",
            "Prügy",
            "Putnok",
            "Putnoki Járás",
            "Ricse",
            "Rudabánya",
            "Sajóbábony",
            "Sajókaza",
            "Sajólád",
            "Sajóörös",
            "Sajószentpéter",
            "Sajószöged",
            "Sajóvámos",
            "Sály",
            "Sárospatak",
            "Sárospataki Járás",
            "Sátoraljaújhely",
            "Sátoraljaújhelyi Járás",
            "Szendrő",
            "Szentistván",
            "Szerencs",
            "Szerencsi Járás",
            "Szikszó",
            "Szikszói Járás",
            "Szirmabesenyő",
            "Taktaharkány",
            "Taktaszada",
            "Tállya",
            "Tarcal",
            "Tiszakarád",
            "Tiszakeszi",
            "Tiszalúc",
            "Tiszaújváros",
            "Tiszaújvárosi Járás",
            "Tokaj",
            "Tokaji Járás",
            "Tolcsva"
        ]
    },
    {
        "name": "Budapest",
        "cities": [
            "Budapest",
            "Budapest I. kerület",
            "Budapest II. kerület",
            "Budapest III. kerület",
            "Budapest IV. kerület",
            "Budapest VI. kerület",
            "Budapest VIII. kerület",
            "Budapest X. kerület",
            "Budapest XI. kerület",
            "Budapest XII. kerület",
            "Budapest XIII. kerület",
            "Budapest XV. kerület",
            "Budapest XVI. kerület",
            "Budapest XVII. kerület",
            "Budapest XVIII. kerület",
            "Budapest XX. kerület",
            "Budapest XXI. kerület",
            "Budapest XXII. kerület",
            "Budapest XXIII. kerület",
            "Erzsébetváros",
            "Józsefváros",
            "Kispest",
            "Zugló"
        ]
    },
    {
        "name": "Csongrád County",
        "cities": [
            "Algyő",
            "Apátfalva",
            "Ásotthalom",
            "Baks",
            "Balástya",
            "Bordány",
            "Csanádpalota",
            "Csanytelek",
            "Csengele",
            "Csongrád",
            "Csongrádi Járás",
            "Deszk",
            "Domaszék",
            "Fábiánsebestyén",
            "Földeák",
            "Forráskút",
            "Hódmezővásárhely",
            "Hódmezővásárhelyi Járás",
            "Kistelek",
            "Kisteleki Járás",
            "Kiszombor",
            "Makó",
            "Makói Járás",
            "Maroslele",
            "Mindszent",
            "Mórahalmi Járás",
            "Mórahalom",
            "Ópusztaszer",
            "Pusztaszer",
            "Röszke",
            "Ruzsa",
            "Sándorfalva",
            "Szatymaz",
            "Szeged",
            "Szegedi Járás",
            "Szegvár",
            "Székkutas",
            "Szentes",
            "Szentesi Járás",
            "Tömörkény",
            "Üllés",
            "Zákányszék",
            "Zsombó"
        ]
    },
    {
        "name": "Debrecen",
        "cities": []
    },
    {
        "name": "Dunaújváros",
        "cities": []
    },
    {
        "name": "Eger",
        "cities": []
    },
    {
        "name": "Érd",
        "cities": []
    },
    {
        "name": "Fejér County",
        "cities": [
            "Aba",
            "Adony",
            "Alap",
            "Bakonycsernye",
            "Baracs",
            "Baracska",
            "Bicske",
            "Bicskei Járás",
            "Bodajk",
            "Cece",
            "Csákvár",
            "Dég",
            "dunaújváros",
            "Dunaújvárosi Járás",
            "Előszállás",
            "Enying",
            "Enyingi Járás",
            "Ercsi",
            "Etyek",
            "Fehérvárcsurgó",
            "Gárdony",
            "Gárdonyi Járás",
            "Iváncsa",
            "Káloz",
            "Kápolnásnyék",
            "Kincsesbánya",
            "Kisláng",
            "Lajoskomárom",
            "Lepsény",
            "Lovasberény",
            "Mány",
            "Martonvásár",
            "Martonvásári Járás",
            "Mezőfalva",
            "Mezőszilas",
            "Mór",
            "Móri Járás",
            "Pákozd",
            "Pázmánd",
            "Perkáta",
            "Polgárdi",
            "Pusztaszabolcs",
            "Pusztavám",
            "Rácalmás",
            "Ráckeresztúr",
            "Sárbogárd",
            "Sárbogárdi Járás",
            "Sárkeresztúr",
            "Sárosd",
            "Sárszentmihály",
            "Seregélyes",
            "Soponya",
            "Szabadbattyán",
            "Szárliget",
            "Székesfehérvár",
            "Székesfehérvári Járás",
            "Vál",
            "Velence",
            "Zámoly"
        ]
    },
    {
        "name": "Győr",
        "cities": []
    },
    {
        "name": "Győr-Moson-Sopron County",
        "cities": [
            "Abda",
            "Ágfalva",
            "Ásványráró",
            "Bakonyszentlászló",
            "Beled",
            "Bőny",
            "Bősárkány",
            "Csorna",
            "Csornai Járás",
            "Farád",
            "Fertőd",
            "Fertőrákos",
            "Fertőszentmiklós",
            "Győr",
            "Győri Járás",
            "Győrszemere",
            "Győrújbarát",
            "Halászi",
            "Jánossomorja",
            "Kapuvár",
            "Kapuvári Járás",
            "Kimle",
            "Kóny",
            "Lébény",
            "Mihályi",
            "Mosonmagyaróvár",
            "Mosonmagyaróvári Járás",
            "Mosonszentmiklós",
            "Nagycenk",
            "Nyúl",
            "Öttevény",
            "Pannonhalma",
            "Pannonhalmi Járás",
            "Pér",
            "Rábapatona",
            "Rajka",
            "Sopron",
            "Soproni Járás",
            "Szany",
            "Tét",
            "Téti Járás",
            "Töltéstava"
        ]
    },
    {
        "name": "Hajdú-Bihar County",
        "cities": [
            "Bagamér",
            "Balmazújváros",
            "Balmazújvárosi Járás",
            "Báránd",
            "Berettyóújfalu",
            "Berettyóújfalui Járás",
            "Biharkeresztes",
            "Biharnagybajom",
            "Csökmő",
            "Debrecen",
            "Debreceni Járás",
            "Derecske",
            "Derecskei Járás",
            "Ebes",
            "Egyek",
            "Földes",
            "Görbeháza",
            "Hadjúszoboszlói Járás",
            "Hajdúbagos",
            "Hajdúböszörmény",
            "Hajdúböszörményi Járás",
            "Hajdúdorog",
            "Hajdúhadház",
            "Hajdúhadházi Járás",
            "Hajdúnánás",
            "Hajdúnánási Járás",
            "Hajdúsámson",
            "Hajdúszoboszló",
            "Hajdúszovát",
            "Hortobágy",
            "Hosszúpályi",
            "Kaba",
            "Komádi",
            "Konyár",
            "Létavértes",
            "Mikepércs",
            "Monostorpályi",
            "Nádudvar",
            "Nagyrábé",
            "Nyírábrány",
            "Nyíracsád",
            "Nyíradony",
            "Nyíradonyi Járás",
            "Nyírmártonfalva",
            "Pocsaj",
            "Polgár",
            "Püspökladány",
            "Püspökladányi Járás",
            "Sáránd",
            "Sárrétudvari",
            "Téglás",
            "Tiszacsege",
            "Vámospércs"
        ]
    },
    {
        "name": "Heves County",
        "cities": [
            "Abasár",
            "Adács",
            "Andornaktálya",
            "Apc",
            "Bélapátfalva",
            "Bélapátfalvai Járás",
            "Besenyőtelek",
            "Boldog",
            "Csány",
            "Domoszló",
            "Ecséd",
            "Eger",
            "Egerszalók",
            "Egri Járás",
            "Erdőtelek",
            "Felsőtárkány",
            "Füzesabony",
            "Füzesabonyi Járás",
            "Gyöngyös",
            "Gyöngyöshalász",
            "Gyöngyösi Járás",
            "Gyöngyöspata",
            "Gyöngyössolymos",
            "Gyöngyöstarján",
            "Hatvan",
            "Hatvani Járás",
            "Heréd",
            "Heves",
            "Hevesi Járás",
            "Hort",
            "Kál",
            "Karácsond",
            "Kerecsend",
            "Kisköre",
            "Kompolt",
            "Lőrinci",
            "Maklár",
            "Mátraderecske",
            "Nagyréde",
            "Ostoros",
            "Parád",
            "Parádsasvár",
            "Pétervására",
            "Pétervásárai Járás",
            "Petőfibánya",
            "Poroszló",
            "Recsk",
            "Rózsaszentmárton",
            "Sirok",
            "Szihalom",
            "Szilvásvárad",
            "Tarnalelesz",
            "Tarnaörs",
            "Tiszanána",
            "Vámosgyörk",
            "Verpelét",
            "Zagyvaszántó"
        ]
    },
    {
        "name": "Hódmezővásárhely",
        "cities": []
    },
    {
        "name": "Jász-Nagykun-Szolnok County",
        "cities": [
            "Abádszalók",
            "Alattyán",
            "Besenyszög",
            "Cibakháza",
            "Cserkeszőlő",
            "Fegyvernek",
            "Jánoshida",
            "Jászalsószentgyörgy",
            "Jászapáti",
            "Jászapáti Járás",
            "Jászárokszállás",
            "Jászberény",
            "Jászberényi Járás",
            "Jászdózsa",
            "Jászjákóhalma",
            "Jászkisér",
            "Jászladány",
            "Jászszentandrás",
            "Karcag",
            "Karcagi Járás",
            "Kenderes",
            "Kengyel",
            "Kisújszállás",
            "Kunhegyes",
            "Kunhegyesi Járás",
            "Kunmadaras",
            "Kunszentmárton",
            "Kunszentmártoni Járás",
            "Mezőtúr",
            "Mezőtúri Járás",
            "Öcsöd",
            "Rákóczifalva",
            "Rákócziújfalu",
            "Szajol",
            "Szelevény",
            "Szolnok",
            "Szolnoki Járás",
            "Tiszabő",
            "Tiszabura",
            "Tiszaföldvár",
            "Tiszafüred",
            "Tiszafüredi Járás",
            "Tiszapüspöki",
            "Tiszaroff",
            "Tiszasüly",
            "Tiszaszentimre",
            "Tiszaszőlős",
            "Törökszentmiklós",
            "Törökszentmiklósi Járás",
            "Tószeg",
            "Túrkeve",
            "Újszász",
            "Zagyvarékas"
        ]
    },
    {
        "name": "Kaposvár",
        "cities": []
    },
    {
        "name": "Kecskemét",
        "cities": []
    },
    {
        "name": "Komárom-Esztergom",
        "cities": [
            "Ács",
            "Aka",
            "Almásfüzitő",
            "Ászár",
            "Bábolna",
            "Bajót",
            "Bakonybánk",
            "Bakonysárkány",
            "Bakonyszombathely",
            "Bana",
            "Bánhida",
            "Bársonyos",
            "Császár",
            "Csatka",
            "Csém",
            "Csép",
            "Csolnok",
            "Dad",
            "Dág",
            "Dömös",
            "Dorog",
            "Dunaalmás",
            "Dunaszentmiklós",
            "Epöl",
            "Esztergom",
            "Ete",
            "Gyermely",
            "Héreg",
            "Kecskéd",
            "Kerékteleki",
            "Kesztölc",
            "Kisbér",
            "Kisigmánd",
            "Kocs",
            "Komárom",
            "Kömlőd",
            "Környe",
            "Lábatlan",
            "Leányvár",
            "Máriahalom",
            "Mocsa",
            "Mogyorósbánya",
            "Nagyigmánd",
            "Nagysáp",
            "Naszály",
            "Neszmély",
            "Nyergesújfalu",
            "Oroszlány",
            "Piliscsév",
            "Pilismarót",
            "Réde",
            "Sárisáp",
            "Súr",
            "Süttő",
            "Szákszend",
            "Szomód",
            "Szomor",
            "Szőny",
            "Tardos",
            "Tarján",
            "Tárkány",
            "Tatabánya",
            "Tokodaltáró",
            "Úny",
            "Várgesztes",
            "Vérteskethely",
            "Vértessomló",
            "Vértesszőlős",
            "Vértestolna"
        ]
    },
    {
        "name": "Miskolc",
        "cities": []
    },
    {
        "name": "Nagykanizsa",
        "cities": []
    },
    {
        "name": "Nógrád County",
        "cities": [
            "Balassagyarmat",
            "Balassagyarmati Járás",
            "Bátonyterenye",
            "Bátonyterenyei Járás",
            "Bercel",
            "Buják",
            "Diósjenő",
            "Érsekvadkert",
            "Héhalom",
            "Jobbágyi",
            "Karancskeszi",
            "Karancslapujtő",
            "Kazár",
            "Mátranovák",
            "Mátraterenye",
            "Mátraverebély",
            "Nagyoroszi",
            "Palotás",
            "Pásztó",
            "Pásztói Járás",
            "Rétság",
            "Rétsági Járás",
            "Rimóc",
            "Romhány",
            "Salgótarján",
            "Salgótarjáni Járás",
            "Somoskőújfalu",
            "Szécsény",
            "Szécsényi Járás",
            "Szurdokpüspöki",
            "Tar"
        ]
    },
    {
        "name": "Nyíregyháza",
        "cities": []
    },
    {
        "name": "Pécs",
        "cities": []
    },
    {
        "name": "Pest County",
        "cities": [
            "Abony",
            "Acsa",
            "Albertirsa",
            "Alsónémedi",
            "Aszód",
            "Aszódi Járás",
            "Bag",
            "Biatorbágy",
            "Budakalász",
            "Budakeszi",
            "Budakeszi Járás",
            "Budaörs",
            "Bugyi",
            "Cegléd",
            "Ceglédbercel",
            "Ceglédi Járás",
            "Csemő",
            "Csobánka",
            "Csömör",
            "Dabas",
            "Dabasi Járás",
            "Dánszentmiklós",
            "Dány",
            "Délegyháza",
            "Diósd",
            "Domony",
            "Dömsöd",
            "Dunabogdány",
            "Dunaharaszti",
            "Dunakeszi",
            "Dunakeszi Járás",
            "Dunavarsány",
            "Ecser",
            "Érd",
            "Érdi Járás",
            "Erdőkertes",
            "Farmos",
            "Felsőpakony",
            "Forrópuszta",
            "Fót",
            "Galgahévíz",
            "Galgamácsa",
            "Göd",
            "Gödöllő",
            "Gödöllői Járás",
            "Gomba",
            "Gyál",
            "Gyáli Járás",
            "Gyömrő",
            "Halásztelek",
            "Hernád",
            "Hévízgyörk",
            "Iklad",
            "Inárcs",
            "Isaszeg",
            "Jászkarajenő",
            "Kakucs",
            "Kartal",
            "Kerepes",
            "Kiskunlacháza",
            "Kismaros",
            "Kistarcsa",
            "Kocsér",
            "Kóka",
            "Kosd",
            "Leányfalu",
            "Maglód",
            "Mende",
            "Mogyoród",
            "Monor",
            "Monori Járás",
            "Nagykáta",
            "Nagykátai Járás",
            "Nagykőrös",
            "Nagykőrösi Járás",
            "Nagykovácsi",
            "Nagymaros",
            "Nagytarcsa",
            "Nyáregyháza",
            "Ócsa",
            "Őrbottyán",
            "Örkény",
            "Pánd",
            "Páty",
            "Pécel",
            "Perbál",
            "Péteri",
            "Pilis",
            "Pilisborosjenő",
            "Piliscsaba",
            "Pilisszántó",
            "Pilisszentiván",
            "Pilisszentkereszt",
            "Pilisvörösvár",
            "Pilisvörösvári Járás",
            "Pomáz",
            "Ráckeve",
            "Ráckevei Járás",
            "Solymár",
            "Sóskút",
            "Sülysáp",
            "Szada",
            "Százhalombatta",
            "Szentendre",
            "Szentendrei Járás",
            "Szentlőrinckáta",
            "Szentmártonkáta",
            "Szigetcsép",
            "Szigethalom",
            "Szigetszentmiklós",
            "Szigetszentmiklósi Járás",
            "Szigetújfalu",
            "Szob",
            "Szobi Járás",
            "Sződ",
            "Sződliget",
            "Táborfalva",
            "Tahitótfalu",
            "Taksony",
            "Tápióbicske",
            "Tápiógyörgye",
            "Tápióság",
            "Tápiószecső",
            "Tápiószele",
            "Tápiószentmárton",
            "Tápiószőlős",
            "Tárnok",
            "Telki",
            "Tóalmás",
            "Tököl",
            "Törökbálint",
            "Törtel",
            "Tura",
            "Újhartyán",
            "Újszilvás",
            "Üllő",
            "Úri",
            "Üröm",
            "Vác",
            "Váci Járás",
            "Vácszentlászló",
            "Valkó",
            "Vecsés",
            "Vecsési Járás",
            "Veresegyház",
            "Verőce",
            "Visegrád",
            "Zsámbék",
            "Zsámbok"
        ]
    },
    {
        "name": "Salgótarján",
        "cities": []
    },
    {
        "name": "Somogy County",
        "cities": [
            "Ádánd",
            "Babócsa",
            "Balatonberény",
            "Balatonboglár",
            "Balatonfenyves",
            "Balatonföldvár",
            "Balatonlelle",
            "Balatonszabadi",
            "Balatonszárszó",
            "Barcs",
            "Barcsi Járás",
            "Berzence",
            "Böhönye",
            "Csurgó",
            "Csurgói Járás",
            "Fonyód",
            "Fonyódi Járás",
            "Kadarkút",
            "Kaposmérő",
            "Kaposvár",
            "Kaposvári Járás",
            "Karád",
            "Kéthely",
            "Lábod",
            "Lengyeltóti",
            "Marcali",
            "Marcali Járás",
            "Nagyatád",
            "Nagyatádi Járás",
            "Nagybajom",
            "Segesd",
            "Siófok",
            "Siófoki Járás",
            "Somogyvár",
            "Tab",
            "Tabi Járás",
            "Taszár",
            "Zamárdi"
        ]
    },
    {
        "name": "Sopron",
        "cities": []
    },
    {
        "name": "Szabolcs-Szatmár-Bereg County",
        "cities": [
            "Ajak",
            "Anarcs",
            "Apagy",
            "Aranyosapáti",
            "Baktalórántháza",
            "Baktalórántházai Járás",
            "Balkány",
            "Bököny",
            "Buj",
            "Csenger",
            "Csengeri Járás",
            "Demecser",
            "Döge",
            "Dombrád",
            "Encsencs",
            "Fehérgyarmat",
            "Fehérgyarmati Járás",
            "Fényeslitke",
            "Gégény",
            "Gyulaháza",
            "Hodász",
            "Ibrány",
            "Ibrányi Járás",
            "Kállósemjén",
            "Kálmánháza",
            "Kántorjánosi",
            "Kék",
            "Kemecse",
            "Kemecsei Járás",
            "Kisléta",
            "Kisvárda",
            "Kisvárdai Járás",
            "Kocsord",
            "Kótaj",
            "Levelek",
            "Mándok",
            "Máriapócs",
            "Mátészalka",
            "Mátészalkai Járás",
            "Mérk",
            "Nagycserkesz",
            "Nagydobos",
            "Nagyecsed",
            "Nagyhalász",
            "Nagykálló",
            "Nagykállói Járás",
            "Napkor",
            "Nyírbátor",
            "Nyírbátori Járás",
            "Nyírbéltek",
            "Nyírbogát",
            "Nyírbogdány",
            "Nyírcsaholy",
            "Nyíregyháza",
            "Nyíregyházi Járás",
            "Nyírgyulaj",
            "Nyírkarász",
            "Nyírlugos",
            "Nyírmada",
            "Nyírmeggyes",
            "Nyírmihálydi",
            "Nyírpazony",
            "Nyírtass",
            "Nyírtelek",
            "Nyírvasvári",
            "Ófehértó",
            "Ököritófülpös",
            "Ópályi",
            "Pátroha",
            "Petneháza",
            "Porcsalma",
            "Rakamaz",
            "Szakoly",
            "Szamosszeg",
            "Tarpa",
            "Tiszabercel",
            "Tiszabezdéd",
            "Tiszadada",
            "Tiszadob",
            "Tiszaeszlár",
            "Tiszalök",
            "Tiszanagyfalu",
            "Tiszavasvári",
            "Tiszavasvári Járás",
            "Tornyospálca",
            "Tunyogmatolcs",
            "Tuzsér",
            "Tyukod",
            "Újfehértó",
            "Vaja",
            "Vásárosnamény",
            "Vásárosnaményi Járás",
            "Záhony",
            "Záhonyi Járás"
        ]
    },
    {
        "name": "Szeged",
        "cities": []
    },
    {
        "name": "Székesfehérvár",
        "cities": []
    },
    {
        "name": "Szekszárd",
        "cities": []
    },
    {
        "name": "Szolnok",
        "cities": []
    },
    {
        "name": "Szombathely",
        "cities": []
    },
    {
        "name": "Tatabánya",
        "cities": []
    },
    {
        "name": "Tolna County",
        "cities": [
            "Báta",
            "Bátaszék",
            "Bogyiszló",
            "Bölcske",
            "Bonyhád",
            "Bonyhádi Járás",
            "Decs",
            "Döbrököz",
            "Dombóvár",
            "Dombóvári Járás",
            "Dunaföldvár",
            "Dunaszentgyörgy",
            "Fadd",
            "Gyönk",
            "Hőgyész",
            "Iregszemcse",
            "Madocsa",
            "Nagydorog",
            "Nagymányok",
            "Németkér",
            "Őcsény",
            "Ozora",
            "Paks",
            "Paksi Járás",
            "Pincehely",
            "Simontornya",
            "Szedres",
            "Szekszárd",
            "Szekszárdi Járás",
            "Szentgálpuszta",
            "Tamási",
            "Tamási Járás",
            "Tengelic",
            "Tolna",
            "Tolnai Járás",
            "Zomba"
        ]
    },
    {
        "name": "Vas County",
        "cities": [
            "Bük",
            "Celldömölk",
            "Celldömölki Járás",
            "Csepreg",
            "Gencsapáti",
            "Ják",
            "Jánosháza",
            "Körmend",
            "Körmendi Járás",
            "Kőszeg",
            "Kőszegi Járás",
            "Répcelak",
            "Sárvár",
            "Sárvári Járás",
            "Szentgotthárd",
            "Szentgotthárdi Járás",
            "Szombathely",
            "Szombathelyi Járás",
            "Táplánszentkereszt",
            "Vasvár",
            "Vasvári Járás",
            "Vép"
        ]
    },
    {
        "name": "Veszprém",
        "cities": []
    },
    {
        "name": "Veszprém County",
        "cities": [
            "Ajka",
            "Ajkai Járás",
            "Badacsonytomaj",
            "Balatonalmádi",
            "Balatonalmádi Járás",
            "Balatonfüred",
            "Balatonfüredi Járás",
            "Balatonkenese",
            "Berhida",
            "Csabrendek",
            "Csetény",
            "Csopak",
            "Devecser",
            "Devecseri Járás",
            "Hajmáskér",
            "Herend",
            "Litér",
            "Nemesvámos",
            "Ősi",
            "Pápa",
            "Pápai Járás",
            "Pétfürdő",
            "Révfülöp",
            "Sümeg",
            "Sümegi Járás",
            "Szentkirályszabadja",
            "Tapolca",
            "Tapolcai Járás",
            "Tihany",
            "Úrkút",
            "Várpalota",
            "Várpalotai Járás",
            "Veszprém",
            "Veszprémi Járás",
            "Zánka",
            "Zirc",
            "Zirci Járás"
        ]
    },
    {
        "name": "Zala County",
        "cities": [
            "Becsehely",
            "Cserszegtomaj",
            "Gyenesdiás",
            "Hévíz",
            "Keszthely",
            "Keszthelyi Járás",
            "Lenti",
            "Lenti Járás",
            "Letenye",
            "Letenyei Járás",
            "Murakeresztúr",
            "Nagykanizsa",
            "Nagykanizsai Járás",
            "Pacsa",
            "Sármellék",
            "Türje",
            "Vonyarcvashegy",
            "Zalaegerszeg",
            "Zalaegerszegi Járás",
            "Zalakomár",
            "Zalalövő",
            "Zalaszentgrót",
            "Zalaszentgróti Járás"
        ]
    },
    {
        "name": "Zalaegerszeg",
        "cities": []
    }
]