[
    {
        "name": "Bács-Kiskun"
    },
    {
        "name": "Baranya"
    },
    {
        "name": "Békés"
    },
    {
        "name": "Békéscsaba"
    },
    {
        "name": "Borsod-Abaúj-Zemplén"
    },
    {
        "name": "Budapest"
    },
    {
        "name": "Csongrád County"
    },
    {
        "name": "Debrecen"
    },
    {
        "name": "Dunaújváros"
    },
    {
        "name": "Eger"
    },
    {
        "name": "Érd"
    },
    {
        "name": "Fejér County"
    },
    {
        "name": "Győr"
    },
    {
        "name": "Győr-Moson-Sopron County"
    },
    {
        "name": "Hajdú-Bihar County"
    },
    {
        "name": "Heves County"
    },
    {
        "name": "Hódmezővásárhely"
    },
    {
        "name": "Jász-Nagykun-Szolnok County"
    },
    {
        "name": "Kaposvár"
    },
    {
        "name": "Kecskemét"
    },
    {
        "name": "Komárom-Esztergom"
    },
    {
        "name": "Miskolc"
    },
    {
        "name": "Nagykanizsa"
    },
    {
        "name": "Nógrád County"
    },
    {
        "name": "Nyíregyháza"
    },
    {
        "name": "Pécs"
    },
    {
        "name": "Pest County"
    },
    {
        "name": "Salgótarján"
    },
    {
        "name": "Somogy County"
    },
    {
        "name": "Sopron"
    },
    {
        "name": "Szabolcs-Szatmár-Bereg County"
    },
    {
        "name": "Szeged"
    },
    {
        "name": "Székesfehérvár"
    },
    {
        "name": "Szekszárd"
    },
    {
        "name": "Szolnok"
    },
    {
        "name": "Szombathely"
    },
    {
        "name": "Tatabánya"
    },
    {
        "name": "Tolna County"
    },
    {
        "name": "Vas County"
    },
    {
        "name": "Veszprém"
    },
    {
        "name": "Veszprém County"
    },
    {
        "name": "Zala County"
    },
    {
        "name": "Zalaegerszeg"
    }
]