[
    {
        "name": "Atlántida Department"
    },
    {
        "name": "Bay Islands Department"
    },
    {
        "name": "Choluteca Department"
    },
    {
        "name": "Colón Department"
    },
    {
        "name": "Comayagua Department"
    },
    {
        "name": "Copán Department"
    },
    {
        "name": "Cortés Department"
    },
    {
        "name": "El Paraíso Department"
    },
    {
        "name": "Francisco Morazán Department"
    },
    {
        "name": "Gracias a Dios Department"
    },
    {
        "name": "Intibucá Department"
    },
    {
        "name": "La Paz Department"
    },
    {
        "name": "Lempira Department"
    },
    {
        "name": "Ocotepeque Department"
    },
    {
        "name": "Olancho Department"
    },
    {
        "name": "Santa Bárbara Department"
    },
    {
        "name": "Valle Department"
    },
    {
        "name": "Yoro Department"
    }
]