[
    {
        "name": "Bomi County"
    },
    {
        "name": "Bong County"
    },
    {
        "name": "Gbarpolu County"
    },
    {
        "name": "Grand Bassa County"
    },
    {
        "name": "Grand Cape Mount County"
    },
    {
        "name": "Grand Gedeh County"
    },
    {
        "name": "Grand Kru County"
    },
    {
        "name": "Lofa County"
    },
    {
        "name": "Margibi County"
    },
    {
        "name": "Maryland County"
    },
    {
        "name": "Montserrado County"
    },
    {
        "name": "Nimba"
    },
    {
        "name": "River Cess County"
    },
    {
        "name": "River Gee County"
    },
    {
        "name": "Sinoe County"
    }
]