[
    {
        "name": "Bagerhat District"
    },
    {
        "name": "Bahadia"
    },
    {
        "name": "Bandarban District"
    },
    {
        "name": "Barguna District"
    },
    {
        "name": "Barisal District"
    },
    {
        "name": "Barisal Division"
    },
    {
        "name": "Bhola District"
    },
    {
        "name": "Bogra District"
    },
    {
        "name": "Brahmanbaria District"
    },
    {
        "name": "Chandpur District"
    },
    {
        "name": "Chapai Nawabganj District"
    },
    {
        "name": "Chittagong District"
    },
    {
        "name": "Chittagong Division"
    },
    {
        "name": "Chuadanga District"
    },
    {
        "name": "Comilla District"
    },
    {
        "name": "Cox's Bazar District"
    },
    {
        "name": "Dhaka District"
    },
    {
        "name": "Dhaka Division"
    },
    {
        "name": "Dinajpur District"
    },
    {
        "name": "Faridpur District"
    },
    {
        "name": "Feni District"
    },
    {
        "name": "Gaibandha District"
    },
    {
        "name": "Gazipur District"
    },
    {
        "name": "Gopalganj District"
    },
    {
        "name": "Habiganj District"
    },
    {
        "name": "Jamalpur District"
    },
    {
        "name": "Jessore District"
    },
    {
        "name": "Jhalokati District"
    },
    {
        "name": "Jhenaidah District"
    },
    {
        "name": "Joypurhat District"
    },
    {
        "name": "Khagrachari District"
    },
    {
        "name": "Khulna District"
    },
    {
        "name": "Khulna Division"
    },
    {
        "name": "Kishoreganj District"
    },
    {
        "name": "Kurigram District"
    },
    {
        "name": "Kushtia District"
    },
    {
        "name": "Lakshmipur District"
    },
    {
        "name": "Lalmonirhat District"
    },
    {
        "name": "Madaripur District"
    },
    {
        "name": "Meherpur District"
    },
    {
        "name": "Moulvibazar District"
    },
    {
        "name": "Munshiganj District"
    },
    {
        "name": "Mymensingh District"
    },
    {
        "name": "Mymensingh Division"
    },
    {
        "name": "Naogaon District"
    },
    {
        "name": "Narail District"
    },
    {
        "name": "Narayanganj District"
    },
    {
        "name": "Natore District"
    },
    {
        "name": "Netrokona District"
    },
    {
        "name": "Nilphamari District"
    },
    {
        "name": "Noakhali District"
    },
    {
        "name": "Pabna District"
    },
    {
        "name": "Panchagarh District"
    },
    {
        "name": "Patuakhali District"
    },
    {
        "name": "Pirojpur District"
    },
    {
        "name": "Rajbari District"
    },
    {
        "name": "Rajshahi District"
    },
    {
        "name": "Rajshahi Division"
    },
    {
        "name": "Rangamati Hill District"
    },
    {
        "name": "Rangpur District"
    },
    {
        "name": "Rangpur Division"
    },
    {
        "name": "Satkhira District"
    },
    {
        "name": "Shariatpur District"
    },
    {
        "name": "Sherpur District"
    },
    {
        "name": "Sirajganj District"
    },
    {
        "name": "Sunamganj District"
    },
    {
        "name": "Sylhet District"
    },
    {
        "name": "Sylhet Division"
    },
    {
        "name": "Tangail District"
    },
    {
        "name": "Thakurgaon District"
    }
]