[
    {
        "name": "Bengo Province"
    },
    {
        "name": "Benguela Province"
    },
    {
        "name": "Bié Province"
    },
    {
        "name": "Cabinda Province"
    },
    {
        "name": "Cuando Cubango Province"
    },
    {
        "name": "Cuanza Norte Province"
    },
    {
        "name": "Cuanza Sul"
    },
    {
        "name": "Cunene Province"
    },
    {
        "name": "Huambo Province"
    },
    {
        "name": "Huíla Province"
    },
    {
        "name": "Luanda Province"
    },
    {
        "name": "Lunda Norte Province"
    },
    {
        "name": "Lunda Sul Province"
    },
    {
        "name": "Malanje Province"
    },
    {
        "name": "Moxico Province"
    },
    {
        "name": "Uíge Province"
    },
    {
        "name": "Zaire Province"
    }
]