[
    {
        "name": "Saint Andrew Parish"
    },
    {
        "name": "Saint David Parish"
    },
    {
        "name": "Saint George Parish"
    },
    {
        "name": "Saint John Parish"
    },
    {
        "name": "Saint Joseph Parish"
    },
    {
        "name": "Saint Luke Parish"
    },
    {
        "name": "Saint Mark Parish"
    },
    {
        "name": "Saint Patrick Parish"
    },
    {
        "name": "Saint Paul Parish"
    },
    {
        "name": "Saint Peter Parish"
    }
]