[
    {
        "name": "Alta Verapaz Department"
    },
    {
        "name": "Baja Verapaz Department"
    },
    {
        "name": "Chimaltenango Department"
    },
    {
        "name": "Chiquimula Department"
    },
    {
        "name": "El Progreso Department"
    },
    {
        "name": "Escuintla Department"
    },
    {
        "name": "Guatemala Department"
    },
    {
        "name": "Huehuetenango Department"
    },
    {
        "name": "Izabal Department"
    },
    {
        "name": "Jalapa Department"
    },
    {
        "name": "Jutiapa Department"
    },
    {
        "name": "Petén Department"
    },
    {
        "name": "Quetzaltenango Department"
    },
    {
        "name": "Quiché Department"
    },
    {
        "name": "Retalhuleu Department"
    },
    {
        "name": "Sacatepéquez Department"
    },
    {
        "name": "San Marcos Department"
    },
    {
        "name": "Santa Rosa Department"
    },
    {
        "name": "Sololá Department"
    },
    {
        "name": "Suchitepéquez Department"
    },
    {
        "name": "Totonicapán Department"
    }
]