[
    {
        "name": "Bocas del Toro Province"
    },
    {
        "name": "Chiriquí Province"
    },
    {
        "name": "Coclé Province"
    },
    {
        "name": "Colón Province"
    },
    {
        "name": "Darién Province"
    },
    {
        "name": "Emberá-Wounaan Comarca"
    },
    {
        "name": "Guna Yala"
    },
    {
        "name": "Herrera Province"
    },
    {
        "name": "Los Santos Province"
    },
    {
        "name": "Ngöbe-Buglé Comarca"
    },
    {
        "name": "Panamá Oeste Province"
    },
    {
        "name": "Panamá Province"
    },
    {
        "name": "Veraguas Province"
    }
]