[
    {
        "name": "Bonaire",
        "cities": [
            "Boven Bolivia",
            "Dorp Tera Kora",
            "Oranjestad",
            "Rincon",
            "St. Johns",
            "The Bottom",
            "Windwardside",
            "Zion's Hill"
        ]
    },
    {
        "name": "Drenthe",
        "cities": [
            "Aalden",
            "Angelslo",
            "Annen",
            "Assen",
            "Ballast",
            "Barger-Oosterveld",
            "Bargeres",
            "Beilen",
            "Borger",
            "Coevorden",
            "Dalen",
            "De Loo",
            "De Wijk",
            "Diever",
            "Dwingeloo",
            "Eelde",
            "Eext",
            "Emmen",
            "Emmer-Compascuum",
            "Emmer-Erfscheidenveen",
            "Emmerhout",
            "Emmermeer",
            "Emmerschans",
            "Exloo",
            "Gasselte",
            "Gasselternijveen",
            "Gieten",
            "Havelte",
            "Hoogeveen",
            "Klazienaveen",
            "Koekange",
            "Krakeel",
            "Marsdijk",
            "Meppel",
            "Nieuw-Buinen",
            "Nieuw-Dordrecht",
            "Nieuw-Roden",
            "Noordbarge",
            "Norg",
            "Odoorn",
            "Oosterhesselen",
            "Paterswolde",
            "Peelo",
            "Peize",
            "Roden",
            "Rolde",
            "Ruinen",
            "Ruinerwold",
            "Schoonebeek",
            "Schoonoord",
            "Sleen",
            "Tweede Exloërmond",
            "Tynaarlo",
            "Uffelte",
            "Valthe",
            "Valthermond",
            "Veenoord",
            "Vledder",
            "Vries",
            "Weiteveen",
            "Westerbork",
            "Westlaren",
            "Wolfsbos",
            "Zuidlaren"
        ]
    },
    {
        "name": "Flevoland",
        "cities": [
            "Almere Stad",
            "Biddinghuizen",
            "Dronten",
            "Emmeloord",
            "Ens",
            "Lelystad",
            "Urk",
            "Zeewolde"
        ]
    },
    {
        "name": "Friesland",
        "cities": [
            "Akkrum",
            "Aldeboarn",
            "Aldlân-Oost",
            "Appelscha",
            "Augustinusga",
            "Bakhuizen",
            "Bakkeveen",
            "Balk",
            "Beetsterzwaag",
            "Berltsum",
            "Bilgaard",
            "Bolsward",
            "Boornbergum",
            "Broeksterwâld",
            "Buitenpost",
            "Burdaard",
            "Burgum",
            "Camminghaburen",
            "Damwâld",
            "De Domp",
            "De Drait",
            "De Fryske Marren",
            "De Greiden",
            "De Knipe",
            "De Westereen",
            "Dokkum",
            "Donkerbroek",
            "Drachten",
            "Drachtstercompagnie",
            "Drogeham",
            "Dronryp",
            "Eastermar",
            "Echtenerbrug",
            "Feanwâlden",
            "Ferwert",
            "Franeker",
            "Garyp",
            "Gorredijk",
            "Goutum",
            "Grou",
            "Gytsjerk",
            "Hallum",
            "Harkema",
            "Harlingen",
            "Haulerwijk",
            "Heechterp",
            "Heeg",
            "Heerenveen",
            "Hoek",
            "Hollum",
            "Holwerd",
            "Huizum",
            "Hurdegaryp",
            "IJlst",
            "Jirnsum",
            "Joure",
            "Jubbega",
            "Kollum",
            "Kollumerzwaag",
            "Kootstertille",
            "Koudum",
            "Langweer",
            "Leeuwarden",
            "Lemmer",
            "Makkum",
            "Mantgum",
            "Marrum",
            "Marsum",
            "Menaam",
            "Minnertsga",
            "Nes",
            "Nieuwehorne",
            "Noardburgum",
            "Noordwolde",
            "Oentsjerk",
            "Oldeberkoop",
            "Oost-Vlieland",
            "Oosterwolde",
            "Opeinde",
            "Oppenhuizen",
            "Oranjewoud",
            "Oudega",
            "Oudehaske",
            "Oudemirdum",
            "Oudeschoot",
            "Rottevalle",
            "Scharnegoutum",
            "Schiermonnikoog",
            "Sexbierum",
            "Sint Annaparochie",
            "Sint Jacobiparochie",
            "Sint Nicolaasga",
            "Sintjohannesga",
            "Sneek",
            "Stadsfenne",
            "Stiens",
            "Sûdwest Fryslân",
            "Surhuisterveen",
            "Ternaard",
            "Tijnje",
            "Tinga",
            "Twijzel",
            "Twijzelerheide",
            "Tytsjerk",
            "Tzummarum",
            "Ureterp",
            "Waadhoeke",
            "Warga",
            "West-Terschelling",
            "Westeinde",
            "Wijnjewoude",
            "Wirdum",
            "Witmarsum",
            "Wolvega",
            "Wommels",
            "Workum",
            "Woudsend",
            "Zuiderburen"
        ]
    },
    {
        "name": "Gelderland",
        "cities": [
            "'s-Heerenberg",
            "Aalst",
            "Aalten",
            "Afferden",
            "Alverna",
            "Ammerzoden",
            "Andelst",
            "Angeren",
            "Angerlo",
            "Anklaar",
            "Apeldoorn",
            "Arnhem",
            "Babberich",
            "Bakenberg",
            "Barneveld",
            "Beek gem Montferland",
            "Beekbergen",
            "Beesd",
            "Beltrum",
            "Bemmel",
            "Bennekom",
            "Berg en Bos",
            "Berg en Dal",
            "Bergharen",
            "Berkelland",
            "Beuningen",
            "Beusichem",
            "Binnenstad",
            "Borculo",
            "Brakel",
            "Brakkenstein",
            "Bredevoort",
            "Bredeweg",
            "Brinkhorst",
            "Bruchem",
            "Brummelhof",
            "Brummen",
            "Burgemeesterswijk",
            "Componistenkwartier",
            "Corlaer",
            "Culemborg",
            "De Bouwhof",
            "De Haven",
            "De Heeze",
            "De Mheen",
            "Deest",
            "Deil",
            "Dieren",
            "Doesburg",
            "Doetinchem",
            "Doornenburg",
            "Doornspijk",
            "Doornsteeg",
            "Doorwerth",
            "Driehuizen",
            "Driel",
            "Drumpt",
            "Druten",
            "Duiven",
            "Ede",
            "Ederveen",
            "Eefde",
            "Eerbeek",
            "Eibergen",
            "Elburg",
            "Elden",
            "Ellecom",
            "Elspeet",
            "Elst",
            "Emst",
            "Epe",
            "Epse",
            "Ermelo",
            "Etten",
            "Gameren",
            "Garderen",
            "Geitenkamp",
            "Geldermalsen",
            "Geldermalsen-West",
            "Gendringen",
            "Gendt",
            "Giesbeek",
            "Gorssel",
            "Groesbeek",
            "Groessen",
            "Gulden Bodem",
            "Haaften",
            "Haalderen",
            "Harderwijk",
            "Harskamp",
            "Hatert",
            "Hattem",
            "Hattemerbroek",
            "Hedel",
            "Heelsum",
            "Heerde",
            "Heerewaarden",
            "Hees",
            "Hengelo",
            "Hengstdal",
            "Herwijnen",
            "Het Loo",
            "Heteren",
            "Heumen",
            "Hoogkamp",
            "Horssen",
            "Hummelo",
            "Hunnerberg",
            "Ingen",
            "Keijenborg",
            "Kerkdriel",
            "Kerschoten",
            "Kesteren",
            "Kootwijkerbroek",
            "Laren",
            "Leesten",
            "Lent",
            "Leuth",
            "Lichtenvoorde",
            "Lienden",
            "Lindenholt",
            "Lobith",
            "Lochem",
            "Loenen",
            "Lunteren",
            "Malburgen West",
            "Matendonk",
            "Matendreef",
            "Matengaarde",
            "Matenhoeve",
            "Matenhorst",
            "Matenveld",
            "Maurik",
            "Meteren",
            "Nederhemert",
            "Nederhemert-Noord",
            "Nederwoud",
            "Neede",
            "Nijkerk",
            "Nijkerkerveen",
            "Nijmegen",
            "Nunspeet",
            "Ochten",
            "Oldebroek",
            "Ooij",
            "Oost Gelre",
            "Oostendorp",
            "Oosterbeek",
            "Oosterhout",
            "Ooy",
            "Ooyerhoek",
            "Ophemert",
            "Opheusden",
            "Opijnen",
            "Orden",
            "Otterlo",
            "Oude IJsselstreek",
            "Overasselt",
            "Pannerden",
            "Puiflijk",
            "Putten",
            "Renkum",
            "Rheden",
            "Rivierenkwartier",
            "Rossum",
            "Rozendaal",
            "Ruurlo",
            "Scherpenzeel",
            "Silvolde",
            "Sluisoord",
            "Spainkbos",
            "Sprengenbos",
            "Sprengenweg-Noord",
            "Sprenkelaar",
            "Staatsliedenkwartier",
            "Steenderen",
            "Stegeslag",
            "Sterrenberg",
            "Terborg",
            "Terschuur",
            "Terwolde",
            "Tiel",
            "Tolkamer",
            "Tricht",
            "Twello",
            "Uddel",
            "Ugchelen",
            "Vaassen",
            "Valburg",
            "Valendries",
            "Varsseveld",
            "Velp",
            "Vogelkwartier",
            "Voorst",
            "Voorthuizen",
            "Vorden",
            "Vredenburg",
            "Vuren",
            "Waardenburg",
            "Wageningen",
            "Wapenveld",
            "Warnsveld",
            "Wekerom",
            "Welgelegen",
            "West Betuwe",
            "Westeneng",
            "Westenenk",
            "Westervoort",
            "Wijchen",
            "Winkewijert",
            "Winterswijk",
            "Wisch",
            "Wolfheze",
            "Woudhuis",
            "Zaltbommel",
            "Zeddam",
            "Zelhem",
            "Zetten",
            "Zevenaar",
            "Zevenhuizen",
            "Zoelen",
            "Zonnemaat",
            "Zuilichem",
            "Zutphen"
        ]
    },
    {
        "name": "Groningen",
        "cities": [
            "Aduard",
            "Appingedam",
            "Baflo",
            "Bedum",
            "Bellingwolde",
            "Blijham",
            "Coendersborg",
            "De Wijert",
            "Delfzijl",
            "Eenrum",
            "Eexta",
            "Farmsum",
            "Gemeente Appingedam",
            "Gemeente Delfzijl",
            "Gemeente Groningen",
            "Gemeente Loppersum",
            "Gemeente Oldambt",
            "Gemeente Pekela",
            "Gemeente Stadskanaal",
            "Gemeente Veendam",
            "Glimmen",
            "Grijpskerk",
            "Groningen",
            "Grootegast",
            "Haren",
            "Harkstede",
            "Heiligerlee",
            "Helpman",
            "Hoogezand",
            "Korrewegwijk",
            "Leek",
            "Leens",
            "Loppersum",
            "Marum",
            "Meeden",
            "Middelstum",
            "Midden-Groningen",
            "Midwolda",
            "Niekerk",
            "Nieuwe Pekela",
            "Nieuwolda",
            "Noordbroek",
            "Noordhorn",
            "Obergum",
            "Oldehove",
            "Ommelanderwijk",
            "Onstwedde",
            "Oosterhoogebrug",
            "Oosterpark",
            "Oude Pekela",
            "Reitdiep",
            "Sappemeer",
            "Scheemda",
            "Schildwolde",
            "Sellingen",
            "Selwerd",
            "Siddeburen",
            "Slochteren",
            "Spijk",
            "Stadskanaal",
            "Ten Boer",
            "Ter Apel",
            "Tuikwerd",
            "Uithuizen",
            "Uithuizermeeden",
            "Ulrum",
            "Usquert",
            "Veendam",
            "Vlagtwedde",
            "Wagenborgen",
            "Warffum",
            "Westerlee",
            "Westerwolde",
            "Wildervank",
            "Winschoten",
            "Winsum",
            "Zoutkamp",
            "Zuidbroek",
            "Zuidhorn"
        ]
    },
    {
        "name": "Limburg",
        "cities": [
            "Abdissenbosch",
            "Amby",
            "America",
            "Amstenrade",
            "Arcen",
            "Baarlo",
            "Banholt",
            "Beegden",
            "Beek",
            "Beersdal",
            "Beesel",
            "Belfort",
            "Berg",
            "Beringe",
            "Biesland",
            "Bleijerheide",
            "Blitterswijck",
            "Bocholtz",
            "Borgharen",
            "Born",
            "Brabander",
            "Brachterbeek",
            "Broekhem",
            "Broeksittard",
            "Brukske",
            "Brunssum",
            "Buchten",
            "Budschop",
            "Bunde",
            "Chevremont",
            "De Heeg",
            "Doenrade",
            "Egchel",
            "Eijsden",
            "Eijsden-Margraten",
            "Einighausen",
            "Elsloo",
            "Geleen",
            "Gennep",
            "Gracht",
            "Grashoek",
            "Grevenbicht",
            "Gronsveld",
            "Gulpen",
            "Gulpen-Wittem",
            "Guttecoven",
            "Haanrade",
            "Haelen",
            "Heel",
            "Heer",
            "Heerlen",
            "Hegelsom",
            "Heide",
            "Heijen",
            "Heksenberg",
            "Helden",
            "Herkenbosch",
            "Herten",
            "Heugem",
            "Heythuysen",
            "Hoensbroek",
            "Holtum",
            "Holz",
            "Hopel",
            "Houthem",
            "Hulsberg",
            "Husken",
            "Kaalheide",
            "Kakert",
            "Keent",
            "Kelpen-Oler",
            "Kerensheide",
            "Kerkrade",
            "Kessel",
            "Klimmen",
            "Koningsbosch",
            "Koningslust",
            "Kruisberg",
            "Kunrade",
            "Landgraaf",
            "Lauradorp",
            "Leeuwen",
            "Leuken",
            "Leunen",
            "Lichtenberg",
            "Limbricht",
            "Limmel",
            "Lindenheuvel",
            "Linne",
            "Lottum",
            "Maasbracht",
            "Maasbree",
            "Maastricht",
            "Malberg",
            "Margraten",
            "Mariarade",
            "Mechelen",
            "Meerlo",
            "Meerssen",
            "Meezenbroek",
            "Meijel",
            "Melderslo",
            "Melick",
            "Merkelbeek",
            "Merselo",
            "Merum",
            "Milsbeek",
            "Moesel",
            "Montfort",
            "Mook",
            "Munstergeleen",
            "Nederweert",
            "Neerbeek",
            "Nieuw-Lotbroek",
            "Nieuwdorp",
            "Nuth",
            "Obbicht",
            "Offenbeek",
            "Oirlo",
            "Oirsbeek",
            "Oostrum",
            "Ophoven",
            "Ospel",
            "Ottersum",
            "Oud-Caberg",
            "Overhoven",
            "Panningen",
            "Passart",
            "Peij",
            "Posterholt",
            "Pottenberg",
            "Puth",
            "Reuver",
            "Roermond",
            "Roosteren",
            "Rothem",
            "Scharn",
            "Schilberg",
            "Schimmert",
            "Schinnen",
            "Schinveld",
            "Sevenum",
            "Sibbe",
            "Simpelveld",
            "Sint Joost",
            "Sint Odiliënberg",
            "Sittard",
            "Spaubeek",
            "Spekholzerheide",
            "Stadbroek",
            "Stein",
            "Stramproy",
            "Tegelen",
            "Terwinselen",
            "Thorn",
            "Tienray",
            "Ubachsberg",
            "Ulestraten",
            "Urmond",
            "Vaals",
            "Valkenburg",
            "Valkenburg aan de Geul",
            "Veltum",
            "Venlo",
            "Venray",
            "Vijlen",
            "Vlodrop",
            "Voerendaal",
            "Vrieheide",
            "Wanssum",
            "Waubach",
            "Weert",
            "Well",
            "Wellerlooi",
            "Wessem",
            "Wijlre",
            "Wijnandsrade",
            "Wolder",
            "Ysselsteyn"
        ]
    },
    {
        "name": "North Brabant",
        "cities": [
            "'s Gravenmoer",
            "'s-Hertogenbosch",
            "'t Hofke",
            "Aalburg",
            "Aalst",
            "Aarle-Rixtel",
            "Abcoven",
            "Akert",
            "Almkerk",
            "Alphen",
            "Andel",
            "Asten",
            "Baardwijk",
            "Baarle-Nassau",
            "Bakel",
            "Bavel",
            "Beek",
            "Beers",
            "Belcrum",
            "Bergeijk",
            "Bergen op Zoom",
            "Berghem",
            "Berlicum",
            "Besoijen",
            "Best",
            "Besterd",
            "Biesdonk",
            "Bitswijk",
            "Blaarthem",
            "Bladel",
            "Boekel",
            "Bosschenhoofd",
            "Boxmeer",
            "Boxtel",
            "Brand",
            "Breda",
            "Breugel",
            "Broekhoven",
            "Budel",
            "Budel-Dorplein",
            "Budel-Schoot",
            "Chaam",
            "Coevering",
            "Cranendonck",
            "Cuijk",
            "De Blaak",
            "De Doornakkers",
            "De Kruiskamp",
            "De Reit",
            "De Rompert",
            "Den Dungen",
            "Deuteren",
            "Diessen",
            "Dinteloord",
            "Dommelen",
            "Dongen",
            "Donk",
            "Doonheide",
            "Dorst",
            "Duizel",
            "Eckart",
            "Eerde",
            "Eerschot",
            "Eersel",
            "Eindhoven",
            "Ekenrooi",
            "Elshout",
            "Enschot",
            "Erp",
            "Esch",
            "Fijnaart",
            "Gageldonk",
            "Geenhoven",
            "Geertruidenberg",
            "Geffen",
            "Geldrop",
            "Gemert",
            "Gemonde",
            "Genderen",
            "Genoenhuis",
            "Gerwen",
            "Giessen",
            "Gilze",
            "Ginneken",
            "Goirle",
            "Grasrijk",
            "Grave",
            "Groenewoud",
            "Haaren",
            "Haarsteeg",
            "Halsteren",
            "Handel",
            "Hapert",
            "Haps",
            "Heerle",
            "Heesch",
            "Heesterakker",
            "Heeswijk-Dinther",
            "Heeze",
            "Helmond",
            "Helvoirt",
            "Herpen",
            "Heusden",
            "Heusdenhout",
            "Hilvarenbeek",
            "Hoeven",
            "Hoge Vucht",
            "Hooge Mierde",
            "Hooge Zwaluwe",
            "Hoogeloon",
            "Hoogerheide",
            "Huijbergen",
            "Jagershoef",
            "Kalsdonk",
            "Klein-Zundert",
            "Klundert",
            "Korvel",
            "Krooswijk",
            "Kruisland",
            "Lage Mierde",
            "Lakerlopen",
            "Langenboom",
            "Leende",
            "Leest",
            "Lepelstraat",
            "Liempde",
            "Lierop",
            "Lieshout",
            "Liessel",
            "Lievendaal",
            "Lith",
            "Loon op Zand",
            "Loosbroek",
            "Loven",
            "Luyksgestel",
            "Maarheeze",
            "Maaskantje",
            "Made",
            "Mariahout",
            "Meerhoven",
            "Meerveldhoven",
            "Megen",
            "Meierijstad",
            "Melle",
            "Middelbeers",
            "Middelrode",
            "Mierlo",
            "Milheeze",
            "Moerdijk",
            "Molenhoek",
            "Muschberg en Geestenberg",
            "Naastenbest",
            "Neerkant",
            "Nieuw-Vossemeer",
            "Nieuwkuijk",
            "Nijnsel",
            "Nispen",
            "Nistelrode",
            "Noordgeest",
            "Noordhoek",
            "Nuenen",
            "Odiliapeel",
            "Oerle",
            "Oirschot",
            "Oisterwijk",
            "Oosteind",
            "Oostelbeers",
            "Oosterhout",
            "Orthen",
            "Oss",
            "Ossendrecht",
            "Oud Gastel",
            "Overloon",
            "Princenhage",
            "Prinsenbeek",
            "Putte",
            "Quirijnstok",
            "Raam",
            "Raamsdonk",
            "Raamsdonksveer",
            "Ravenstein",
            "Reek",
            "Reusel",
            "Riethoven",
            "Rijen",
            "Rijsbergen",
            "Rijswijk",
            "Roosendaal",
            "Rucphen",
            "Salderes",
            "Schaijk",
            "Schijndel",
            "Schutsboom",
            "Sint Anthonis",
            "Sint Willebrord",
            "Sint-Michielsgestel",
            "Sint-Oedenrode",
            "Soerendonk",
            "Someren",
            "Someren-Eind",
            "Son",
            "Speelheide",
            "Sprundel",
            "Stampersgat",
            "Standdaarbuiten",
            "Steenbergen",
            "Steensel",
            "Stepekolk",
            "Terheijden",
            "Teteringen",
            "Theereheide",
            "Tilburg",
            "Tivoli",
            "Tongelre",
            "Uden",
            "Udenhout",
            "Ulvenhout",
            "Vaartbroek",
            "Valkenswaard",
            "Veen",
            "Veghel",
            "Veldhoven",
            "Ven",
            "Venhorst",
            "Villapark",
            "Vliedberg",
            "Vlierden",
            "Vlokhoven",
            "Voldijn",
            "Volkel",
            "Vorstenbosch",
            "Vught",
            "Waalre",
            "Waalwijk",
            "Wagenberg",
            "Wanroij",
            "Waspik",
            "Waterdonken",
            "Welberg",
            "Werkendam",
            "Wernhout",
            "Westerhoven",
            "Wijbosch",
            "Wilhelminadorp",
            "Wisselaar",
            "Woensdrecht",
            "Woenselse Heide",
            "Woudrichem",
            "Wouw",
            "Zandberg",
            "Zeeland",
            "Zeelst",
            "Zegge",
            "Zeilberg",
            "Zesgehuchten",
            "Zevenbergschen Hoek",
            "Zijtaart",
            "Zonderwijk",
            "Zundert"
        ]
    },
    {
        "name": "North Holland",
        "cities": [
            "'s-Graveland",
            "'t Horntje",
            "'t Kabel",
            "'t Nopeind",
            "'t Veld",
            "'t Zand",
            "Aagtdorp",
            "Aalsmeer",
            "Aalsmeerderbrug",
            "Aartswoud",
            "Abbekerk",
            "Abbenes",
            "Akersloot",
            "Alkmaar",
            "Amstelveen",
            "Amsterdam",
            "Amsterdam-Zuidoost",
            "Andijk",
            "Ankeveen",
            "Ankeveense Rade",
            "Assendelft",
            "Avenhorn",
            "Badhoevedorp",
            "Bakkum",
            "Bangert",
            "Bargen",
            "Barsingerhorn",
            "Beemster",
            "Beets",
            "Beinsdorp",
            "Belt",
            "Bennebroek",
            "Benningbroek",
            "Bentveld",
            "Bergen",
            "Berkhout",
            "Berkmeer",
            "Beverwijk",
            "Bijlmermeer",
            "Bijvanck",
            "Binnenstad",
            "Blaricum",
            "Blauwe Keet",
            "Bloemendaal",
            "Blokker",
            "Bobeldijk",
            "Boekel",
            "Boesingheliede",
            "Bos en Lommer",
            "Bovenkarspel",
            "Breezand",
            "Bregtdorp",
            "Breukeleveen",
            "Broek in Waterland",
            "Broek op Langedijk",
            "Buiksloot",
            "Buikslotermeer",
            "Buitenkaag",
            "Buitenveldert",
            "Burgerbrug",
            "Burgerveen",
            "Burgervlotbrug",
            "Bussum",
            "Butterhuizen",
            "Callantsoog",
            "Calslagen",
            "Camperduin",
            "Castricum",
            "Catrijp",
            "Commandeurs",
            "Cruquius",
            "De Aker",
            "De Cocksdorp",
            "De Glip",
            "De Goorn",
            "De Haukes",
            "De Hulk",
            "De Koog",
            "De Kooy",
            "De Kwakel",
            "De Maer",
            "De Noord",
            "De Pijp",
            "De Rijp",
            "De Stolpen",
            "De Waal",
            "De Wallen",
            "De Weere",
            "De Weere",
            "De Woude",
            "Den Burg",
            "Den Helder",
            "Den Hoorn",
            "Den Ilp",
            "Den Oever",
            "Diemen",
            "Dirkshorn",
            "Drechterland",
            "Driehuis",
            "Driehuizen",
            "Driehuizen",
            "Driemond",
            "Duivendrecht",
            "Durgerdam",
            "Edam",
            "Edam-Volendam",
            "Eenigenburg",
            "Egmond aan den Hoef",
            "Egmond aan Zee",
            "Egmond-Binnen",
            "Enkhuizen",
            "Etersheim",
            "Friese Buurt",
            "Geuzenveld",
            "Gooise Meren",
            "Gouwe",
            "Graft",
            "Grootebroek",
            "Grootschermer",
            "Grosthuizen",
            "Haarlem",
            "Haarlemmerliede",
            "Haarlemmermeer",
            "Hakkelaarsbrug",
            "Halfweg",
            "Harderwijk",
            "Harenkarspel",
            "Hargen",
            "Haringhuizen",
            "Hauwert",
            "Heemskerk",
            "Heemstede",
            "Heerhugowaard",
            "Heiloo",
            "Hem",
            "Hensbroek",
            "Hilversum",
            "Hilversumse Meent",
            "Hinderdam",
            "Hippolytushoef",
            "Hobrede",
            "Hofgeest",
            "Hollands Kroon",
            "Holysloot",
            "Hoofddorp",
            "Hoogkarspel",
            "Hoogwoud",
            "Hoorn",
            "Horstermeer",
            "Huigsloot",
            "Huisduinen",
            "Huizen",
            "IJburg",
            "IJmuiden",
            "Ilpendam",
            "Jisp",
            "Jordaan",
            "Julianadorp",
            "Kadoelen",
            "Kalverdijk",
            "Kapel",
            "Katwoude",
            "Kerkbuurt",
            "Kerkelanden",
            "Koedijk",
            "Koggenland",
            "Kolhorn",
            "Koog aan de Zaan",
            "Kortenhoef",
            "Krabbendam",
            "Kreileroord",
            "Krommenie",
            "Kudelstaart",
            "Kwadijk",
            "Lambertschaag",
            "Landsmeer",
            "Langedijk",
            "Langeheit",
            "Langereis",
            "Laren",
            "Leimuiderbrug",
            "Lijnden",
            "Limmen",
            "Lisserbroek",
            "Loosdrecht",
            "Lutjebroek",
            "Lutjewinkel",
            "Marken",
            "Markenbinnen",
            "Medemblik",
            "Middelie",
            "Middenbeemster",
            "Middenmeer",
            "Midwoud",
            "Moerbeek",
            "Monnickendam",
            "Muiden",
            "Muiderberg",
            "Muyeveld",
            "Naarden",
            "Neck",
            "Nederhorst den Berg",
            "Nes aan de Amstel",
            "Nibbixwoud",
            "Nieuw-Loosdrecht",
            "Nieuw-Vennep",
            "Nieuwe Meer",
            "Nieuwe Niedorp",
            "Nieuwebrug",
            "Nieuwendam",
            "Nieuwesluis",
            "Noord-Scharwoude",
            "Noordbeemster",
            "Noordburen",
            "Noorddijk",
            "Noordeinde",
            "Obdam",
            "Omval",
            "Onderdijk",
            "Oost-Graftdijk",
            "Oosteinde",
            "Oosterdijk",
            "Oosterend",
            "Oosterland",
            "Oosterleek",
            "Oosterzij",
            "Oosthuizen",
            "Oostknollendam",
            "Oostwoud",
            "Oostzaan",
            "Opmeer",
            "Opperdoes",
            "Osdorp",
            "Oterleek",
            "Oud-Loosdrecht",
            "Oude Meer",
            "Oude Niedorp",
            "Oudendijk",
            "Ouder-Amstel",
            "Ouderkerk aan de Amstel",
            "Oudeschild",
            "Oudesluis",
            "Oudkarspel",
            "Oudorp",
            "Overleek",
            "Overmeer",
            "Overveen",
            "Penningsveer",
            "Petten",
            "Purmerend",
            "Purmerland",
            "Ransdorp",
            "Rijsenhout",
            "Risdam",
            "Ruigoord",
            "Rustenburg",
            "Santpoort",
            "Schagen",
            "Schagerbrug",
            "Schalkwijk",
            "Schardam",
            "Scharwoude",
            "Schellingwoude",
            "Schellinkhout",
            "Schermerhorn",
            "Schiphol-Rijk",
            "Schoorl",
            "Schoorldam",
            "Sijbekarspel",
            "Sint Maartenszee",
            "Sint Pancras",
            "Slootdorp",
            "Sloten",
            "Sloterdijk",
            "Slotermeer",
            "Slotervaart (former borough)",
            "Spaarndam-Oost",
            "Spaarndam-West",
            "Spaarnwoude",
            "Spanbroek",
            "Spierdijk",
            "Spijkerboor",
            "Starnmeer",
            "Stede Broec",
            "Stierop",
            "Stompetoren",
            "Stroe",
            "Stroet",
            "Terdiek",
            "Texel",
            "Tuindorp Oostzaan",
            "Tuitjenhorn",
            "Twisk",
            "Uitdam",
            "Uitgeest",
            "Uithoorn",
            "Ursem",
            "Valkkoog",
            "Van Ewijcksluis",
            "Vatrop",
            "Veenhuizen",
            "Velsen",
            "Velsen-Zuid",
            "Velserbroek",
            "Venhuizen",
            "Vijfhuizen",
            "Vinkebrug",
            "Vogelenzang",
            "Volendam",
            "Waarland",
            "Wadway",
            "Warder",
            "Warmenhuizen",
            "Waterakkers",
            "Watergang",
            "Watergraafsmeer",
            "Wateringskant",
            "Waterland",
            "Waver",
            "Weesp",
            "Weidevenne",
            "Wervershoof",
            "West-Graftdijk",
            "West-Knollendam",
            "Westbeemster",
            "Westerland",
            "Westwoud",
            "Westzaan",
            "Weteringbrug",
            "Wieringerwaard",
            "Wieringerwerf",
            "Wijdemeren",
            "Wijdenes",
            "Wijdewormer",
            "Wijk aan Zee",
            "Wimmenum",
            "Winkel",
            "Wognum",
            "Wormerland",
            "Wormerveer",
            "Zaandam",
            "Zaandijk",
            "Zaanstad",
            "Zandvoort",
            "Zuid-Scharwoude",
            "Zuidermeer",
            "Zwaag",
            "Zwaagdijk-Oost",
            "Zwaagdijk-West",
            "Zwaanshoek"
        ]
    },
    {
        "name": "Overijssel",
        "cities": [
            "Almelo",
            "Baalder",
            "Berkum",
            "Blokzijl",
            "Borgele",
            "Borne",
            "Boskamp",
            "Brunnepe",
            "Dalfsen",
            "De Hoven",
            "Delden",
            "Den Ham",
            "Deventer",
            "Diepenheim",
            "Enschede",
            "Flevowijk",
            "Frankhuis",
            "Giethoorn",
            "Goor",
            "Grafhorst",
            "Haaksbergen",
            "Haarle",
            "Hardenberg",
            "Hasselt",
            "Heino",
            "Hengelo",
            "Hengevelde",
            "Het Oostrik",
            "Kampen",
            "Klein Driene",
            "Losser",
            "Magele",
            "Markelo",
            "Mekkelholt",
            "Nieuwoord",
            "Nijrees",
            "Oldemarkt",
            "Oldenzaal",
            "Olst",
            "Ommen",
            "Oosterholt",
            "Oostermeenthe",
            "Ootmarsum",
            "Pathmos",
            "Pierik",
            "Raalte",
            "Rossum",
            "Schalkhaar",
            "Sint Jansklooster",
            "Staphorst",
            "Steenwijk",
            "Steenwijkerwold",
            "Tubbergen",
            "Tuk",
            "Twekkelerveld",
            "Vollenhove",
            "Vriezenveen",
            "Vroomshoop",
            "Westerhaar-Vriezenveensewijk",
            "Wierden",
            "Wijhe",
            "Woolde",
            "Wooldrik",
            "Zuid-Berghuizen",
            "Zwolle"
        ]
    },
    {
        "name": "Saba",
        "cities": []
    },
    {
        "name": "Sint Eustatius",
        "cities": []
    },
    {
        "name": "South Holland",
        "cities": [
            "'s-Gravenland",
            "'s-Gravenzande",
            "Adegeest",
            "Alblasserdam",
            "Alphen aan den Rijn",
            "Ammerstol",
            "Arkel",
            "Barendrecht",
            "Benthuizen",
            "Bergschenhoek",
            "Bergstoep",
            "Berkel en Rodenrijs",
            "Berkenwoude",
            "Binnenhof",
            "Bleiswijk",
            "Bleskensgraaf",
            "Bloemendaal",
            "Bloemhof",
            "Bodegraven",
            "Bodegraven-Reeuwijk",
            "Bolnes",
            "Boskoop",
            "Boven-Hardinxveld",
            "Brielle",
            "Capelle aan den IJssel",
            "Capelle-West",
            "Carnisse",
            "De Kieviet",
            "De Lier",
            "De Peulen",
            "Delfshaven",
            "Delft",
            "Dirksland",
            "Dordrecht",
            "Driebruggen",
            "Driemanspolder",
            "Duindorp",
            "Duinzigt",
            "Essesteijn",
            "Feijenoord",
            "Giessenburg",
            "Giessendam",
            "Goedereede",
            "Gorinchem",
            "Gouda",
            "Gouderak",
            "Goudswaard",
            "Gouwsluis",
            "Groenswaard",
            "Groot IJsselmonde",
            "Groot-Ammers",
            "Haastrecht",
            "Heerjansdam",
            "Heijplaat",
            "Hellevoetsluis",
            "Hendrik-Ido-Ambacht",
            "Hillegom",
            "Hoek van Holland",
            "Hoge Mors",
            "Honselersdijk",
            "Hoogblokland",
            "Hoogmade",
            "Katendrecht",
            "Katwijk aan den Rijn",
            "Katwijk aan Zee",
            "Kerkehout",
            "Kijkduin",
            "Klaaswaal",
            "Kop van Zuid",
            "Krimpen aan den IJssel",
            "Krimpenerwaard",
            "Kwintsheul",
            "Leiden",
            "Leiderdorp",
            "Leimuiden",
            "Liesveld",
            "Lisse",
            "Lombardijen",
            "Maasdijk",
            "Maasland",
            "Maassluis",
            "Merenwijk",
            "Middelharnis",
            "Middelsluis",
            "Mijnsheerenland",
            "Monster",
            "Naaldwijk",
            "Neder-Hardinxveld",
            "Nieuw-Beijerland",
            "Nieuw-Lekkerland",
            "Nieuwenhoorn",
            "Nieuwkoop",
            "Nieuwpoort",
            "Nieuwveen",
            "Nissewaard",
            "Noord-Hofland",
            "Noordeinde",
            "Noordeloos",
            "Noordwijk-Binnen",
            "Noordwijkerhout",
            "Numansdorp",
            "Oegstgeest",
            "Ommoord",
            "Oostdorp",
            "Oostvoorne",
            "Oranjewijk",
            "Oud-Beijerland",
            "Ouddorp",
            "Oude Wetering",
            "Ouderkerk aan den IJssel",
            "Overschie",
            "Palenstein",
            "Papendrecht",
            "Papenveer",
            "Pendrecht",
            "Pernis",
            "Piershil",
            "Pijnacker",
            "Poeldijk",
            "Reeuwijk",
            "Rhoon",
            "Ridderkerk",
            "Rijnsaterwoude",
            "Rijnsburg",
            "Rijpwetering",
            "Rijsoord",
            "Rijswijk",
            "Rockanje",
            "Roelofarendsveen",
            "Rotterdam",
            "Rozenburg",
            "Rugge",
            "Sassenheim",
            "Schelluinen",
            "Scheveningen",
            "Schiebroek",
            "Schiedam",
            "Schipluiden",
            "Schoonhoven",
            "Sliedrecht",
            "Slikkerveer",
            "Spangen",
            "Spijkenisse",
            "Spoorwijk",
            "Statenkwartier",
            "Stein",
            "Stolwijk",
            "Strijen",
            "Strijp",
            "Terbregge",
            "The Hague",
            "Tuindorp",
            "Valkenburg",
            "Vierpolders",
            "Vlaardingen",
            "Vlietwijk",
            "Vogelwijk",
            "Vondelwijk",
            "Voorburg",
            "Voorhout",
            "Voorschoten",
            "Vreewijk",
            "Waarder",
            "Waddinxveen",
            "Warmond",
            "Wassenaar",
            "Weerestein",
            "Weijpoort",
            "Westmaas",
            "Woubrugge",
            "Ypenburg",
            "Zevenhoven",
            "Zoetermeer",
            "Zoeterwoude-Dorp",
            "Zuid-Beijerland",
            "Zuidwijk",
            "Zwijndrecht"
        ]
    },
    {
        "name": "Utrecht",
        "cities": [
            "Abcoude",
            "Amerongen",
            "Amersfoort",
            "Austerlitz",
            "Baambrugge",
            "Baarn",
            "Bosch en Duin",
            "Breukelen",
            "Bunnik",
            "Bunschoten",
            "Cothen",
            "De Bilt",
            "De Hagen",
            "De Uithof",
            "Doorn",
            "Driebergen-Rijsenburg",
            "Groenekan",
            "Hollandsche Rading",
            "Houten",
            "IJsselstein",
            "Kedichem",
            "Kerckebosch",
            "Langenoord",
            "Leerdam",
            "Leersum",
            "Leusden",
            "Linschoten",
            "Lopik",
            "Lunetten",
            "Maarn",
            "Maarssen",
            "Maartensdijk",
            "Mijdrecht",
            "Montfoort",
            "Nieuwegein",
            "Nijenheim",
            "Odijk",
            "Oog in Al",
            "Oudewater",
            "Overberg",
            "Randenbroek",
            "Renswoude",
            "Rhenen",
            "Schoonrewoerd",
            "Soest",
            "Soestdijk",
            "Spakenburg",
            "Spechtenkamp",
            "Stichtse Vecht",
            "Utrecht",
            "Veenendaal",
            "Veldhuizen",
            "Vianen",
            "Vinkeveen",
            "Vleuten",
            "Vreeswijk",
            "Werkhoven",
            "Wijk bij Duurstede",
            "Wilnis",
            "Woerden",
            "Woudenberg",
            "Zeist"
        ]
    },
    {
        "name": "Zeeland",
        "cities": [
            "Aagtekerke",
            "Aardenburg",
            "Arnemuiden",
            "Axel",
            "Borssele",
            "Breskens",
            "Brouwershaven",
            "Bruinisse",
            "Colijnsplaat",
            "Dauwendaele",
            "Domburg",
            "Goes",
            "Griffioen",
            "Grijpskerke",
            "Haamstede",
            "Hulst",
            "IJzendijke",
            "Kamperland",
            "Kapelle",
            "Klarenbeek",
            "Kloetinge",
            "Koewacht",
            "Koudekerke",
            "Lammerenburg",
            "Malta",
            "Meliskerke",
            "Middelburg",
            "Nieuw- en Sint Joosland",
            "Nieuwerkerk",
            "Oostburg",
            "Oosterland",
            "Oostkapelle",
            "Othene",
            "Oud-Vossemeer",
            "Poortvliet",
            "Renesse",
            "Sas van Gent",
            "Scharendijke",
            "Scherpenisse",
            "Schoondijke",
            "Schouwen-Duiveland",
            "Serooskerke",
            "Sint Laurens",
            "Sint Philipsland",
            "Sluis",
            "Sluiskil",
            "Stavenisse",
            "Terneuzen",
            "Tholen",
            "Vlissingen",
            "Waarde",
            "Wemeldinge",
            "West-Souburg",
            "Westdorpe",
            "Westerzicht",
            "Westkapelle",
            "Wissenkerke",
            "Wolphaartsdijk",
            "Yerseke",
            "Zaamslag",
            "Zierikzee",
            "Zoutelande"
        ]
    }
]