[
    {
        "name": "Bonaire"
    },
    {
        "name": "Drenthe"
    },
    {
        "name": "Flevoland"
    },
    {
        "name": "Friesland"
    },
    {
        "name": "Gelderland"
    },
    {
        "name": "Groningen"
    },
    {
        "name": "Limburg"
    },
    {
        "name": "North Brabant"
    },
    {
        "name": "North Holland"
    },
    {
        "name": "Overijssel"
    },
    {
        "name": "Saba"
    },
    {
        "name": "Sint Eustatius"
    },
    {
        "name": "South Holland"
    },
    {
        "name": "Utrecht"
    },
    {
        "name": "Zeeland"
    }
]