[
    {
        "name": "Aberdeen"
    },
    {
        "name": "Aberdeenshire"
    },
    {
        "name": "Angus"
    },
    {
        "name": "Antrim"
    },
    {
        "name": "Antrim and Newtownabbey"
    },
    {
        "name": "Ards"
    },
    {
        "name": "Ards and North Down"
    },
    {
        "name": "Argyll and Bute"
    },
    {
        "name": "Armagh City and District Council"
    },
    {
        "name": "Armagh, Banbridge and Craigavon"
    },
    {
        "name": "Ascension Island"
    },
    {
        "name": "Ballymena Borough"
    },
    {
        "name": "Ballymoney"
    },
    {
        "name": "Banbridge"
    },
    {
        "name": "Barnsley"
    },
    {
        "name": "Bath and North East Somerset"
    },
    {
        "name": "Bedford"
    },
    {
        "name": "Belfast district"
    },
    {
        "name": "Birmingham"
    },
    {
        "name": "Blackburn with Darwen"
    },
    {
        "name": "Blackpool"
    },
    {
        "name": "Blaenau Gwent County Borough"
    },
    {
        "name": "Bolton"
    },
    {
        "name": "Bournemouth"
    },
    {
        "name": "Bracknell Forest"
    },
    {
        "name": "Bradford"
    },
    {
        "name": "Bridgend County Borough"
    },
    {
        "name": "Brighton and Hove"
    },
    {
        "name": "Buckinghamshire"
    },
    {
        "name": "Bury"
    },
    {
        "name": "Caerphilly County Borough"
    },
    {
        "name": "Calderdale"
    },
    {
        "name": "Cambridgeshire"
    },
    {
        "name": "Carmarthenshire"
    },
    {
        "name": "Carrickfergus Borough Council"
    },
    {
        "name": "Castlereagh"
    },
    {
        "name": "Causeway Coast and Glens"
    },
    {
        "name": "Central Bedfordshire"
    },
    {
        "name": "Ceredigion"
    },
    {
        "name": "Cheshire East"
    },
    {
        "name": "Cheshire West and Chester"
    },
    {
        "name": "City and County of Cardiff"
    },
    {
        "name": "City and County of Swansea"
    },
    {
        "name": "City of Bristol"
    },
    {
        "name": "City of Derby"
    },
    {
        "name": "City of Kingston upon Hull"
    },
    {
        "name": "City of Leicester"
    },
    {
        "name": "City of London"
    },
    {
        "name": "City of Nottingham"
    },
    {
        "name": "City of Peterborough"
    },
    {
        "name": "City of Plymouth"
    },
    {
        "name": "City of Portsmouth"
    },
    {
        "name": "City of Southampton"
    },
    {
        "name": "City of Stoke-on-Trent"
    },
    {
        "name": "City of Sunderland"
    },
    {
        "name": "City of Westminster"
    },
    {
        "name": "City of Wolverhampton"
    },
    {
        "name": "City of York"
    },
    {
        "name": "Clackmannanshire"
    },
    {
        "name": "Coleraine Borough Council"
    },
    {
        "name": "Conwy County Borough"
    },
    {
        "name": "Cookstown District Council"
    },
    {
        "name": "Cornwall"
    },
    {
        "name": "County Durham"
    },
    {
        "name": "Coventry"
    },
    {
        "name": "Craigavon Borough Council"
    },
    {
        "name": "Cumbria"
    },
    {
        "name": "Darlington"
    },
    {
        "name": "Denbighshire"
    },
    {
        "name": "Derbyshire"
    },
    {
        "name": "Derry City and Strabane"
    },
    {
        "name": "Derry City Council"
    },
    {
        "name": "Devon"
    },
    {
        "name": "Doncaster"
    },
    {
        "name": "Dorset"
    },
    {
        "name": "Down District Council"
    },
    {
        "name": "Dudley"
    },
    {
        "name": "Dumfries and Galloway"
    },
    {
        "name": "Dundee"
    },
    {
        "name": "Dungannon and South Tyrone Borough Council"
    },
    {
        "name": "East Ayrshire"
    },
    {
        "name": "East Dunbartonshire"
    },
    {
        "name": "East Lothian"
    },
    {
        "name": "East Renfrewshire"
    },
    {
        "name": "East Riding of Yorkshire"
    },
    {
        "name": "East Sussex"
    },
    {
        "name": "Edinburgh"
    },
    {
        "name": "England"
    },
    {
        "name": "Essex"
    },
    {
        "name": "Falkirk"
    },
    {
        "name": "Fermanagh and Omagh"
    },
    {
        "name": "Fermanagh District Council"
    },
    {
        "name": "Fife"
    },
    {
        "name": "Flintshire"
    },
    {
        "name": "Gateshead"
    },
    {
        "name": "Glasgow"
    },
    {
        "name": "Gloucestershire"
    },
    {
        "name": "Gwynedd"
    },
    {
        "name": "Halton"
    },
    {
        "name": "Hampshire"
    },
    {
        "name": "Hartlepool"
    },
    {
        "name": "Herefordshire"
    },
    {
        "name": "Hertfordshire"
    },
    {
        "name": "Highland"
    },
    {
        "name": "Inverclyde"
    },
    {
        "name": "Isle of Wight"
    },
    {
        "name": "Isles of Scilly"
    },
    {
        "name": "Kent"
    },
    {
        "name": "Kirklees"
    },
    {
        "name": "Knowsley"
    },
    {
        "name": "Lancashire"
    },
    {
        "name": "Larne Borough Council"
    },
    {
        "name": "Leeds"
    },
    {
        "name": "Leicestershire"
    },
    {
        "name": "Limavady Borough Council"
    },
    {
        "name": "Lincolnshire"
    },
    {
        "name": "Lisburn and Castlereagh"
    },
    {
        "name": "Lisburn City Council"
    },
    {
        "name": "Liverpool"
    },
    {
        "name": "London Borough of Barking and Dagenham"
    },
    {
        "name": "London Borough of Barnet"
    },
    {
        "name": "London Borough of Bexley"
    },
    {
        "name": "London Borough of Brent"
    },
    {
        "name": "London Borough of Bromley"
    },
    {
        "name": "London Borough of Camden"
    },
    {
        "name": "London Borough of Croydon"
    },
    {
        "name": "London Borough of Ealing"
    },
    {
        "name": "London Borough of Enfield"
    },
    {
        "name": "London Borough of Hackney"
    },
    {
        "name": "London Borough of Hammersmith and Fulham"
    },
    {
        "name": "London Borough of Haringey"
    },
    {
        "name": "London Borough of Harrow"
    },
    {
        "name": "London Borough of Havering"
    },
    {
        "name": "London Borough of Hillingdon"
    },
    {
        "name": "London Borough of Hounslow"
    },
    {
        "name": "London Borough of Islington"
    },
    {
        "name": "London Borough of Lambeth"
    },
    {
        "name": "London Borough of Lewisham"
    },
    {
        "name": "London Borough of Merton"
    },
    {
        "name": "London Borough of Newham"
    },
    {
        "name": "London Borough of Redbridge"
    },
    {
        "name": "London Borough of Richmond upon Thames"
    },
    {
        "name": "London Borough of Southwark"
    },
    {
        "name": "London Borough of Sutton"
    },
    {
        "name": "London Borough of Tower Hamlets"
    },
    {
        "name": "London Borough of Waltham Forest"
    },
    {
        "name": "London Borough of Wandsworth"
    },
    {
        "name": "Magherafelt District Council"
    },
    {
        "name": "Manchester"
    },
    {
        "name": "Medway"
    },
    {
        "name": "Merthyr Tydfil County Borough"
    },
    {
        "name": "Metropolitan Borough of Wigan"
    },
    {
        "name": "Mid and East Antrim"
    },
    {
        "name": "Mid Ulster"
    },
    {
        "name": "Middlesbrough"
    },
    {
        "name": "Midlothian"
    },
    {
        "name": "Milton Keynes"
    },
    {
        "name": "Monmouthshire"
    },
    {
        "name": "Moray"
    },
    {
        "name": "Moyle District Council"
    },
    {
        "name": "Neath Port Talbot County Borough"
    },
    {
        "name": "Newcastle upon Tyne"
    },
    {
        "name": "Newport"
    },
    {
        "name": "Newry and Mourne District Council"
    },
    {
        "name": "Newry, Mourne and Down"
    },
    {
        "name": "Newtownabbey Borough Council"
    },
    {
        "name": "Norfolk"
    },
    {
        "name": "North Ayrshire"
    },
    {
        "name": "North Down Borough Council"
    },
    {
        "name": "North East Lincolnshire"
    },
    {
        "name": "North Lanarkshire"
    },
    {
        "name": "North Lincolnshire"
    },
    {
        "name": "North Somerset"
    },
    {
        "name": "North Tyneside"
    },
    {
        "name": "North Yorkshire"
    },
    {
        "name": "Northamptonshire"
    },
    {
        "name": "Northern Ireland"
    },
    {
        "name": "Northumberland"
    },
    {
        "name": "Nottinghamshire"
    },
    {
        "name": "Oldham"
    },
    {
        "name": "Omagh District Council"
    },
    {
        "name": "Orkney Islands"
    },
    {
        "name": "Outer Hebrides"
    },
    {
        "name": "Oxfordshire"
    },
    {
        "name": "Pembrokeshire"
    },
    {
        "name": "Perth and Kinross"
    },
    {
        "name": "Poole"
    },
    {
        "name": "Powys"
    },
    {
        "name": "Reading"
    },
    {
        "name": "Redcar and Cleveland"
    },
    {
        "name": "Renfrewshire"
    },
    {
        "name": "Rhondda Cynon Taf"
    },
    {
        "name": "Rochdale"
    },
    {
        "name": "Rotherham"
    },
    {
        "name": "Royal Borough of Greenwich"
    },
    {
        "name": "Royal Borough of Kensington and Chelsea"
    },
    {
        "name": "Royal Borough of Kingston upon Thames"
    },
    {
        "name": "Rutland"
    },
    {
        "name": "Saint Helena"
    },
    {
        "name": "Salford"
    },
    {
        "name": "Sandwell"
    },
    {
        "name": "Scotland"
    },
    {
        "name": "Scottish Borders"
    },
    {
        "name": "Sefton"
    },
    {
        "name": "Sheffield"
    },
    {
        "name": "Shetland Islands"
    },
    {
        "name": "Shropshire"
    },
    {
        "name": "Slough"
    },
    {
        "name": "Solihull"
    },
    {
        "name": "Somerset"
    },
    {
        "name": "South Ayrshire"
    },
    {
        "name": "South Gloucestershire"
    },
    {
        "name": "South Lanarkshire"
    },
    {
        "name": "South Tyneside"
    },
    {
        "name": "Southend-on-Sea"
    },
    {
        "name": "St Helens"
    },
    {
        "name": "Staffordshire"
    },
    {
        "name": "Stirling"
    },
    {
        "name": "Stockport"
    },
    {
        "name": "Stockton-on-Tees"
    },
    {
        "name": "Strabane District Council"
    },
    {
        "name": "Suffolk"
    },
    {
        "name": "Surrey"
    },
    {
        "name": "Swindon"
    },
    {
        "name": "Tameside"
    },
    {
        "name": "Telford and Wrekin"
    },
    {
        "name": "Thurrock"
    },
    {
        "name": "Torbay"
    },
    {
        "name": "Torfaen"
    },
    {
        "name": "Trafford"
    },
    {
        "name": "United Kingdom"
    },
    {
        "name": "Vale of Glamorgan"
    },
    {
        "name": "Wakefield"
    },
    {
        "name": "Wales"
    },
    {
        "name": "Walsall"
    },
    {
        "name": "Warrington"
    },
    {
        "name": "Warwickshire"
    },
    {
        "name": "West Berkshire"
    },
    {
        "name": "West Dunbartonshire"
    },
    {
        "name": "West Lothian"
    },
    {
        "name": "West Sussex"
    },
    {
        "name": "Wiltshire"
    },
    {
        "name": "Windsor and Maidenhead"
    },
    {
        "name": "Wirral"
    },
    {
        "name": "Wokingham"
    },
    {
        "name": "Worcestershire"
    },
    {
        "name": "Wrexham County Borough"
    }
]