[
    {
        "name": "Antwerp",
        "cities": []
    },
    {
        "name": "Brussels-Capital Region",
        "cities": [
            "Brussels"
        ]
    },
    {
        "name": "East Flanders",
        "cities": []
    },
    {
        "name": "Flanders",
        "cities": [
            "Aalst",
            "Aalter",
            "Aarschot",
            "Aartselaar",
            "Alken",
            "Alveringem",
            "Antwerpen",
            "Anzegem",
            "Ardooie",
            "Arendonk",
            "As",
            "Asse",
            "Assenede",
            "Avelgem",
            "Baarle-Hertog",
            "Balen",
            "Beernem",
            "Beerse",
            "Beersel",
            "Begijnendijk",
            "Bekkevoort",
            "Beringen",
            "Berlaar",
            "Berlare",
            "Bertem",
            "Bever",
            "Beveren",
            "Bierbeek",
            "Bilzen",
            "Blankenberge",
            "Bocholt",
            "Boechout",
            "Bonheiden",
            "Boom",
            "Boortmeerbeek",
            "Borgloon",
            "Bornem",
            "Borsbeek",
            "Boutersem",
            "Brasschaat",
            "Brecht",
            "Bredene",
            "Bree",
            "Brugge",
            "Buggenhout",
            "Damme",
            "De Haan",
            "De Panne",
            "De Pinte",
            "Deerlijk",
            "Deinze",
            "Denderleeuw",
            "Dendermonde",
            "Dentergem",
            "Dessel",
            "Destelbergen",
            "Deurne",
            "Diegem",
            "Diepenbeek",
            "Diest",
            "Diksmuide",
            "Dilbeek",
            "Drogenbos",
            "Duffel",
            "Edegem",
            "Eeklo",
            "Essen",
            "Evergem",
            "Galmaarden",
            "Gavere",
            "Geel",
            "Geetbets",
            "Genk",
            "Gent",
            "Geraardsbergen",
            "Gingelom",
            "Gistel",
            "Glabbeek",
            "Gooik",
            "Grimbergen",
            "Grobbendonk",
            "Haacht",
            "Haaltert",
            "Halen",
            "Halle",
            "Hamme",
            "Harelbeke",
            "Hasselt",
            "Heers",
            "Heist-op-den-Berg",
            "Helchteren",
            "Hemiksem",
            "Herent",
            "Herentals",
            "Herenthout",
            "Herk-de-Stad",
            "Herne",
            "Herselt",
            "Herzele",
            "Heusden",
            "Hoboken",
            "Hoegaarden",
            "Hoeilaart",
            "Hoeselt",
            "Holsbeek",
            "Hooglede",
            "Hoogstraten",
            "Houthalen",
            "Houthulst",
            "Hove",
            "Huldenberg",
            "Hulshout",
            "Ichtegem",
            "Ieper",
            "Ingelmunster",
            "Izegem",
            "Jabbeke",
            "Kalmthout",
            "Kampenhout",
            "Kapelle-op-den-Bos",
            "Kapellen",
            "Kaprijke",
            "Kasterlee",
            "Keerbergen",
            "Kinrooi",
            "Knesselare",
            "Knokke-Heist",
            "Koekelare",
            "Koksijde",
            "Kontich",
            "Kortemark",
            "Kortenaken",
            "Kortenberg",
            "Kortessem",
            "Kortrijk",
            "Kraainem",
            "Kruibeke",
            "Kruishoutem",
            "Kuurne",
            "Laarne",
            "Lanaken",
            "Landen",
            "Lebbeke",
            "Lede",
            "Ledeberg",
            "Ledegem",
            "Lendelede",
            "Leopoldsburg",
            "Leuven",
            "Lichtervelde",
            "Liedekerke",
            "Lier",
            "Lille",
            "Linkebeek",
            "Lint",
            "Lochristi",
            "Lokeren",
            "Lommel",
            "Londerzeel",
            "Lovendegem",
            "Lubbeek",
            "Lummen",
            "Maaseik",
            "Maasmechelen",
            "Machelen",
            "Maldegem",
            "Mechelen",
            "Meerhout",
            "Meise",
            "Melle",
            "Menen",
            "Merchtem",
            "Merelbeke",
            "Merksplas",
            "Meulebeke",
            "Middelkerke",
            "Moerbeke",
            "Mol",
            "Moorslede",
            "Mortsel",
            "Nazareth",
            "Neerpelt",
            "Nevele",
            "Niel",
            "Nieuwerkerken",
            "Nieuwpoort",
            "Nijlen",
            "Ninove",
            "Olen",
            "Oostduinkerke",
            "Oosterzele",
            "Oostkamp",
            "Oostmalle",
            "Oostrozebeke",
            "Opglabbeek",
            "Opwijk",
            "Ostend",
            "Oud-Heverlee",
            "Oud-Turnhout",
            "Oudenaarde",
            "Oudenburg",
            "Overijse",
            "Overpelt",
            "Peer",
            "Pepingen",
            "Perre",
            "Pittem",
            "Poperinge",
            "Provincie Antwerpen",
            "Provincie Limburg",
            "Provincie Oost-Vlaanderen",
            "Provincie Vlaams-Brabant",
            "Provincie West-Vlaanderen",
            "Putte",
            "Puurs",
            "Ranst",
            "Ravels",
            "Retie",
            "Riemst",
            "Rijkevorsel",
            "Roeselare",
            "Ronse",
            "Rotselaar",
            "Ruiselede",
            "Rumst",
            "Schelle",
            "Schilde",
            "Schoten",
            "Sint-Amands",
            "Sint-Genesius-Rode",
            "Sint-Gillis-Waas",
            "Sint-Joris",
            "Sint-Katelijne-Waver",
            "Sint-Kruis",
            "Sint-Laureins",
            "Sint-Lievens-Houtem",
            "Sint-Maria-Lierde",
            "Sint-Martens-Latem",
            "Sint-Martens-Lennik",
            "Sint-Niklaas",
            "Sint-Pieters-Leeuw",
            "Sint-Pieters-Voeren",
            "Sint-Truiden",
            "Stabroek",
            "Staden",
            "Steenokkerzeel",
            "Stekene",
            "Temse",
            "Terkoest",
            "Ternat",
            "Tervuren",
            "Tessenderlo",
            "Tielt",
            "Tienen",
            "Tongeren",
            "Torhout",
            "Tremelo",
            "Turnhout",
            "Veurne",
            "Vilvoorde",
            "Vorselaar",
            "Vosselaar",
            "Waarschoot",
            "Waasmunster",
            "Wachtebeke",
            "Waregem",
            "Wellen",
            "Wemmel",
            "Wenduine",
            "Wervik",
            "Westerlo",
            "Wetteren",
            "Wevelgem",
            "Wezembeek-Oppem",
            "Wichelen",
            "Wielsbeke",
            "Wijnegem",
            "Willebroek",
            "Wingene",
            "Wommelgem",
            "Wuustwezel",
            "Zandhoven",
            "Zaventem",
            "Zedelgem",
            "Zeebrugge",
            "Zele",
            "Zelzate",
            "Zemst",
            "Zingem",
            "Zoersel",
            "Zomergem",
            "Zonhoven",
            "Zonnebeke",
            "Zottegem",
            "Zoutleeuw",
            "Zuienkerke",
            "Zulte",
            "Zutendaal",
            "Zwevegem",
            "Zwijndrecht"
        ]
    },
    {
        "name": "Flemish Brabant",
        "cities": []
    },
    {
        "name": "Hainaut",
        "cities": []
    },
    {
        "name": "Liège",
        "cities": []
    },
    {
        "name": "Limburg",
        "cities": []
    },
    {
        "name": "Luxembourg",
        "cities": []
    },
    {
        "name": "Namur",
        "cities": []
    },
    {
        "name": "Wallonia",
        "cities": [
            "Aiseau",
            "Amay",
            "Amblève",
            "Andenne",
            "Anderlues",
            "Anhée",
            "Ans",
            "Anthisnes",
            "Antoing",
            "Arlon",
            "Assesse",
            "Ath",
            "Attert",
            "Aubange",
            "Aubel",
            "Awans",
            "Aywaille",
            "Baelen",
            "Basse Lasne",
            "Bassenge",
            "Bastogne",
            "Beaumont",
            "Beauraing",
            "Beauvechain",
            "Beloeil",
            "Berloz",
            "Bernissart",
            "Bertogne",
            "Bertrix",
            "Beyne-Heusay",
            "Bièvre",
            "Binche",
            "Blégny",
            "Bouillon",
            "Boussu",
            "Braine-l'Alleud",
            "Braine-le-Château",
            "Braine-le-Comte",
            "Braives",
            "Brugelette",
            "Brunehault",
            "Bullange",
            "Burdinne",
            "Butgenbach",
            "Celles",
            "Cerfontaine",
            "Chapelle-lez-Herlaimont",
            "Charleroi",
            "Chastre-Villeroux-Blanmont",
            "Châtelet",
            "Chaudfontaine",
            "Chaumont-Gistoux",
            "Chièvres",
            "Chimay",
            "Chiny",
            "Ciney",
            "Clavier",
            "Colfontaine",
            "Comblain-au-Pont",
            "Courcelles",
            "Court-Saint-Étienne",
            "Couvin",
            "Crisnée",
            "Dalhem",
            "Daverdisse",
            "Dinant",
            "Dison",
            "Doische",
            "Donceel",
            "Dour",
            "Durbuy",
            "Écaussinnes-d’Enghien",
            "Éghezée",
            "Ellezelles",
            "Enghien",
            "Engis",
            "Érezée",
            "Erquelinnes",
            "Esneux",
            "Estaimpuis",
            "Estinnes-au-Val",
            "Étalle",
            "Eupen",
            "Faimes",
            "Farciennes",
            "Fauvillers",
            "Ferrières",
            "Fexhe-le-Haut-Clocher",
            "Flémalle-Haute",
            "Fléron",
            "Fleurus",
            "Flobecq",
            "Floreffe",
            "Florennes",
            "Florenville",
            "Forville",
            "Fosses-la-Ville",
            "Frameries",
            "Frasnes-lez-Buissenal",
            "Froidchapelle",
            "Gedinne",
            "Geer",
            "Gembloux",
            "Genappe",
            "Gerpinnes",
            "Gesves",
            "Gouvy",
            "Grez-Doiceau",
            "Habay-la-Vieille",
            "Hamoir",
            "Hamois",
            "Hannut",
            "Hastière-Lavaux",
            "Havelange",
            "Hensies",
            "Herbeumont",
            "Héron",
            "Herstal",
            "Herve",
            "Hotton",
            "Houffalize",
            "Houyet",
            "Huy",
            "Incourt",
            "Ittre",
            "Jalhay",
            "Jodoigne",
            "Juprelle",
            "Jurbise",
            "La Bruyère",
            "La Calamine",
            "La Hulpe",
            "La Louvière",
            "La Roche-en-Ardenne",
            "Léglise",
            "Lens",
            "Lessines",
            "Libin",
            "Liège",
            "Lierneux",
            "Limbourg",
            "Lincent",
            "Lobbes",
            "Lontzen",
            "Louvain-la-Neuve",
            "Malmédy",
            "Manage",
            "Manhay",
            "Marche-en-Famenne",
            "Marchin",
            "Martelange",
            "Meix-devant-Virton",
            "Merbes-le-Château",
            "Messancy",
            "Mettet",
            "Modave",
            "Momignies",
            "Mons",
            "Mons-lez-Liège",
            "Mont-Saint-Guibert",
            "Morlanwelz-Mariemont",
            "Mouscron",
            "Musson",
            "Namur",
            "Nandrin",
            "Nassogne",
            "Neufchâteau",
            "Nivelles",
            "Noville-les-Bois",
            "Ohey",
            "Olne",
            "Onhaye",
            "Oreye",
            "Ottignies",
            "Ouffet",
            "Oupeye",
            "Paliseul",
            "Pecq",
            "Pepinster",
            "Péruwelz",
            "Perwez",
            "Philippeville",
            "Plombières",
            "Pont-à-Celles",
            "Profondeville",
            "Province de Liège",
            "Province de Namur",
            "Province du Brabant Wallon",
            "Province du Hainaut",
            "Province du Luxembourg",
            "Quaregnon",
            "Quévy-le-Petit",
            "Quiévrain",
            "Raeren",
            "Ramillies",
            "Rebecq-Rognon",
            "Remicourt",
            "Rendeux",
            "Rixensart",
            "Rochefort",
            "Roeulx",
            "Rouvroy",
            "Rumes",
            "Saint-Ghislain",
            "Saint-Hubert",
            "Saint-Léger",
            "Saint-Nicolas",
            "Saint-Vith",
            "Sainte-Ode",
            "Seneffe",
            "Seraing",
            "Silly",
            "Soignies",
            "Sombreffe",
            "Somme-Leuze",
            "Soumagne",
            "Spa",
            "Sprimont",
            "Stavelot",
            "Stoumont",
            "Tellin",
            "Tenneville",
            "Theux",
            "Thuin",
            "Tinlot",
            "Tintigny",
            "Tournai",
            "Trois-Ponts",
            "Trooz",
            "Tubize",
            "Vaux-sur-Sûre",
            "Verlaine",
            "Verviers",
            "Vielsalm",
            "Villers-la-Ville",
            "Villers-le-Bouillet",
            "Virton",
            "Visé",
            "Waimes",
            "Walcourt",
            "Walhain-Saint-Paul",
            "Wanze",
            "Waremme",
            "Wasseiges",
            "Waterloo",
            "Wavre",
            "Welkenraedt",
            "Wellin",
            "Yvoir"
        ]
    },
    {
        "name": "Walloon Brabant",
        "cities": []
    },
    {
        "name": "West Flanders",
        "cities": []
    }
]