[
    {
        "name": "Bouenza Department"
    },
    {
        "name": "Brazzaville"
    },
    {
        "name": "Cuvette Department"
    },
    {
        "name": "Cuvette-Ouest Department"
    },
    {
        "name": "Kouilou Department"
    },
    {
        "name": "Lékoumou Department"
    },
    {
        "name": "Likouala Department"
    },
    {
        "name": "Niari Department"
    },
    {
        "name": "Plateaux Department"
    },
    {
        "name": "Pointe-Noire"
    },
    {
        "name": "Pool Department"
    },
    {
        "name": "Sangha Department"
    }
]