[
    {
        "name": "Achaea Regional Unit"
    },
    {
        "name": "Aetolia-Acarnania Regional Unit"
    },
    {
        "name": "Arcadia Prefecture"
    },
    {
        "name": "Argolis Regional Unit"
    },
    {
        "name": "Attica Region"
    },
    {
        "name": "Boeotia Regional Unit"
    },
    {
        "name": "Central Greece Region"
    },
    {
        "name": "Central Macedonia"
    },
    {
        "name": "Chania Regional Unit"
    },
    {
        "name": "Corfu Prefecture"
    },
    {
        "name": "Corinthia Regional Unit"
    },
    {
        "name": "Crete Region"
    },
    {
        "name": "Drama Regional Unit"
    },
    {
        "name": "East Attica Regional Unit"
    },
    {
        "name": "East Macedonia and Thrace"
    },
    {
        "name": "Epirus Region"
    },
    {
        "name": "Euboea"
    },
    {
        "name": "Grevena Prefecture"
    },
    {
        "name": "Imathia Regional Unit"
    },
    {
        "name": "Ioannina Regional Unit"
    },
    {
        "name": "Ionian Islands Region"
    },
    {
        "name": "Karditsa Regional Unit"
    },
    {
        "name": "Kastoria Regional Unit"
    },
    {
        "name": "Kefalonia Prefecture"
    },
    {
        "name": "Kilkis Regional Unit"
    },
    {
        "name": "Kozani Prefecture"
    },
    {
        "name": "Laconia"
    },
    {
        "name": "Larissa Prefecture"
    },
    {
        "name": "Lefkada Regional Unit"
    },
    {
        "name": "Pella Regional Unit"
    },
    {
        "name": "Peloponnese Region"
    },
    {
        "name": "Phthiotis Prefecture"
    },
    {
        "name": "Preveza Prefecture"
    },
    {
        "name": "Serres Prefecture"
    },
    {
        "name": "South Aegean"
    },
    {
        "name": "Thessaloniki Regional Unit"
    },
    {
        "name": "West Greece Region"
    },
    {
        "name": "West Macedonia Region"
    }
]