[
    {
        "name": "Central and Western",
        "cities": [
            "Admiralty",
            "Central"
        ]
    },
    {
        "name": "Eastern",
        "cities": []
    },
    {
        "name": "Islands",
        "cities": [
            "Tai O"
        ]
    },
    {
        "name": "Kowloon City",
        "cities": [
            "Kowloon Tong"
        ]
    },
    {
        "name": "Kwai Tsing",
        "cities": []
    },
    {
        "name": "Kwun Tong",
        "cities": [
            "Kwun Tong",
            "Lam Tin"
        ]
    },
    {
        "name": "North",
        "cities": [
            "Sheung Shui"
        ]
    },
    {
        "name": "Sai Kung",
        "cities": [
            "Sai Kung",
            "Tseung Kwan O"
        ]
    },
    {
        "name": "Sha Tin",
        "cities": [
            "Ma On Shan",
            "Sha Tin",
            "Sha Tin Wai"
        ]
    },
    {
        "name": "Sham Shui Po",
        "cities": [
            "Cheung Sha Wan",
            "Lai Chi Kok"
        ]
    },
    {
        "name": "Southern",
        "cities": [
            "Aberdeen",
            "Stanley",
            "Stanley Peninsula"
        ]
    },
    {
        "name": "Tai Po",
        "cities": [
            "Tai Mei Tuk",
            "Tai Po"
        ]
    },
    {
        "name": "Tsuen Wan",
        "cities": [
            "Tsuen Wan",
            "Tuen Mun\t"
        ]
    },
    {
        "name": "Tuen Mun",
        "cities": []
    },
    {
        "name": "Wan Chai",
        "cities": [
            "Causeway Bay",
            "Wan Chai"
        ]
    },
    {
        "name": "Wong Tai Sin",
        "cities": [
            "Wong Tai Sin"
        ]
    },
    {
        "name": "Yau Tsim Mong",
        "cities": [
            "Mong Kok",
            "Tsim Sha Tsui"
        ]
    },
    {
        "name": "Yuen Long",
        "cities": [
            "Yuen Long"
        ]
    }
]