[
    {
        "name": "Central and Western"
    },
    {
        "name": "Eastern"
    },
    {
        "name": "Islands"
    },
    {
        "name": "Kowloon City"
    },
    {
        "name": "Kwai Tsing"
    },
    {
        "name": "Kwun Tong"
    },
    {
        "name": "North"
    },
    {
        "name": "Sai Kung"
    },
    {
        "name": "Sha Tin"
    },
    {
        "name": "Sham Shui Po"
    },
    {
        "name": "Southern"
    },
    {
        "name": "Tai Po"
    },
    {
        "name": "Tsuen Wan"
    },
    {
        "name": "Tuen Mun"
    },
    {
        "name": "Wan Chai"
    },
    {
        "name": "Wong Tai Sin"
    },
    {
        "name": "Yau Tsim Mong"
    },
    {
        "name": "Yuen Long"
    }
]