[
    {
        "name": "Bubanza Province"
    },
    {
        "name": "Bujumbura Mairie Province"
    },
    {
        "name": "Bujumbura Rural Province"
    },
    {
        "name": "Bururi Province"
    },
    {
        "name": "Cankuzo Province"
    },
    {
        "name": "Cibitoke Province"
    },
    {
        "name": "Gitega Province"
    },
    {
        "name": "Karuzi Province"
    },
    {
        "name": "Kayanza Province"
    },
    {
        "name": "Kirundo Province"
    },
    {
        "name": "Makamba Province"
    },
    {
        "name": "Muramvya Province"
    },
    {
        "name": "Muyinga Province"
    },
    {
        "name": "Mwaro Province"
    },
    {
        "name": "Ngozi Province"
    },
    {
        "name": "Rumonge Province"
    },
    {
        "name": "Rutana Province"
    },
    {
        "name": "Ruyigi Province"
    }
]