[
    {
        "name": "Ad Dakhiliyah"
    },
    {
        "name": "Ad Dhahirah"
    },
    {
        "name": "Al Batinah North"
    },
    {
        "name": "Al Batinah Region"
    },
    {
        "name": "Al Batinah South"
    },
    {
        "name": "Al Buraimi"
    },
    {
        "name": "Al Wusta"
    },
    {
        "name": "Ash Sharqiyah North"
    },
    {
        "name": "Ash Sharqiyah Region"
    },
    {
        "name": "Ash Sharqiyah South"
    },
    {
        "name": "Dhofar"
    },
    {
        "name": "Musandam"
    },
    {
        "name": "Muscat"
    }
]