[
    {
        "name": "Akmenė District Municipality"
    },
    {
        "name": "Alytus City Municipality"
    },
    {
        "name": "Alytus County"
    },
    {
        "name": "Alytus District Municipality"
    },
    {
        "name": "Birštonas Municipality"
    },
    {
        "name": "Biržai District Municipality"
    },
    {
        "name": "Druskininkai municipality"
    },
    {
        "name": "Elektrėnai municipality"
    },
    {
        "name": "Ignalina District Municipality"
    },
    {
        "name": "Jonava District Municipality"
    },
    {
        "name": "Joniškis District Municipality"
    },
    {
        "name": "Jurbarkas District Municipality"
    },
    {
        "name": "Kaišiadorys District Municipality"
    },
    {
        "name": "Kalvarija municipality"
    },
    {
        "name": "Kaunas City Municipality"
    },
    {
        "name": "Kaunas County"
    },
    {
        "name": "Kaunas District Municipality"
    },
    {
        "name": "Kazlų Rūda municipality"
    },
    {
        "name": "Kėdainiai District Municipality"
    },
    {
        "name": "Kelmė District Municipality"
    },
    {
        "name": "Klaipeda City Municipality"
    },
    {
        "name": "Klaipėda County"
    },
    {
        "name": "Klaipėda District Municipality"
    },
    {
        "name": "Kretinga District Municipality"
    },
    {
        "name": "Kupiškis District Municipality"
    },
    {
        "name": "Lazdijai District Municipality"
    },
    {
        "name": "Marijampolė County"
    },
    {
        "name": "Marijampolė Municipality"
    },
    {
        "name": "Mažeikiai District Municipality"
    },
    {
        "name": "Molėtai District Municipality"
    },
    {
        "name": "Neringa Municipality"
    },
    {
        "name": "Pagėgiai municipality"
    },
    {
        "name": "Pakruojis District Municipality"
    },
    {
        "name": "Palanga City Municipality"
    },
    {
        "name": "Panevėžys City Municipality"
    },
    {
        "name": "Panevėžys County"
    },
    {
        "name": "Panevėžys District Municipality"
    },
    {
        "name": "Pasvalys District Municipality"
    },
    {
        "name": "Plungė District Municipality"
    },
    {
        "name": "Prienai District Municipality"
    },
    {
        "name": "Radviliškis District Municipality"
    },
    {
        "name": "Raseiniai District Municipality"
    },
    {
        "name": "Rietavas municipality"
    },
    {
        "name": "Rokiškis District Municipality"
    },
    {
        "name": "Šakiai District Municipality"
    },
    {
        "name": "Šalčininkai District Municipality"
    },
    {
        "name": "Šiauliai City Municipality"
    },
    {
        "name": "Šiauliai County"
    },
    {
        "name": "Šiauliai District Municipality"
    },
    {
        "name": "Šilalė District Municipality"
    },
    {
        "name": "Šilutė District Municipality"
    },
    {
        "name": "Širvintos District Municipality"
    },
    {
        "name": "Skuodas District Municipality"
    },
    {
        "name": "Švenčionys District Municipality"
    },
    {
        "name": "Tauragė County"
    },
    {
        "name": "Tauragė District Municipality"
    },
    {
        "name": "Telšiai County"
    },
    {
        "name": "Telšiai District Municipality"
    },
    {
        "name": "Trakai District Municipality"
    },
    {
        "name": "Ukmergė District Municipality"
    },
    {
        "name": "Utena County"
    },
    {
        "name": "Utena District Municipality"
    },
    {
        "name": "Varėna District Municipality"
    },
    {
        "name": "Vilkaviškis District Municipality"
    },
    {
        "name": "Vilnius City Municipality"
    },
    {
        "name": "Vilnius County"
    },
    {
        "name": "Vilnius District Municipality"
    },
    {
        "name": "Visaginas Municipality"
    },
    {
        "name": "Zarasai District Municipality"
    }
]