[
    {
        "name": "Alberta",
        "abbreviation": "AB"
    },
    {
        "name": "British Columbia",
        "abbreviation": "BC"
    },
    {
        "name": "Manitoba",
        "abbreviation": "MB"
    },
    {
        "name": "New Brunswick",
        "abbreviation": "NB"
    },
    {
        "name": "Newfoundland",
        "abbreviation": "NF"
    },
    {
        "name": "Northwest Territories",
        "abbreviation": "NT"
    },
    {
        "name": "Nova Scotia",
        "abbreviation": "NS"
    },
    {
        "name": "Nunavut",
        "abbreviation": "NU"
    },
    {
        "name": "Ontario",
        "abbreviation": "ON"
    },
    {
        "name": "Prince Edward Island",
        "abbreviation": "PE"
    },
    {
        "name": "Quebec",
        "abbreviation": "PQ"
    },
    {
        "name": "Saskatchewan",
        "abbreviation": "SK"
    },
    {
        "name": "Yukon",
        "abbreviation": "YT"
    }
]
