[
    {
        "name": "Balaka District"
    },
    {
        "name": "Blantyre District"
    },
    {
        "name": "Central Region"
    },
    {
        "name": "Chikwawa District"
    },
    {
        "name": "Chiradzulu District"
    },
    {
        "name": "Chitipa district"
    },
    {
        "name": "Dedza District"
    },
    {
        "name": "Dowa District"
    },
    {
        "name": "Karonga District"
    },
    {
        "name": "Kasungu District"
    },
    {
        "name": "Likoma District"
    },
    {
        "name": "Lilongwe District"
    },
    {
        "name": "Machinga District"
    },
    {
        "name": "Mangochi District"
    },
    {
        "name": "Mchinji District"
    },
    {
        "name": "Mulanje District"
    },
    {
        "name": "Mwanza District"
    },
    {
        "name": "Mzimba District"
    },
    {
        "name": "Nkhata Bay District"
    },
    {
        "name": "Nkhotakota District"
    },
    {
        "name": "Northern Region"
    },
    {
        "name": "Nsanje District"
    },
    {
        "name": "Ntcheu District"
    },
    {
        "name": "Ntchisi District"
    },
    {
        "name": "Phalombe District"
    },
    {
        "name": "Rumphi District"
    },
    {
        "name": "Salima District"
    },
    {
        "name": "Southern Region"
    },
    {
        "name": "Thyolo District"
    },
    {
        "name": "Zomba District"
    }
]