[
    {
        "name": "Alibori Department"
    },
    {
        "name": "Atakora Department"
    },
    {
        "name": "Atlantique Department"
    },
    {
        "name": "Borgou Department"
    },
    {
        "name": "Collines Department"
    },
    {
        "name": "Donga Department"
    },
    {
        "name": "Kouffo Department"
    },
    {
        "name": "Littoral Department"
    },
    {
        "name": "Mono Department"
    },
    {
        "name": "Ouémé Department"
    },
    {
        "name": "Plateau Department"
    },
    {
        "name": "Zou Department"
    }
]