[
    {
        "name": "Bumthang District"
    },
    {
        "name": "Chukha District"
    },
    {
        "name": "Dagana District"
    },
    {
        "name": "Gasa District"
    },
    {
        "name": "Haa District"
    },
    {
        "name": "Lhuntse District"
    },
    {
        "name": "Mongar District"
    },
    {
        "name": "Paro District"
    },
    {
        "name": "Pemagatshel District"
    },
    {
        "name": "Punakha District"
    },
    {
        "name": "Samdrup Jongkhar District"
    },
    {
        "name": "Samtse District"
    },
    {
        "name": "Sarpang District"
    },
    {
        "name": "Thimphu District"
    },
    {
        "name": "Trashigang District"
    },
    {
        "name": "Trongsa District"
    },
    {
        "name": "Tsirang District"
    },
    {
        "name": "Wangdue Phodrang District"
    },
    {
        "name": "Zhemgang District"
    }
]