[
    {
        "name": "Cabo Delgado Province"
    },
    {
        "name": "Gaza Province"
    },
    {
        "name": "Inhambane Province"
    },
    {
        "name": "Manica Province"
    },
    {
        "name": "Maputo"
    },
    {
        "name": "Maputo Province"
    },
    {
        "name": "Nampula Province"
    },
    {
        "name": "Niassa Province"
    },
    {
        "name": "Sofala Province"
    },
    {
        "name": "Tete Province"
    },
    {
        "name": "Zambezia Province"
    }
]