[
    {
        "name": "Barima-Waini"
    },
    {
        "name": "Cuyuni-Mazaruni"
    },
    {
        "name": "Demerara-Mahaica"
    },
    {
        "name": "East Berbice-Corentyne"
    },
    {
        "name": "Essequibo Islands-West Demerara"
    },
    {
        "name": "Mahaica-Berbice"
    },
    {
        "name": "Pomeroon-Supenaam"
    },
    {
        "name": "Potaro-Siparuni"
    },
    {
        "name": "Upper Demerara-Berbice"
    },
    {
        "name": "Upper Takutu-Upper Essequibo"
    }
]