[
    {
        "name": "Capital Region of Denmark",
        "cities": [
            "Åkirkeby",
            "Albertslund",
            "Albertslund Kommune",
            "Allerød Kommune",
            "Ballerup",
            "Ballerup Kommune",
            "Birkerød",
            "Blovstrød",
            "Bornholm Kommune",
            "Brøndby Kommune",
            "Charlottenlund",
            "Christianshavn",
            "Christiansø",
            "Copenhagen",
            "Dragør",
            "Dragør Kommune",
            "Egedal Kommune",
            "Espergærde",
            "Farum",
            "Fløng",
            "Fredensborg",
            "Fredensborg Kommune",
            "Frederiksberg",
            "Frederiksberg Kommune",
            "Frederikssund",
            "Frederikssund Kommune",
            "Frederiksværk",
            "Furesø Kommune",
            "Ganløse",
            "Gentofte Kommune",
            "Gilleleje",
            "Gladsaxe Municipality",
            "Glostrup",
            "Glostrup Kommune",
            "Græsted",
            "Gribskov Kommune",
            "Halsnæs Kommune",
            "Hedehusene",
            "Hellebæk",
            "Helsinge",
            "Helsingør",
            "Helsingør Kommune",
            "Herlev Kommune",
            "Hillerød",
            "Hillerød Kommune",
            "Hornbæk",
            "Høje-Taastrup Kommune",
            "Hørsholm",
            "Hørsholm Kommune",
            "Humlebæk",
            "Hundested",
            "Hvidovre",
            "Hvidovre Kommune",
            "Ishøj",
            "Ishøj Kommune",
            "Jægerspris",
            "Kokkedal",
            "Kongens Lyngby",
            "København",
            "Lillerød",
            "Liseleje",
            "Lyngby-Tårbæk Kommune",
            "Lynge",
            "Måløv",
            "Nexø",
            "Nivå",
            "Nødebo",
            "Ølstykke",
            "Rødovre",
            "Rødovre Kommune",
            "Rønne",
            "Rudersdal Kommune",
            "Skævinge",
            "Skibby",
            "Slangerup",
            "Smørumnedre",
            "Stavnsholt",
            "Stenløse",
            "Taastrup",
            "Tårnby",
            "Tårnby Kommune",
            "Trørød",
            "Vallensbæk",
            "Vallensbæk Kommune",
            "Vanløse",
            "Værløse",
            "Veksø"
        ]
    },
    {
        "name": "Central Denmark Region",
        "cities": [
            "Aarhus",
            "Aarhus Kommune",
            "Allingåbro",
            "Assentoft",
            "Auning",
            "Avlum",
            "Beder",
            "Bjerringbro",
            "Bording Kirkeby",
            "Brande",
            "Brædstrup",
            "Ebeltoft",
            "Favrskov Kommune",
            "Framlev",
            "Galten",
            "Gjellerup",
            "Grenaa",
            "Hadsten",
            "Hammel",
            "Hammerum",
            "Harboøre",
            "Hedensted",
            "Hedensted Kommune",
            "Herning",
            "Herning Kommune",
            "Hinnerup",
            "Hjortshøj",
            "Holstebro",
            "Holstebro Kommune",
            "Hornslet",
            "Hornsyld",
            "Horsens",
            "Horsens Kommune",
            "Hørning",
            "Hvide Sande",
            "Ikast",
            "Ikast-Brande Kommune",
            "Juelsminde",
            "Karup",
            "Kibæk",
            "Kjellerup",
            "Kolt",
            "Langå",
            "Lemvig",
            "Lemvig Kommune",
            "Lind",
            "Løgten",
            "Lystrup",
            "Malling",
            "Mårslet",
            "Norddjurs Kommune",
            "Odder",
            "Odder Kommune",
            "Randers",
            "Randers Kommune",
            "Ringkøbing",
            "Ringkøbing-Skjern Kommune",
            "Rønde",
            "Ry",
            "Ryomgård",
            "Sabro",
            "Samsø Kommune",
            "Silkeborg",
            "Silkeborg Kommune",
            "Skanderborg",
            "Skanderborg Kommune",
            "Skive",
            "Skive Kommune",
            "Skjern",
            "Skovby",
            "Snejbjerg",
            "Solbjerg",
            "Søften",
            "Spentrup",
            "Stavtrup",
            "Stilling",
            "Stoholm",
            "Struer",
            "Struer Kommune",
            "Sunds",
            "Svejbæk",
            "Syddjurs Kommune",
            "Tarm",
            "Thyborøn",
            "Tørring",
            "Tranbjerg",
            "Trige",
            "Ulfborg",
            "Ulstrup",
            "Viborg",
            "Viborg Kommune",
            "Videbæk",
            "Vildbjerg",
            "Vinderup",
            "Virklund"
        ]
    },
    {
        "name": "North Denmark Region",
        "cities": [
            "Aalborg",
            "Aars",
            "Åbybro",
            "Ålborg Kommune",
            "Ålestrup",
            "Arden",
            "Brovst",
            "Brønderslev",
            "Brønderslev Kommune",
            "Dronninglund",
            "Farsø",
            "Fjerritslev",
            "Frederikshavn",
            "Frederikshavn Kommune",
            "Frejlev",
            "Gistrup",
            "Hadsund",
            "Hals",
            "Hanstholm",
            "Hirtshals",
            "Hjallerup",
            "Hjørring",
            "Hjørring Kommune",
            "Hobro",
            "Hurup",
            "Jammerbugt Kommune",
            "Kås",
            "Klarup",
            "Læso Kommune",
            "Løgstør",
            "Løkken",
            "Mariager",
            "Mariagerfjord Kommune",
            "Morsø Kommune",
            "Nibe",
            "Nørresundby",
            "Nykøbing Mors",
            "Pandrup",
            "Rebild Kommune",
            "Sæby",
            "Sindal",
            "Skagen",
            "Skørping",
            "Storvorde",
            "Støvring",
            "Strandby",
            "Svenstrup",
            "Tårs",
            "Thisted",
            "Thisted Kommune",
            "Vadum",
            "Vestbjerg",
            "Vester Hassing",
            "Vesthimmerland Kommune",
            "Vodskov",
            "Vrå"
        ]
    },
    {
        "name": "Region of Southern Denmark",
        "cities": [
            "Aabenraa",
            "Aabenraa Kommune",
            "Årslev",
            "Årup",
            "Assens",
            "Assens Kommune",
            "Augustenborg",
            "Ærø Kommune",
            "Ærøskøbing",
            "Bellinge",
            "Billund",
            "Billund Kommune",
            "Bogense",
            "Børkop",
            "Bramming",
            "Brejning",
            "Brenderup",
            "Broager",
            "Brørup",
            "Bullerup",
            "Christiansfeld",
            "Dybbøl",
            "Egtved",
            "Ejby",
            "Esbjerg",
            "Esbjerg Kommune",
            "Faaborg",
            "Faaborg-Midtfyn Kommune",
            "Fanø Kommune",
            "Fredericia",
            "Fredericia Kommune",
            "Give",
            "Glamsbjerg",
            "Gram",
            "Gråsten",
            "Grindsted",
            "Guderup",
            "Haderslev",
            "Haderslev Kommune",
            "Hårby",
            "Holsted",
            "Højby",
            "Høruphav",
            "Jelling",
            "Kerteminde",
            "Kerteminde Kommune",
            "Kolding",
            "Kolding Kommune",
            "Kruså",
            "Langeland Kommune",
            "Langeskov",
            "Løgumkloster",
            "Løjt Kirkeby",
            "Lunderskov",
            "Marstal",
            "Middelfart",
            "Middelfart Kommune",
            "Munkebo",
            "Neder Holluf",
            "Nordborg",
            "Nordby",
            "Nordfyns Kommune",
            "Nørre Åby",
            "Nyborg",
            "Nyborg Kommune",
            "Odense",
            "Odense Kommune",
            "Oksbøl",
            "Otterup",
            "Ølgod",
            "Padborg",
            "Ribe",
            "Ringe",
            "Rødding",
            "Rødekro",
            "Rudkøbing",
            "Seden",
            "Skaerbaek",
            "Snoghøj",
            "Sønder Bjert",
            "Sønderborg",
            "Sønderborg Kommune",
            "Søndersø",
            "Starup",
            "Stige",
            "Strib",
            "Svendborg",
            "Svendborg Kommune",
            "Taulov",
            "Thurø By",
            "Tinglev",
            "Tjæreborg",
            "Toftlund",
            "Tommerup",
            "Tommerup Stationsby",
            "Tønder",
            "Tønder Kommune",
            "Ullerslev",
            "Vamdrup",
            "Varde",
            "Varde Kommune",
            "Vejen",
            "Vejen Kommune",
            "Vejle",
            "Vejle Kommune",
            "Vester-Skerninge",
            "Vindeby",
            "Vissenbjerg",
            "Vojens"
        ]
    },
    {
        "name": "Region Zealand",
        "cities": [
            "Asnæs",
            "Bjæverskov",
            "Borup",
            "Dianalund",
            "Ejby",
            "Faxe",
            "Faxe Kommune",
            "Faxe Ladeplads",
            "Fensmark",
            "Forlev",
            "Frederiksberg",
            "Fuglebjerg",
            "Gørlev",
            "Greve",
            "Greve Kommune",
            "Guldborgsund Kommune",
            "Gundsømagle",
            "Hårlev",
            "Haslev",
            "Havdrup",
            "Holbæk",
            "Holbæk Kommune",
            "Holeby",
            "Høng",
            "Hørve",
            "Jyderup",
            "Jyllinge",
            "Kalundborg",
            "Kalundborg Kommune",
            "Kirke Hvalsø",
            "Korsør",
            "Køge",
            "Køge Kommune",
            "Lejre",
            "Lejre Kommune",
            "Lolland Kommune",
            "Maribo",
            "Nakskov",
            "Næstved",
            "Næstved Kommune",
            "Neder Vindinge",
            "Nørre Alslev",
            "Nykøbing Falster",
            "Nykøbing Sjælland",
            "Nyråd",
            "Odsherred Kommune",
            "Osted",
            "Ørslev",
            "Præstø",
            "Ringsted",
            "Ringsted Kommune",
            "Roskilde",
            "Roskilde Kommune",
            "Rødby",
            "Rødbyhavn",
            "Rødvig",
            "Rønnede",
            "Sakskøbing",
            "Skælskør",
            "Slagelse",
            "Slagelse Kommune",
            "Solrød",
            "Solrød Kommune",
            "Solrød Strand",
            "Sorø",
            "Sorø Kommune",
            "Stege",
            "Stenlille",
            "Stevns Kommune",
            "Store Heddinge",
            "Strøby Egede",
            "Stubbekøbing",
            "Sundby",
            "Svebølle",
            "Svinninge",
            "Svogerslev",
            "Tølløse",
            "Tune",
            "Viby",
            "Vindinge",
            "Vipperød",
            "Vordingborg",
            "Vordingborg Kommune"
        ]
    }
]