[
    {
        "name": "Ba"
    },
    {
        "name": "Bua"
    },
    {
        "name": "Cakaudrove"
    },
    {
        "name": "Central Division"
    },
    {
        "name": "Eastern Division"
    },
    {
        "name": "Kadavu"
    },
    {
        "name": "Lau"
    },
    {
        "name": "Lomaiviti"
    },
    {
        "name": "Macuata"
    },
    {
        "name": "Nadroga-Navosa"
    },
    {
        "name": "Naitasiri"
    },
    {
        "name": "Namosi"
    },
    {
        "name": "Northern Division"
    },
    {
        "name": "Ra"
    },
    {
        "name": "Rewa"
    },
    {
        "name": "Rotuma"
    },
    {
        "name": "Serua"
    },
    {
        "name": "Tailevu"
    },
    {
        "name": "Western Division"
    }
]