[
    {
        "name": "Åland Islands",
        "cities": [
            "Brändö",
            "Eckerö",
            "Finström",
            "Föglö",
            "Geta",
            "Hammarland",
            "Jomala",
            "Kumlinge",
            "Lemland",
            "Mariehamn",
            "Saltvik",
            "Sund"
        ]
    },
    {
        "name": "Central Finland",
        "cities": [
            "Äänekoski",
            "Hankasalmi",
            "Jämsä",
            "Jämsänkoski",
            "Joutsa",
            "Jyväskylä",
            "Kannonkoski",
            "Karstula",
            "Keuruu",
            "Kinnula",
            "Kivijärvi",
            "Konnevesi",
            "Korpilahti",
            "Kuhmoinen",
            "Kyyjärvi",
            "Laukaa",
            "Leivonmäki",
            "Luhanka",
            "Multia",
            "Muurame",
            "Petäjävesi",
            "Pihtipudas",
            "Pylkönmäki",
            "Saarijärvi",
            "Säynätsalo",
            "Sumiainen",
            "Suolahti",
            "Toivakka",
            "Uurainen",
            "Viitasaari"
        ]
    },
    {
        "name": "Central Ostrobothnia",
        "cities": [
            "Halsua",
            "Kälviä",
            "Kannus",
            "Kaustinen",
            "Kokkola",
            "Lestijärvi",
            "Lohtaja",
            "Perho",
            "Toholampi",
            "Ullava",
            "Veteli"
        ]
    },
    {
        "name": "Finland Proper",
        "cities": [
            "Alastaro",
            "Askainen",
            "Aura",
            "Dragsfjärd",
            "Halikko",
            "Houtskär",
            "Iniö",
            "Kaarina",
            "Karinainen",
            "Kiikala",
            "Kimito",
            "Kisko",
            "Kustavi",
            "Kuusjoki",
            "Laitila",
            "Lemu",
            "Lieto",
            "Marttila",
            "Masku",
            "Mellilä",
            "Merimasku",
            "Mietoinen",
            "Muurla",
            "Mynämäki",
            "Naantali",
            "Nagu",
            "Nousiainen",
            "Oripää",
            "Paimio",
            "Pargas",
            "Perniö",
            "Pertteli",
            "Piikkiö",
            "Pöytyä",
            "Pyhäranta",
            "Raisio",
            "Rusko",
            "Rymättylä",
            "Salo",
            "Särkisalo",
            "Sauvo",
            "Somero",
            "Suomusjärvi",
            "Taivassalo",
            "Tarvasjoki",
            "Turku",
            "Uusikaupunki",
            "Vahto",
            "Väståboland",
            "Västanfjärd",
            "Vehmaa",
            "Velkua",
            "Yläne"
        ]
    },
    {
        "name": "Kainuu",
        "cities": [
            "Hyrynsalmi",
            "Kajaani",
            "Kuhmo",
            "Paltamo",
            "Puolanka",
            "Ristijärvi",
            "Sotkamo",
            "Suomussalmi",
            "Vaala",
            "Vuokatti",
            "Vuolijoki"
        ]
    },
    {
        "name": "Kymenlaakso",
        "cities": [
            "Anjala",
            "Elimäki",
            "Hamina",
            "Iitti",
            "Jaala",
            "Karhula",
            "Kotka",
            "Kouvola",
            "Miehikkälä",
            "Pyhtää",
            "Virojoki"
        ]
    },
    {
        "name": "Lapland",
        "cities": [
            "Enontekiö",
            "Inari",
            "Ivalo",
            "Kemi",
            "Kemijärvi",
            "Keminmaa",
            "Kittilä",
            "Kolari",
            "Muonio",
            "Pelkosenniemi",
            "Pello",
            "Posio",
            "Pyhäjärvi",
            "Ranua",
            "Rovaniemi",
            "Salla",
            "Savukoski",
            "Simo",
            "Sodankylä",
            "Tervola",
            "Tornio",
            "Utsjoki",
            "Ylitornio"
        ]
    },
    {
        "name": "North Karelia",
        "cities": [
            "Eno",
            "Ilomantsi",
            "Joensuu",
            "Juuka",
            "Kesälahti",
            "Kiihtelysvaara",
            "Kitee",
            "Kontiolahti",
            "Lieksa",
            "Liperi",
            "Nurmes",
            "Outokumpu",
            "Polvijärvi",
            "Pyhäselkä",
            "Rääkkylä",
            "Tohmajärvi",
            "Tuupovaara",
            "Valtimo"
        ]
    },
    {
        "name": "Northern Ostrobothnia",
        "cities": [
            "Alavieska",
            "Haapajärvi",
            "Haapavesi",
            "Hailuoto",
            "Haukipudas",
            "Himanka",
            "Ii",
            "Kalajoki",
            "Kärsämäki",
            "Kempele",
            "Kestilä",
            "Kiiminki",
            "Kuivaniemi",
            "Kuusamo",
            "Liminka",
            "Lumijoki",
            "Merijärvi",
            "Muhos",
            "Nivala",
            "Oulainen",
            "Oulu",
            "Oulunsalo",
            "Piippola",
            "Pudasjärvi",
            "Pulkkila",
            "Pyhäjärvi",
            "Pyhäjoki",
            "Pyhäntä",
            "Raahe",
            "Rantsila",
            "Reisjärvi",
            "Ruukki",
            "Sievi",
            "Siikajoki",
            "Taivalkoski",
            "Tyrnävä",
            "Utajärvi",
            "Vihanti",
            "Yli-Ii",
            "Ylikiiminki",
            "Ylivieska"
        ]
    },
    {
        "name": "Northern Savonia",
        "cities": []
    },
    {
        "name": "Ostrobothnia",
        "cities": [
            "Hietalahti",
            "Isokyrö",
            "Jakobstad",
            "Kaskinen",
            "Korsholm",
            "Korsnäs",
            "Kristinestad",
            "Kronoby",
            "Laihia",
            "Larsmo",
            "Malax",
            "Nykarleby",
            "Oravais",
            "Pedersöre",
            "Replot",
            "Ristinummi",
            "Teeriniemi",
            "Vaasa",
            "Vähäkyrö",
            "Vörå"
        ]
    },
    {
        "name": "Päijänne Tavastia",
        "cities": [
            "Artjärvi",
            "Asikkala",
            "Auttoinen",
            "Hämeenkoski",
            "Hartola",
            "Heinola",
            "Hollola",
            "Lahti",
            "Nastola",
            "Orimattila",
            "Padasjoki",
            "Sysmä"
        ]
    },
    {
        "name": "Pirkanmaa",
        "cities": [
            "Äetsä",
            "Aimala",
            "Aitoo",
            "Akaa",
            "Amuri",
            "Haihara",
            "Hallila",
            "Hämeenkyrö",
            "Hervanta",
            "Ikaalinen",
            "Juupajoki",
            "Kangasala",
            "Kihniö",
            "Kiikka",
            "Kiikoinen",
            "Kolho",
            "Kuhmalahti",
            "Kuru",
            "Kylmäkoski",
            "Längelmäki",
            "Lempäälä",
            "Lentävänniemi",
            "Lielahti",
            "Luopioinen",
            "Mänttä",
            "Messukylä",
            "Mouhijärvi",
            "Naistenmatka",
            "Nekala",
            "Nokia",
            "Nurmi",
            "Nuutajärvi",
            "Orivesi",
            "Osara",
            "Pälkäne",
            "Parkano",
            "Pirkkala",
            "Pispala",
            "Pohjaslahti",
            "Punkalaidun",
            "Ruovesi",
            "Sääksmäki",
            "Sahalahti",
            "Sastamala",
            "Suodenniemi",
            "Suoniemi",
            "Tampere",
            "Teisko",
            "Toijala",
            "Tottijärvi",
            "Urjala",
            "Valkeakoski",
            "Vammala",
            "Vesilahti",
            "Viiala",
            "Viljakkala",
            "Vilppula",
            "Virrat",
            "Vuores",
            "Ylöjärvi"
        ]
    },
    {
        "name": "Satakunta",
        "cities": [
            "Eura",
            "Eurajoki",
            "Harjavalta",
            "Huittinen",
            "Jämijärvi",
            "Kankaanpää",
            "Karvia",
            "Kiukainen",
            "Kokemäki",
            "Köyliö",
            "Kullaa",
            "Längelmäki",
            "Lappi",
            "Lavia",
            "Luvia",
            "Merikarvia",
            "Nakkila",
            "Noormarkku",
            "Pomarkku",
            "Pori",
            "Rauma",
            "Säkylä",
            "Siikainen",
            "Ulvila",
            "Vampula"
        ]
    },
    {
        "name": "South Karelia",
        "cities": [
            "Imatra",
            "Joutseno",
            "Lappeenranta",
            "Lemi",
            "Luumäki",
            "Nuijamaa",
            "Parikkala",
            "Rautjärvi",
            "Ruokolahti",
            "Saari",
            "Savitaipale",
            "Taipalsaari",
            "Ylämaa"
        ]
    },
    {
        "name": "Southern Ostrobothnia",
        "cities": [
            "Ähtäri",
            "Alahärmä",
            "Alajärvi",
            "Alavus",
            "Evijärvi",
            "Ilmajoki",
            "Isojoki",
            "Jalasjärvi",
            "Jurva",
            "Karijoki",
            "Kauhajoki",
            "Kauhava",
            "Kortesjärvi",
            "Kuortane",
            "Kurikka",
            "Lappajärvi",
            "Lapua",
            "Lehtimäki",
            "Nurmo",
            "Seinäjoki",
            "Soini",
            "Teuva",
            "Töysä",
            "Vimpeli",
            "Ylihärmä",
            "Ylistaro"
        ]
    },
    {
        "name": "Southern Savonia",
        "cities": [
            "Enonkoski",
            "Haukivuori",
            "Heinävesi",
            "Hirvensalmi",
            "Jäppilä",
            "Joroinen",
            "Juva",
            "Kangasniemi",
            "Kerimäki",
            "Mäntyharju",
            "Mikkeli",
            "Pertunmaa",
            "Pieksämäki",
            "Punkaharju",
            "Puumala",
            "Rantasalmi",
            "Ristiina",
            "Savonlinna",
            "Savonranta",
            "Sulkava",
            "Virtasalmi"
        ]
    },
    {
        "name": "Tavastia Proper",
        "cities": [
            "Forssa",
            "Hämeenlinna",
            "Hauho",
            "Hausjärvi",
            "Humppila",
            "Janakkala",
            "Jokioinen",
            "Kalvola",
            "Lammi",
            "Loppi",
            "Renko",
            "Riihimäki",
            "Tammela",
            "Tervakoski",
            "Tuulos",
            "Ypäjä"
        ]
    },
    {
        "name": "Uusimaa",
        "cities": [
            "Askola",
            "Ekenäs",
            "Espoo",
            "Gumböle",
            "Hanko",
            "Helsinki",
            "Hyvinge",
            "Ingå",
            "Järvenpää",
            "Kaarela",
            "Kallio",
            "Karis",
            "Karjalohja",
            "Karkkila",
            "Kärkölä",
            "Kauniainen",
            "Kellokoski",
            "Kerava",
            "Kilo",
            "Kirkkonummi",
            "Koukkuniemi",
            "Lapinjärvi",
            "Lauttasaari",
            "Liljendal",
            "Lohja",
            "Lovisa",
            "Mäntsälä",
            "Mellunkylä",
            "Munkkiniemi",
            "Myrskylä",
            "Nurmijärvi",
            "Otaniemi",
            "Pernå",
            "Pohja",
            "Pornainen",
            "Porvoo",
            "Pukkila",
            "Raaseporin",
            "Ruotsinpyhtää",
            "Sammatti",
            "Sibbo",
            "Siuntio",
            "Tuusula",
            "Vantaa",
            "Vihti",
            "Vuosaari"
        ]
    }
]