[
    {
        "name": "Åland Islands"
    },
    {
        "name": "Central Finland"
    },
    {
        "name": "Central Ostrobothnia"
    },
    {
        "name": "Finland Proper"
    },
    {
        "name": "Kainuu"
    },
    {
        "name": "Kymenlaakso"
    },
    {
        "name": "Lapland"
    },
    {
        "name": "North Karelia"
    },
    {
        "name": "Northern Ostrobothnia"
    },
    {
        "name": "Northern Savonia"
    },
    {
        "name": "Ostrobothnia"
    },
    {
        "name": "Päijänne Tavastia"
    },
    {
        "name": "Pirkanmaa"
    },
    {
        "name": "Satakunta"
    },
    {
        "name": "South Karelia"
    },
    {
        "name": "Southern Ostrobothnia"
    },
    {
        "name": "Southern Savonia"
    },
    {
        "name": "Tavastia Proper"
    },
    {
        "name": "Uusimaa"
    }
]