[
    {
        "name": "Erongo Region"
    },
    {
        "name": "Hardap Region"
    },
    {
        "name": "Karas Region"
    },
    {
        "name": "Kavango East Region"
    },
    {
        "name": "Kavango West Region"
    },
    {
        "name": "Khomas Region"
    },
    {
        "name": "Kunene Region"
    },
    {
        "name": "Ohangwena Region"
    },
    {
        "name": "Omaheke Region"
    },
    {
        "name": "Omusati Region"
    },
    {
        "name": "Oshana Region"
    },
    {
        "name": "Oshikoto Region"
    },
    {
        "name": "Otjozondjupa Region"
    },
    {
        "name": "Zambezi Region"
    }
]