[
    {
        "name": "Aguascalientes"
    },
    {
        "name": "Baja California"
    },
    {
        "name": "Baja California Sur"
    },
    {
        "name": "Campeche"
    },
    {
        "name": "Chiapas"
    },
    {
        "name": "Chihuahua"
    },
    {
        "name": "Ciudad de México"
    },
    {
        "name": "Coahuila de Zaragoza"
    },
    {
        "name": "Colima"
    },
    {
        "name": "Durango"
    },
    {
        "name": "Estado de México"
    },
    {
        "name": "Guanajuato"
    },
    {
        "name": "Guerrero"
    },
    {
        "name": "Hidalgo"
    },
    {
        "name": "Jalisco"
    },
    {
        "name": "Michoacán de Ocampo"
    },
    {
        "name": "Morelos"
    },
    {
        "name": "Nayarit"
    },
    {
        "name": "Nuevo León"
    },
    {
        "name": "Oaxaca"
    },
    {
        "name": "Puebla"
    },
    {
        "name": "Querétaro"
    },
    {
        "name": "Quintana Roo"
    },
    {
        "name": "San Luis Potosí"
    },
    {
        "name": "Sinaloa"
    },
    {
        "name": "Sonora"
    },
    {
        "name": "Tabasco"
    },
    {
        "name": "Tamaulipas"
    },
    {
        "name": "Tlaxcala"
    },
    {
        "name": "Veracruz de Ignacio de la Llave"
    },
    {
        "name": "Yucatán"
    },
    {
        "name": "Zacatecas"
    }
]