[
    {
        "name": "Balé Province"
    },
    {
        "name": "Bam Province"
    },
    {
        "name": "Banwa Province"
    },
    {
        "name": "Bazèga Province"
    },
    {
        "name": "Boucle du Mouhoun Region"
    },
    {
        "name": "Bougouriba Province"
    },
    {
        "name": "Boulgou"
    },
    {
        "name": "Cascades Region"
    },
    {
        "name": "Centre"
    },
    {
        "name": "Centre-Est Region"
    },
    {
        "name": "Centre-Nord Region"
    },
    {
        "name": "Centre-Ouest Region"
    },
    {
        "name": "Centre-Sud Region"
    },
    {
        "name": "Comoé Province"
    },
    {
        "name": "Est Region"
    },
    {
        "name": "Ganzourgou Province"
    },
    {
        "name": "Gnagna Province"
    },
    {
        "name": "Gourma Province"
    },
    {
        "name": "Hauts-Bassins Region"
    },
    {
        "name": "Houet Province"
    },
    {
        "name": "Ioba Province"
    },
    {
        "name": "Kadiogo Province"
    },
    {
        "name": "Kénédougou Province"
    },
    {
        "name": "Komondjari Province"
    },
    {
        "name": "Kompienga Province"
    },
    {
        "name": "Kossi Province"
    },
    {
        "name": "Koulpélogo Province"
    },
    {
        "name": "Kouritenga Province"
    },
    {
        "name": "Kourwéogo Province"
    },
    {
        "name": "Léraba Province"
    },
    {
        "name": "Loroum Province"
    },
    {
        "name": "Mouhoun"
    },
    {
        "name": "Nahouri Province"
    },
    {
        "name": "Namentenga Province"
    },
    {
        "name": "Nayala Province"
    },
    {
        "name": "Nord Region, Burkina Faso"
    },
    {
        "name": "Noumbiel Province"
    },
    {
        "name": "Oubritenga Province"
    },
    {
        "name": "Oudalan Province"
    },
    {
        "name": "Passoré Province"
    },
    {
        "name": "Plateau-Central Region"
    },
    {
        "name": "Poni Province"
    },
    {
        "name": "Sahel Region"
    },
    {
        "name": "Sanguié Province"
    },
    {
        "name": "Sanmatenga Province"
    },
    {
        "name": "Séno Province"
    },
    {
        "name": "Sissili Province"
    },
    {
        "name": "Soum Province"
    },
    {
        "name": "Sourou Province"
    },
    {
        "name": "Sud-Ouest Region"
    },
    {
        "name": "Tapoa Province"
    },
    {
        "name": "Tuy Province"
    },
    {
        "name": "Yagha Province"
    },
    {
        "name": "Yatenga Province"
    },
    {
        "name": "Ziro Province"
    },
    {
        "name": "Zondoma Province"
    },
    {
        "name": "Zoundwéogo Province"
    }
]