[
    {
        "name": "Aglona Municipality"
    },
    {
        "name": "Aizkraukle Municipality"
    },
    {
        "name": "Aizpute Municipality"
    },
    {
        "name": "Aknīste Municipality"
    },
    {
        "name": "Aloja Municipality"
    },
    {
        "name": "Alsunga Municipality"
    },
    {
        "name": "Alūksne Municipality"
    },
    {
        "name": "Amata Municipality"
    },
    {
        "name": "Ape Municipality"
    },
    {
        "name": "Auce Municipality"
    },
    {
        "name": "Babīte Municipality"
    },
    {
        "name": "Baldone Municipality"
    },
    {
        "name": "Baltinava Municipality"
    },
    {
        "name": "Balvi Municipality"
    },
    {
        "name": "Bauska Municipality"
    },
    {
        "name": "Beverīna Municipality"
    },
    {
        "name": "Brocēni Municipality"
    },
    {
        "name": "Burtnieki Municipality"
    },
    {
        "name": "Carnikava Municipality"
    },
    {
        "name": "Cēsis Municipality"
    },
    {
        "name": "Cesvaine Municipality"
    },
    {
        "name": "Cibla Municipality"
    },
    {
        "name": "Dagda Municipality"
    },
    {
        "name": "Daugavpils"
    },
    {
        "name": "Daugavpils Municipality"
    },
    {
        "name": "Dobele Municipality"
    },
    {
        "name": "Dundaga Municipality"
    },
    {
        "name": "Durbe Municipality"
    },
    {
        "name": "Engure Municipality"
    },
    {
        "name": "Ērgļi Municipality"
    },
    {
        "name": "Garkalne Municipality"
    },
    {
        "name": "Grobiņa Municipality"
    },
    {
        "name": "Gulbene Municipality"
    },
    {
        "name": "Iecava Municipality"
    },
    {
        "name": "Ikšķile Municipality"
    },
    {
        "name": "Ilūkste Municipality"
    },
    {
        "name": "Inčukalns Municipality"
    },
    {
        "name": "Jaunjelgava Municipality"
    },
    {
        "name": "Jaunpiebalga Municipality"
    },
    {
        "name": "Jaunpils Municipality"
    },
    {
        "name": "Jēkabpils"
    },
    {
        "name": "Jēkabpils Municipality"
    },
    {
        "name": "Jelgava"
    },
    {
        "name": "Jelgava Municipality"
    },
    {
        "name": "Jūrmala"
    },
    {
        "name": "Kandava Municipality"
    },
    {
        "name": "Kārsava Municipality"
    },
    {
        "name": "Ķegums Municipality"
    },
    {
        "name": "Ķekava Municipality"
    },
    {
        "name": "Kocēni Municipality"
    },
    {
        "name": "Koknese Municipality"
    },
    {
        "name": "Krāslava Municipality"
    },
    {
        "name": "Krimulda Municipality"
    },
    {
        "name": "Krustpils Municipality"
    },
    {
        "name": "Kuldīga Municipality"
    },
    {
        "name": "Lielvārde Municipality"
    },
    {
        "name": "Liepāja"
    },
    {
        "name": "Līgatne Municipality"
    },
    {
        "name": "Limbaži Municipality"
    },
    {
        "name": "Līvāni Municipality"
    },
    {
        "name": "Lubāna Municipality"
    },
    {
        "name": "Ludza Municipality"
    },
    {
        "name": "Madona Municipality"
    },
    {
        "name": "Mālpils Municipality"
    },
    {
        "name": "Mārupe Municipality"
    },
    {
        "name": "Mazsalaca Municipality"
    },
    {
        "name": "Mērsrags Municipality"
    },
    {
        "name": "Naukšēni Municipality"
    },
    {
        "name": "Nereta Municipality"
    },
    {
        "name": "Nīca Municipality"
    },
    {
        "name": "Ogre Municipality"
    },
    {
        "name": "Olaine Municipality"
    },
    {
        "name": "Ozolnieki Municipality"
    },
    {
        "name": "Pārgauja Municipality"
    },
    {
        "name": "Pāvilosta Municipality"
    },
    {
        "name": "Pļaviņas Municipality"
    },
    {
        "name": "Preiļi Municipality"
    },
    {
        "name": "Priekule Municipality"
    },
    {
        "name": "Priekuļi Municipality"
    },
    {
        "name": "Rauna Municipality"
    },
    {
        "name": "Rēzekne"
    },
    {
        "name": "Rēzekne Municipality"
    },
    {
        "name": "Riebiņi Municipality"
    },
    {
        "name": "Riga"
    },
    {
        "name": "Roja Municipality"
    },
    {
        "name": "Ropaži Municipality"
    },
    {
        "name": "Rucava Municipality"
    },
    {
        "name": "Rugāji Municipality"
    },
    {
        "name": "Rūjiena Municipality"
    },
    {
        "name": "Rundāle Municipality"
    },
    {
        "name": "Sala Municipality"
    },
    {
        "name": "Salacgrīva Municipality"
    },
    {
        "name": "Salaspils Municipality"
    },
    {
        "name": "Saldus Municipality"
    },
    {
        "name": "Saulkrasti Municipality"
    },
    {
        "name": "Sēja Municipality"
    },
    {
        "name": "Sigulda Municipality"
    },
    {
        "name": "Skrīveri Municipality"
    },
    {
        "name": "Skrunda Municipality"
    },
    {
        "name": "Smiltene Municipality"
    },
    {
        "name": "Stopiņi Municipality"
    },
    {
        "name": "Strenči Municipality"
    },
    {
        "name": "Talsi Municipality"
    },
    {
        "name": "Tērvete Municipality"
    },
    {
        "name": "Tukums Municipality"
    },
    {
        "name": "Vaiņode Municipality"
    },
    {
        "name": "Valka Municipality"
    },
    {
        "name": "Valmiera"
    },
    {
        "name": "Varakļāni Municipality"
    },
    {
        "name": "Vārkava Municipality"
    },
    {
        "name": "Vecpiebalga Municipality"
    },
    {
        "name": "Vecumnieki Municipality"
    },
    {
        "name": "Ventspils"
    },
    {
        "name": "Ventspils Municipality"
    },
    {
        "name": "Viesīte Municipality"
    },
    {
        "name": "Viļaka Municipality"
    },
    {
        "name": "Viļāni Municipality"
    },
    {
        "name": "Zilupe Municipality"
    }
]