[
    {
        "name": "Anhui",
        "cities": [
            "Anqing",
            "Anqing Shi",
            "Bengbu",
            "Bozhou",
            "Chaohu",
            "Chizhou",
            "Chizhou Shi",
            "Chuzhou",
            "Chuzhou Shi",
            "Datong",
            "Fuyang",
            "Fuyang Shi",
            "Gushu",
            "Hefei",
            "Hefei Shi",
            "Huaibei",
            "Huainan",
            "Huainan Shi",
            "Huaiyuan Chengguanzhen",
            "Huangshan",
            "Huangshan Shi",
            "Huoqiu Chengguanzhen",
            "Jieshou",
            "Lu’an",
            "Lucheng",
            "Mengcheng Chengguanzhen",
            "Mingguang",
            "Suixi",
            "Suzhou",
            "Suzhou Shi",
            "Tangzhai",
            "Wucheng",
            "Wuhu",
            "Wusong",
            "Wuyang",
            "Xuanzhou",
            "Yingshang Chengguanzhen"
        ]
    },
    {
        "name": "Beijing",
        "cities": [
            "Beijing",
            "Changping",
            "Daxing",
            "Fangshan",
            "Liangxiang",
            "Mentougou",
            "Shunyi",
            "Tongzhou"
        ]
    },
    {
        "name": "Chongqing",
        "cities": [
            "Beibei",
            "Caijia",
            "Chongqing",
            "Dongxi",
            "Fuling",
            "Ganshui",
            "Guofuchang",
            "Hechuan",
            "Jijiang",
            "Liangping District",
            "Puhechang",
            "Shapingba District",
            "Shijiaochang",
            "Wanxian",
            "Wanzhou District",
            "Yongchuan",
            "Yudong",
            "Yuzhong District"
        ]
    },
    {
        "name": "Fujian",
        "cities": [
            "Badu",
            "Baiqi",
            "Baiyun",
            "Beishancun",
            "Changqiao",
            "Chengmen",
            "Chixi",
            "Chongru",
            "Dadeng",
            "Daixi",
            "Danyang",
            "Daqiao",
            "Dazuo",
            "Dinghaicun",
            "Dingtoucun",
            "Dongchongcun",
            "Dongdai",
            "Donghu",
            "Dongling",
            "Dongyuan",
            "Feiluan",
            "Fengpu",
            "Fengzhou",
            "Fu’an",
            "Fuding",
            "Fuqing",
            "Fuzhou",
            "Gantang",
            "Guantou",
            "Gufeng",
            "Hetang",
            "Hongtang",
            "Hongyang",
            "Houyu",
            "Huai’an",
            "Huangtian",
            "Huotong",
            "Jian’ou",
            "Jiangkou",
            "Jianjiang",
            "Jingfeng",
            "Jinjiang",
            "Jinjing",
            "Jitoucun",
            "Kengyuan",
            "Kerencun",
            "Kuai’an",
            "Lianhecun",
            "Liuwudiancun",
            "Longmen",
            "Longyan",
            "Luoqiao",
            "Luoyang",
            "Luxia",
            "Maping",
            "Meipu",
            "Min’an",
            "Nanping",
            "Neikeng",
            "Ningde",
            "Pandu",
            "Pucheng",
            "Putian",
            "Qibu",
            "Qidu",
            "Quanzhou",
            "Rong’an",
            "Sanming",
            "Shajiang",
            "Shangjie",
            "Shanxia",
            "Shanyang",
            "Shaowu",
            "Shijing",
            "Shima",
            "Shoushan",
            "Shuangxi",
            "Shuangzhu",
            "Shuikou",
            "Tangkou",
            "Tantou",
            "Tatou",
            "Tingjiang",
            "Tuzhai",
            "Wubao",
            "Wuyishan",
            "Wuyucun",
            "Xiabaishi",
            "Xiahu",
            "Xiamen",
            "Xiancun",
            "Xiangyun",
            "Xibing",
            "Xiling",
            "Ximei",
            "Xinan",
            "Xindian",
            "Yakou",
            "Yanghou",
            "Yangzhong",
            "Yantian",
            "Yingdu",
            "Yinglin",
            "Yongning",
            "Yushan",
            "Zhangwan",
            "Zhangzhou",
            "Zhenhaicun",
            "Zhongfang",
            "Zhuoyang",
            "Zhuqi"
        ]
    },
    {
        "name": "Gansu",
        "cities": [
            "Baiyin",
            "Beidao",
            "Dingxi Shi",
            "Hezuo",
            "Jiayuguan",
            "Jinchang",
            "Jiuquan",
            "Lanzhou",
            "Laojunmiao",
            "Linxia Chengguanzhen",
            "Linxia Huizu Zizhizhou",
            "Longnan Shi",
            "Mawu",
            "Pingliang",
            "Qincheng",
            "Qingyang Shi",
            "Tianshui",
            "Wuwei",
            "Zhangye",
            "Zhangye Shi"
        ]
    },
    {
        "name": "Guangdong",
        "cities": [
            "Anbu",
            "Chaozhou",
            "Chenghua",
            "Daliang",
            "Danshui",
            "Dasha",
            "Dongguan",
            "Donghai",
            "Ducheng",
            "Encheng",
            "Foshan",
            "Foshan Shi",
            "Gaoyao",
            "Gaozhou",
            "Guangzhou",
            "Guangzhou Shi",
            "Haikuotiankong",
            "Haimen",
            "Hepo",
            "Heyuan",
            "Huaicheng",
            "Huanggang",
            "Huazhou",
            "Huicheng",
            "Huizhou",
            "Humen",
            "Jiangmen",
            "Jiazi",
            "Jieshi",
            "Jieyang",
            "Lecheng",
            "Lianjiang",
            "Lianzhou",
            "Licheng",
            "Lubu",
            "Luocheng",
            "Luoyang",
            "Maba",
            "Maoming",
            "Meizhou",
            "Nanfeng",
            "Pingshan",
            "Puning",
            "Qingyuan",
            "Sanshui",
            "Shantou",
            "Shanwei",
            "Shaoguan",
            "Shaping",
            "Shenzhen",
            "Shilong",
            "Shiqi",
            "Shiqiao",
            "Shiwan",
            "Shixing",
            "Taishan",
            "Tangping",
            "Wuchuan",
            "Xingning",
            "Xinhui",
            "Xinyi",
            "Xiongzhou",
            "Xucheng",
            "Yangchun",
            "Yangjiang",
            "Yingcheng",
            "Yunfu",
            "Zhanjiang",
            "Zhaoqing",
            "Zhongshan",
            "Zhongshan Prefecture",
            "Zhuhai"
        ]
    },
    {
        "name": "Guangxi Zhuang",
        "cities": [
            "Babu",
            "Baihe",
            "Baise City",
            "Baise Shi",
            "Beihai",
            "Chongzuo Shi",
            "Dazhai",
            "Fangchenggang Shi",
            "Guigang",
            "Guilin",
            "Guilin Shi",
            "Guiping",
            "Hechi Shi",
            "Jinji",
            "Laibin",
            "Lianzhou",
            "Lingcheng",
            "Liuzhou Shi",
            "Luorong",
            "Nandu",
            "Nanning",
            "Pingnan",
            "Pumiao",
            "Qinzhou",
            "Wuzhou",
            "Yangshuo",
            "Yashan",
            "Yulin"
        ]
    },
    {
        "name": "Guizhou",
        "cities": [
            "Anshun",
            "Aoshi",
            "Bahuang",
            "Baishi",
            "Bangdong",
            "Benchu",
            "Bijie",
            "Chadian",
            "Changsha",
            "Chumi",
            "Dabachang",
            "Darong",
            "Dundong",
            "Duyun",
            "Gaoniang",
            "Gaowu",
            "Gaozeng",
            "Guandu",
            "Guiyang",
            "Huaqiu",
            "Lantian",
            "Liangcunchang",
            "Liupanshui",
            "Longlisuo",
            "Loushanguan",
            "Maoping",
            "Ouyang",
            "Pingjiang",
            "Qiandongnan Miao and Dong Autonomous Prefecture",
            "Qianxinan Bouyeizu Miaozu Zizhizhou",
            "Qimeng",
            "Qinglang",
            "Runsong",
            "Sanchahe",
            "Sangmu",
            "Shiqian",
            "Songkan",
            "Tingdong",
            "Tonggu",
            "Tongren",
            "Tongren Diqu",
            "Weining",
            "Wenshui",
            "Xiajiang",
            "Xiaoweizhai",
            "Xinzhan",
            "Xishan",
            "Xujiaba",
            "Yangtou",
            "Youyupu",
            "Zhongchao",
            "Zhujiachang",
            "Zunyi"
        ]
    },
    {
        "name": "Hainan",
        "cities": [
            "Basuo",
            "Chongshan",
            "Dadonghai",
            "Haikou",
            "Jinjiang",
            "Lincheng",
            "Nada",
            "Qionghai",
            "Qiongshan",
            "Sansha",
            "Sanya",
            "Wanning",
            "Wenchang",
            "Xiuying"
        ]
    },
    {
        "name": "Hebei",
        "cities": [
            "Baoding",
            "Beidaihehaibin",
            "Botou",
            "Cangzhou",
            "Cangzhou Shi",
            "Changli",
            "Chengde",
            "Chengde Prefecture",
            "Dingzhou",
            "Fengrun",
            "Guye",
            "Handan",
            "Hecun",
            "Hengshui",
            "Langfang",
            "Langfang Shi",
            "Linshui",
            "Linxi",
            "Luancheng",
            "Nangong",
            "Pengcheng",
            "Qinhuangdao",
            "Renqiu",
            "Shahecheng",
            "Shanhaiguan",
            "Shijiazhuang",
            "Shijiazhuang Shi",
            "Songling",
            "Tangjiazhuang",
            "Tangshan",
            "Tangshan Shi",
            "Tianchang",
            "Xingtai",
            "Xinji",
            "Zhangjiakou",
            "Zhangjiakou Shi",
            "Zhangjiakou Shi Xuanhua Qu",
            "Zhaogezhuang",
            "Zunhua"
        ]
    },
    {
        "name": "Heilongjiang",
        "cities": [
            "Acheng",
            "Anda",
            "Baiquan",
            "Bamiantong",
            "Baoqing",
            "Baoshan",
            "Bayan",
            "Bei’an",
            "Binzhou",
            "Boli",
            "Chaihe",
            "Chengzihe",
            "Daqing",
            "Dongning",
            "Dongxing",
            "Fendou",
            "Fengxiang",
            "Fujin",
            "Fuli",
            "Fuyu",
            "Fuyuan",
            "Gannan",
            "Hailin",
            "Hailun",
            "Harbin",
            "Hegang",
            "Heihe",
            "Honggang",
            "Huanan",
            "Hulan",
            "Hulan Ergi",
            "Jiamusi",
            "Jidong",
            "Jixi",
            "Langxiang",
            "Lanxi",
            "Lianhe",
            "Lingdong",
            "Linkou",
            "Longfeng",
            "Longjiang",
            "Mingshui",
            "Mishan",
            "Mudanjiang",
            "Nehe",
            "Nenjiang",
            "Nianzishan",
            "Ning’an",
            "Qinggang",
            "Qiqihar",
            "Shangzhi",
            "Shanhecun",
            "Shuangcheng",
            "Shuangyashan",
            "Suifenhe",
            "Suihua",
            "Suileng",
            "Tahe",
            "Taihecun",
            "Taikang",
            "Tailai",
            "Tieli",
            "Wangkui",
            "Wuchang",
            "Xinqing",
            "Yichun",
            "Yilan",
            "Youhao",
            "Zhaodong",
            "Zhaoyuan",
            "Zhaozhou"
        ]
    },
    {
        "name": "Henan",
        "cities": [
            "Anyang",
            "Anyang Shi",
            "Binhe",
            "Chengguan",
            "Chengjiao",
            "Daokou",
            "Dingcheng",
            "Hancheng",
            "Hebi",
            "Huaidian",
            "Huazhou",
            "Huichang",
            "Jianshe",
            "Jiaozuo",
            "Jishui",
            "Jiyuan",
            "Kaifeng",
            "Kaiyuan",
            "Lingbao Chengguanzhen",
            "Luohe",
            "Luohe Shi",
            "Luoyang",
            "Minggang",
            "Nanyang",
            "Pingdingshan",
            "Puyang Chengguanzhen",
            "Puyang Shi",
            "Qingping",
            "Runing",
            "Ruzhou",
            "Shangqiu",
            "Songyang",
            "Suohe",
            "Tanbei",
            "Wacheng",
            "Xiangcheng Chengguanzhen",
            "Xincheng",
            "Xinhualu",
            "Xinxiang",
            "Xinxiang Shi",
            "Xinyang",
            "Xixiang",
            "Xuchang",
            "Xuchang Shi",
            "Yakou",
            "Yanshi Chengguanzhen",
            "Yigou",
            "Yima",
            "Yingchuan",
            "Yunyang",
            "Zhengzhou",
            "Zhoukou",
            "Zhumadian",
            "Zhumadian Shi",
            "Zijinglu"
        ]
    },
    {
        "name": "Hong Kong SAR",
        "cities": []
    },
    {
        "name": "Hubei",
        "cities": [
            "Anlu",
            "Buhe",
            "Caidian",
            "Caohe",
            "Chengzhong",
            "Danjiangkou",
            "Daye",
            "Duobao",
            "Enshi",
            "Enshi Tujiazu Miaozu Zizhizhou",
            "Ezhou",
            "Ezhou Shi",
            "Fengkou",
            "Guangshui",
            "Gucheng Chengguanzhen",
            "Hanchuan",
            "Huanggang",
            "Huangmei",
            "Huangpi",
            "Huangshi",
            "Huangzhou",
            "Jingling",
            "Jingmen",
            "Jingmen Shi",
            "Jingzhou",
            "Laohekou",
            "Lichuan",
            "Macheng",
            "Nanzhang Chengguanzhen",
            "Puqi",
            "Qianjiang",
            "Qingquan",
            "Shashi",
            "Shennongjia",
            "Shiyan",
            "Suizhou",
            "Wuhan",
            "Wuxue",
            "Xiangyang",
            "Xianning",
            "Xianning Prefecture",
            "Xiantao",
            "Xiaogan",
            "Xihe",
            "Xindi",
            "Xinshi",
            "Xinzhou",
            "Xiulin",
            "Yichang",
            "Yicheng",
            "Yunmeng Chengguanzhen",
            "Zaoyang",
            "Zhicheng",
            "Zhijiang",
            "Zhongxiang"
        ]
    },
    {
        "name": "Hunan",
        "cities": [
            "Anjiang",
            "Anping",
            "Anxiang",
            "Baisha",
            "Biyong",
            "Bojia",
            "Boyang",
            "Bozhou",
            "Changde",
            "Changsha",
            "Changsha Shi",
            "Chatian",
            "Chenzhou",
            "Dabaozi",
            "Dehang",
            "Dengjiapu",
            "Dengyuantai",
            "Dongshan Dongzuxiang",
            "Fenghuang",
            "Gangdong",
            "Gaoqiao",
            "Gaoyi",
            "Guankou",
            "Hengbanqiao",
            "Hengyang",
            "Hexiangqiao",
            "Hongjiang",
            "Hongqiao",
            "Huaihua",
            "Huangjinjing",
            "Huanglong",
            "Huangmaoyuan",
            "Huangqiao",
            "Huangtukuang",
            "Huangxikou",
            "Huaqiao",
            "Huayuan",
            "Huomachong",
            "Jiangfang",
            "Jiangkouxu",
            "Jiangshi",
            "Jinhe",
            "Jinshi",
            "Jinshiqiao",
            "Lanli",
            "Leiyang",
            "Lengshuijiang",
            "Lengshuitan",
            "Liangyaping",
            "Lianyuan",
            "Linkou",
            "Liuduzhai",
            "Lixiqiao",
            "Longtan",
            "Longtou’an",
            "Loudi",
            "Luojiu",
            "Luyang",
            "Ma’an",
            "Malin",
            "Maoping",
            "Nanmuping",
            "Nanzhou",
            "Prefecture of Chenzhou",
            "Pukou",
            "Puzi",
            "Qiancheng",
            "Qianzhou",
            "Qiaojiang",
            "Qingjiangqiao",
            "Qingxi",
            "Qionghu",
            "Ruoshui",
            "Shangmei",
            "Shanmen",
            "Shijiang",
            "Shuangjiang",
            "Shuangxi",
            "Shuiche",
            "Shuidatian",
            "Simenqian",
            "Tangjiafang",
            "Tanwan",
            "Tongwan",
            "Tuokou",
            "Wantouqiao",
            "Wenxing",
            "Wulingyuan",
            "Wuxi",
            "Wuyang",
            "Xiangtan",
            "Xiangxi Tujiazu Miaozu Zizhizhou",
            "Xiangxiang",
            "Xianrenwan",
            "Xianxi",
            "Xiaohenglong",
            "Xiaolongmen",
            "Xiaoshajiang",
            "Xishan",
            "Xixi",
            "Xiyan",
            "Yanmen",
            "Yaoshi",
            "Yatunpu",
            "Yiyang",
            "Yongfeng",
            "Yongzhou",
            "Yueyang",
            "Yueyang Shi",
            "Yutan",
            "Zhaishi Miaozu Dongzuxiang",
            "Zhangjiajie",
            "Zhongfang",
            "Zhongzhai",
            "Zhushi",
            "Zhuzhou",
            "Zhuzhou Shi",
            "Zhuzhoujiang Miaozuxiang"
        ]
    },
    {
        "name": "Inner Mongolia",
        "cities": [
            "Baotou",
            "Bayan Nur",
            "Bayannur Shi",
            "Beichengqu",
            "Chifeng",
            "Dongsheng",
            "E’erguna",
            "Erenhot",
            "Genhe",
            "Hailar",
            "Hohhot",
            "Hulunbuir Region",
            "Jalai Nur",
            "Jiagedaqi",
            "Jining",
            "Manzhouli",
            "Mositai",
            "Mujiayingzi",
            "Ordos",
            "Ordos Shi",
            "Oroqen Zizhiqi",
            "Pingzhuang",
            "Salaqi",
            "Shiguai",
            "Tongliao",
            "Ulanhot",
            "Wenquan",
            "Wuda",
            "Wuhai",
            "Xilin Gol Meng",
            "Xilin Hot",
            "Yakeshi",
            "Zhalantun"
        ]
    },
    {
        "name": "Jiangsu",
        "cities": [
            "ChangZhou",
            "HuaiAn",
            "LianYunGang",
            "NanJing",
            "NanTong",
            "SuQian",
            "SuZhou",
            "TaiZhou",
            "WuXi",
            "XuZhou",
            "YanCheng",
            "YangZhou",
            "ZhenJiang"
        ]
    },
    {
        "name": "Jiangxi",
        "cities": [
            "Changleng",
            "Fenyi",
            "Ganzhou",
            "Ganzhou Shi",
            "Guixi",
            "Ji’an",
            "Jianguang",
            "Jingdezhen",
            "Jingdezhen Shi",
            "Jiujiang",
            "Nanchang",
            "Pingxiang",
            "Poyang",
            "Shangrao",
            "Xinyu",
            "Yichun"
        ]
    },
    {
        "name": "Jilin",
        "cities": [
            "Baicheng",
            "Baishan",
            "Baishishan",
            "Changchun",
            "Changling",
            "Chaoyang",
            "Dalai",
            "Dashitou",
            "Dehui",
            "Dongfeng",
            "Dunhua",
            "Erdaojiang",
            "Fuyu",
            "Gongzhuling",
            "Guangming",
            "Helong",
            "Hepingjie",
            "Huadian",
            "Huangnihe",
            "Huinan",
            "Hunchun",
            "Ji’an",
            "Jilin",
            "Jishu",
            "Jiutai",
            "Kaitong",
            "Liaoyuan",
            "Linjiang",
            "Lishu",
            "Liuhe",
            "Longjing",
            "Meihekou",
            "Mingyue",
            "Minzhu",
            "Panshi",
            "Sanchazi",
            "Shuangyang",
            "Shulan",
            "Siping",
            "Songjianghe",
            "Songyuan",
            "Tonghua",
            "Tonghua Shi",
            "Tumen",
            "Wangqing",
            "Xinglongshan",
            "Yanbian Chaoxianzu Zizhizhou",
            "Yanji",
            "Yantongshan",
            "Yushu",
            "Zhengjiatun",
            "Zhenlai"
        ]
    },
    {
        "name": "Liaoning",
        "cities": [
            "Anshan",
            "Beipiao",
            "Benxi",
            "Changtu",
            "Chaoyang",
            "Dalian",
            "Dalianwan",
            "Dandong",
            "Dashiqiao",
            "Dongling",
            "Fengcheng",
            "Fushun",
            "Fuxin",
            "Gaizhou",
            "Gongchangling",
            "Haicheng",
            "Heishan",
            "Huanren",
            "Huludao",
            "Huludao Shi",
            "Hushitai",
            "Jinzhou",
            "Jiupu",
            "Kaiyuan",
            "Kuandian",
            "Langtoucun",
            "Lianshan",
            "Liaoyang",
            "Liaozhong",
            "Linghai",
            "Lingyuan",
            "Lüshun",
            "Nanpiao",
            "Nantai",
            "Panjin Shi",
            "Panshan",
            "Pulandian",
            "Shenyang",
            "Sujiatun",
            "Tieling",
            "Tieling Shi",
            "Wafangdian",
            "Xiaoshi",
            "Xifeng",
            "Xingcheng",
            "Xinmin",
            "Xinxing",
            "Xiuyan",
            "Yebaishou",
            "Yingkou",
            "Zhuanghe"
        ]
    },
    {
        "name": "Macau SAR",
        "cities": []
    },
    {
        "name": "Ningxia Huizu",
        "cities": [
            "Dawukou",
            "Dongta",
            "Shitanjing",
            "Shizuishan",
            "Wuzhong",
            "Yinchuan",
            "Zhongwei"
        ]
    },
    {
        "name": "Qinghai",
        "cities": [
            "Delingha",
            "Golmud",
            "Golog Tibetan Autonomous Prefecture",
            "Haibei Tibetan Autonomous Prefecture",
            "Huangnan Zangzu Zizhizhou",
            "Xining",
            "Xireg",
            "Yushu Zangzu Zizhizhou"
        ]
    },
    {
        "name": "Shaanxi",
        "cities": [
            "Ankang",
            "Baoji Shi",
            "Guozhen",
            "Hancheng",
            "Hanzhong",
            "Huayin",
            "Lintong",
            "Tongchuanshi",
            "Weinan",
            "Xi’an",
            "Xianyang",
            "Yanliang",
            "Yulinshi",
            "Yuxia"
        ]
    },
    {
        "name": "Shandong",
        "cities": [
            "Anqiu",
            "Beizhai",
            "Bianzhuang",
            "Binzhou",
            "Boshan",
            "Changqing",
            "Chengqu",
            "Chengtangcun",
            "Chengyang",
            "Dengying",
            "Dengzhou",
            "Dezhou",
            "Dingtao",
            "Dongcun",
            "Dongdu",
            "Feicheng",
            "Gaomi",
            "Hanting",
            "Heze",
            "Jiamaying",
            "Jiaozhou",
            "Jiehu",
            "Jimo",
            "Jinan",
            "Jining",
            "Juye",
            "Kuiju",
            "Kutao",
            "Laiwu",
            "Laixi",
            "Laiyang",
            "Laizhou",
            "Laocheng",
            "Liaocheng",
            "Linqu",
            "Linyi",
            "Longgang",
            "Mengyin",
            "Mingshui",
            "Mizhou",
            "Nanding",
            "Nanma",
            "Ninghai",
            "Ningyang",
            "Pingdu",
            "Pingyi",
            "Pingyin",
            "Qingdao",
            "Qingnian",
            "Qingshancun",
            "Qingyang",
            "Qingzhou",
            "Qufu",
            "Rizhao",
            "Shancheng",
            "Shanting",
            "Shazikou",
            "Shengli",
            "Shilaorencun",
            "Shizilu",
            "Shouguang",
            "Sishui",
            "Suozhen",
            "Tai’an",
            "Taozhuang",
            "Tianfu",
            "Weifang",
            "Weihai",
            "Wenshang",
            "Xiazhen",
            "Xiazhuang",
            "Xiliguantun",
            "Xindian",
            "Xintai",
            "Yanggu",
            "Yanta",
            "Yantai",
            "Yanzhou",
            "Yatou",
            "Yinzhu",
            "Yishui",
            "Yucheng",
            "Zaozhuang",
            "Zhaoyuan",
            "Zhoucheng",
            "Zhoucun",
            "Zhu Cheng City",
            "Zhuangyuan",
            "Zibo",
            "Zoucheng"
        ]
    },
    {
        "name": "Shanghai",
        "cities": [
            "Shanghai",
            "Songjiang",
            "Zhabei",
            "Zhujiajiao"
        ]
    },
    {
        "name": "Shanxi",
        "cities": [
            "Changzhi",
            "Datong",
            "Datong Shi",
            "Gutao",
            "Jiexiu",
            "Jincheng",
            "Jinzhong Shi",
            "Linfen",
            "Lüliang",
            "Shuozhou",
            "Taiyuan",
            "Xintian",
            "Xinzhi",
            "Xinzhou",
            "Yangquan",
            "Yuanping",
            "Yuci",
            "Yuncheng"
        ]
    },
    {
        "name": "Sichuan",
        "cities": [
            "Aba Zangzu Qiangzu Zizhizhou",
            "Barkam",
            "Bazhong Shi",
            "Changchi",
            "Chengdu",
            "Chonglong",
            "Dadukou",
            "Dazhou",
            "Deyang",
            "Dongxi",
            "Fangting",
            "Fubao",
            "Gaoping",
            "Garzê Zangzu Zizhizhou",
            "Guang’an",
            "Guangyuan",
            "Jiancheng",
            "Jiangyou",
            "Jiannan",
            "Kangding",
            "Langzhong",
            "Leshan",
            "Liangshan Yizu Zizhizhou",
            "Linqiong",
            "Luocheng",
            "Luzhou",
            "Meishan Shi",
            "Mianyang",
            "Nanchong",
            "Nanlong",
            "Neijiang",
            "Panzhihua",
            "Puji",
            "Shuanghejiedao",
            "Suining",
            "Taihe",
            "Taiping",
            "Tianpeng",
            "Tongchuan",
            "Xialiang",
            "Xiantan",
            "Xichang",
            "Xunchang",
            "Yanjiang",
            "Yibin",
            "Yucheng",
            "Zengjia",
            "Zhongba",
            "Zigong"
        ]
    },
    {
        "name": "Taiwan",
        "cities": [
            "Baoying",
            "Changshu City",
            "Changzhou",
            "Chengxiang",
            "Dazhong",
            "Dongkan",
            "Dongtai",
            "Fengxian",
            "Gaogou",
            "Gaoyou",
            "Guiren",
            "Haizhou",
            "Hede",
            "Huai'an",
            "Huai’an Shi",
            "Huilong",
            "Hutang",
            "Jiangyan",
            "Jiangyin",
            "Jingjiang",
            "Jinsha",
            "Juegang",
            "Kunshan",
            "Lianyungang Shi",
            "Licheng",
            "Mudu",
            "Nanjing",
            "Nantong",
            "Pizhou",
            "Qinnan",
            "Rucheng",
            "Sanmao",
            "Songling",
            "Suicheng",
            "Suzhou",
            "Taixing",
            "Taizhou",
            "Tongshan",
            "Wuxi",
            "Xiannü",
            "Xiaolingwei",
            "Xinghua",
            "Xinpu",
            "Yancheng",
            "Yangzhou",
            "Yicheng",
            "Yushan",
            "Zhangjiagang",
            "Zhenjiang",
            "Zhenzhou",
            "Zhongxing",
            "Zhouzhuang"
        ]
    },
    {
        "name": "Tianjin",
        "cities": [
            "Badaogu",
            "Baijian",
            "Bamencheng",
            "Bangjun",
            "Beicang",
            "Beihuaidian",
            "Beilizigu",
            "Biaokou",
            "Binhai New Area",
            "Caijiapu",
            "Caodian",
            "Chabaihu",
            "Changtun",
            "Chengtougu",
            "Chitu",
            "Cuijiamatou",
            "Dadunqiu",
            "Dakoutun",
            "Dashentang",
            "Dawangtai",
            "Daxinzhuang",
            "Dazhongzhuang",
            "Dongditou",
            "Dongshigu",
            "Erwangzhuang",
            "Fanzhuang",
            "Fengtai (Ninghe)",
            "Fuzhuang",
            "Gaojingzhuang",
            "Hanjiashu",
            "Hebeitun",
            "Hexiwu",
            "Huangcaotuo",
            "Huantuo",
            "Huogezhuang",
            "Jiangwakou",
            "Lianzhuang",
            "Lintingkou",
            "Liujiading",
            "Liukuaizhuang",
            "Liuzikou",
            "Luotuofangzi",
            "Meichang",
            "Mengquan",
            "Panzhuang",
            "Qingguang",
            "Sangzi",
            "Shangcang",
            "Shimianzhuang",
            "Shuangjiang",
            "Sigaozhuang",
            "Tianjin",
            "Touying",
            "Wangqinzhuang",
            "Weiwangzhuang",
            "Xiawuqi",
            "Xiditou",
            "Xinkaikou",
            "Xitazhuang",
            "Yangjinzhuang",
            "Yangliuqing",
            "Yinliu",
            "Yixingfu",
            "Youguzhuang",
            "Yuelongzhuang",
            "Yuguzhuang",
            "Zaojiacheng",
            "Zhangjiawo",
            "Zhaoguli",
            "Zhaoguli"
        ]
    },
    {
        "name": "Xinjiang",
        "cities": [
            "Ailan Mubage",
            "Aksu",
            "Aksu Diqu",
            "Altay",
            "Altay Diqu",
            "Aral",
            "Aykol",
            "Baijiantan",
            "Baluntaicun",
            "Bayingolin Mongol Zizhizhou",
            "Changji",
            "Changji Huizu Zizhizhou",
            "Fukang",
            "Hami",
            "Hotan",
            "Hoxtolgay",
            "Huocheng",
            "Ili Kazak Zizhizhou",
            "Karamay",
            "Karamay Shi",
            "Kashgar",
            "Kaxgar Diqu",
            "Korla",
            "Kuqa",
            "Kuytun",
            "Qapqal",
            "Shache",
            "Shihezi",
            "Sishilichengzi",
            "Tacheng",
            "Tacheng Diqu",
            "Turpan",
            "Turpan Diqu",
            "Ürümqi",
            "Urumqi Shi",
            "Xinyuan",
            "Zangguy"
        ]
    },
    {
        "name": "Xizang",
        "cities": [
            "Burang",
            "Dêqên",
            "Jiangzi",
            "Lhasa",
            "Nagqu",
            "Nagqu Diqu",
            "Ngari Diqu",
            "Nyingchi Prefecture",
            "Qamdo",
            "Qamdo Shi",
            "Rikaze",
            "Saga",
            "Shannan Diqu"
        ]
    },
    {
        "name": "Yunnan",
        "cities": [
            "Chuxiong Yizu Zizhizhou",
            "Dali",
            "Dali Baizu Zizhizhou",
            "Dehong Daizu Jingpozu Zizhizhou",
            "Dêqên Tibetan Autonomous Prefecture",
            "Gejiu",
            "Haikou",
            "Honghe Hanizu Yizu Zizhizhou",
            "Jinghong",
            "Kaihua",
            "Kaiyuan",
            "Kunming",
            "Lianran",
            "Lijiang",
            "Lincang Shi",
            "Longquan",
            "Mabai",
            "Majie",
            "Miyang",
            "Nujiang Lisuzu Zizhizhou",
            "Qujing",
            "Shangri-La",
            "Shilin",
            "Wenlan",
            "Wenshan City",
            "Wenshan Zhuangzu Miaozu Zizhizhou",
            "Yuxi",
            "Zhaotong",
            "Zhongshu"
        ]
    },
    {
        "name": "Zhejiang",
        "cities": [
            "Deqing",
            "Dongyang",
            "Fenghua",
            "Fuyang",
            "Guli",
            "Haining",
            "Hangzhou",
            "Huangyan",
            "Huzhou",
            "Jiaojiang",
            "Jiashan",
            "Jiaxing",
            "Jiaxing Shi",
            "Jinhua",
            "Jinxiang",
            "Kunyang",
            "Lanxi",
            "Lianghu",
            "Linhai",
            "Linping",
            "Lishui",
            "Luqiao",
            "Ningbo",
            "Ninghai",
            "Puyang",
            "Quzhou",
            "Shangyu",
            "Shaoxing",
            "Shenjiamen",
            "Taizhou",
            "Wenling",
            "Wenzhou",
            "Wuzhen",
            "Xianju",
            "Xiaoshan",
            "Yiwu",
            "Yuyao",
            "Zhaobaoshan",
            "Zhicheng",
            "Zhoushan",
            "Zhuji"
        ]
    }
]