[
    {
        "name": "Anhui"
    },
    {
        "name": "Beijing"
    },
    {
        "name": "Chongqing"
    },
    {
        "name": "Fujian"
    },
    {
        "name": "Gansu"
    },
    {
        "name": "Guangdong"
    },
    {
        "name": "Guangxi Zhuang"
    },
    {
        "name": "Guizhou"
    },
    {
        "name": "Hainan"
    },
    {
        "name": "Hebei"
    },
    {
        "name": "Heilongjiang"
    },
    {
        "name": "Henan"
    },
    {
        "name": "Hong Kong SAR"
    },
    {
        "name": "Hubei"
    },
    {
        "name": "Hunan"
    },
    {
        "name": "Inner Mongolia"
    },
    {
        "name": "Jiangsu"
    },
    {
        "name": "Jiangxi"
    },
    {
        "name": "Jilin"
    },
    {
        "name": "Liaoning"
    },
    {
        "name": "Macau SAR"
    },
    {
        "name": "Ningxia Huizu"
    },
    {
        "name": "Qinghai"
    },
    {
        "name": "Shaanxi"
    },
    {
        "name": "Shandong"
    },
    {
        "name": "Shanghai"
    },
    {
        "name": "Shanxi"
    },
    {
        "name": "Sichuan"
    },
    {
        "name": "Taiwan"
    },
    {
        "name": "Tianjin"
    },
    {
        "name": "Xinjiang"
    },
    {
        "name": "Xizang"
    },
    {
        "name": "Yunnan"
    },
    {
        "name": "Zhejiang"
    }
]