[
    {
        "name": "Bjelovar-Bilogora"
    },
    {
        "name": "Brod-Posavina"
    },
    {
        "name": "Dubrovnik-Neretva"
    },
    {
        "name": "Istria"
    },
    {
        "name": "Karlovac"
    },
    {
        "name": "Koprivnica-Križevci"
    },
    {
        "name": "Krapina-Zagorje"
    },
    {
        "name": "Lika-Senj"
    },
    {
        "name": "Međimurje"
    },
    {
        "name": "Osijek-Baranja"
    },
    {
        "name": "Požega-Slavonia"
    },
    {
        "name": "Primorje-Gorski Kotar"
    },
    {
        "name": "Šibenik-Knin"
    },
    {
        "name": "Sisak-Moslavina"
    },
    {
        "name": "Split-Dalmatia"
    },
    {
        "name": "Varaždin"
    },
    {
        "name": "Virovitica-Podravina"
    },
    {
        "name": "Vukovar-Syrmia"
    },
    {
        "name": "Zadar"
    },
    {
        "name": "Zagreb"
    },
    {
        "name": "Zagreb"
    }
]