[
    {
        "name": "Adrar"
    },
    {
        "name": "Assaba"
    },
    {
        "name": "Brakna"
    },
    {
        "name": "Dakhlet Nouadhibou"
    },
    {
        "name": "Gorgol"
    },
    {
        "name": "Guidimaka"
    },
    {
        "name": "Hodh Ech Chargui"
    },
    {
        "name": "Hodh El Gharbi"
    },
    {
        "name": "Inchiri"
    },
    {
        "name": "Nouakchott-Nord"
    },
    {
        "name": "Nouakchott-Ouest"
    },
    {
        "name": "Nouakchott-Sud"
    },
    {
        "name": "Tagant"
    },
    {
        "name": "Tiris Zemmour"
    },
    {
        "name": "Trarza"
    }
]