[
    {
        "name": "Beyla Prefecture"
    },
    {
        "name": "Boffa Prefecture"
    },
    {
        "name": "Boké Prefecture"
    },
    {
        "name": "Boké Region"
    },
    {
        "name": "Conakry"
    },
    {
        "name": "Coyah Prefecture"
    },
    {
        "name": "Dabola Prefecture"
    },
    {
        "name": "Dalaba Prefecture"
    },
    {
        "name": "Dinguiraye Prefecture"
    },
    {
        "name": "Dubréka Prefecture"
    },
    {
        "name": "Faranah Prefecture"
    },
    {
        "name": "Forécariah Prefecture"
    },
    {
        "name": "Fria Prefecture"
    },
    {
        "name": "Gaoual Prefecture"
    },
    {
        "name": "Guéckédou Prefecture"
    },
    {
        "name": "Kankan Prefecture"
    },
    {
        "name": "Kankan Region"
    },
    {
        "name": "Kérouané Prefecture"
    },
    {
        "name": "Kindia Prefecture"
    },
    {
        "name": "Kindia Region"
    },
    {
        "name": "Kissidougou Prefecture"
    },
    {
        "name": "Koubia Prefecture"
    },
    {
        "name": "Koundara Prefecture"
    },
    {
        "name": "Kouroussa Prefecture"
    },
    {
        "name": "Labé Prefecture"
    },
    {
        "name": "Labé Region"
    },
    {
        "name": "Lélouma Prefecture"
    },
    {
        "name": "Lola Prefecture"
    },
    {
        "name": "Macenta Prefecture"
    },
    {
        "name": "Mali Prefecture"
    },
    {
        "name": "Mamou Prefecture"
    },
    {
        "name": "Mamou Region"
    },
    {
        "name": "Mandiana Prefecture"
    },
    {
        "name": "Nzérékoré Prefecture"
    },
    {
        "name": "Nzérékoré Region"
    },
    {
        "name": "Pita Prefecture"
    },
    {
        "name": "Siguiri Prefecture"
    },
    {
        "name": "Télimélé Prefecture"
    },
    {
        "name": "Tougué Prefecture"
    },
    {
        "name": "Yomou Prefecture"
    }
]