[
    {
        "name": "Banteay Meanchey"
    },
    {
        "name": "Battambang"
    },
    {
        "name": "Kampong Cham"
    },
    {
        "name": "Kampong Chhnang"
    },
    {
        "name": "Kampong Speu"
    },
    {
        "name": "Kampong Thom"
    },
    {
        "name": "Kampot"
    },
    {
        "name": "Kandal"
    },
    {
        "name": "Kep"
    },
    {
        "name": "Koh Kong"
    },
    {
        "name": "Kratie"
    },
    {
        "name": "Mondulkiri"
    },
    {
        "name": "Oddar Meanchey"
    },
    {
        "name": "Pailin"
    },
    {
        "name": "Phnom Penh"
    },
    {
        "name": "Preah Vihear"
    },
    {
        "name": "Prey Veng"
    },
    {
        "name": "Pursat"
    },
    {
        "name": "Ratanakiri"
    },
    {
        "name": "Siem Reap"
    },
    {
        "name": "Sihanoukville"
    },
    {
        "name": "Stung Treng"
    },
    {
        "name": "Svay Rieng"
    },
    {
        "name": "Takeo"
    }
]