[
    {
        "name": "Al Wahat District"
    },
    {
        "name": "Benghazi"
    },
    {
        "name": "Derna District"
    },
    {
        "name": "Ghat District"
    },
    {
        "name": "Jabal al Akhdar"
    },
    {
        "name": "Jabal al Gharbi District"
    },
    {
        "name": "Jafara"
    },
    {
        "name": "Jufra"
    },
    {
        "name": "Kufra District"
    },
    {
        "name": "Marj District"
    },
    {
        "name": "Misrata District"
    },
    {
        "name": "Murqub"
    },
    {
        "name": "Murzuq District"
    },
    {
        "name": "Nalut District"
    },
    {
        "name": "Nuqat al Khams"
    },
    {
        "name": "Sabha District"
    },
    {
        "name": "Sirte District"
    },
    {
        "name": "Tripoli District"
    },
    {
        "name": "Wadi al Hayaa District"
    },
    {
        "name": "Wadi al Shatii District"
    },
    {
        "name": "Zawiya District"
    }
]