[
    {
        "name": "Anenii Noi District"
    },
    {
        "name": "Bălți Municipality"
    },
    {
        "name": "Basarabeasca District"
    },
    {
        "name": "Bender Municipality"
    },
    {
        "name": "Briceni District"
    },
    {
        "name": "Cahul District"
    },
    {
        "name": "Călărași District"
    },
    {
        "name": "Cantemir District"
    },
    {
        "name": "Căușeni District"
    },
    {
        "name": "Chișinău Municipality"
    },
    {
        "name": "Cimișlia District"
    },
    {
        "name": "Criuleni District"
    },
    {
        "name": "Dondușeni District"
    },
    {
        "name": "Drochia District"
    },
    {
        "name": "Dubăsari District"
    },
    {
        "name": "Edineț District"
    },
    {
        "name": "Fălești District"
    },
    {
        "name": "Florești District"
    },
    {
        "name": "Gagauzia"
    },
    {
        "name": "Glodeni District"
    },
    {
        "name": "Hîncești District"
    },
    {
        "name": "Ialoveni District"
    },
    {
        "name": "Nisporeni District"
    },
    {
        "name": "Ocnița District"
    },
    {
        "name": "Orhei District"
    },
    {
        "name": "Rezina District"
    },
    {
        "name": "Rîșcani District"
    },
    {
        "name": "Sîngerei District"
    },
    {
        "name": "Șoldănești District"
    },
    {
        "name": "Soroca District"
    },
    {
        "name": "Ștefan Vodă District"
    },
    {
        "name": "Strășeni District"
    },
    {
        "name": "Taraclia District"
    },
    {
        "name": "Telenești District"
    },
    {
        "name": "Transnistria autonomous territorial unit"
    },
    {
        "name": "Ungheni District"
    }
]