[
    {
        "name": "Arkhangai Province"
    },
    {
        "name": "Bayan-Ölgii Province"
    },
    {
        "name": "Bayankhongor Province"
    },
    {
        "name": "Bulgan Province"
    },
    {
        "name": "Darkhan-Uul Province"
    },
    {
        "name": "Dornod Province"
    },
    {
        "name": "Dornogovi Province"
    },
    {
        "name": "Dundgovi Province"
    },
    {
        "name": "Govi-Altai Province"
    },
    {
        "name": "Govisümber Province"
    },
    {
        "name": "Khentii Province"
    },
    {
        "name": "Khovd Province"
    },
    {
        "name": "Khövsgöl Province"
    },
    {
        "name": "Ömnögovi Province"
    },
    {
        "name": "Orkhon Province"
    },
    {
        "name": "Övörkhangai Province"
    },
    {
        "name": "Selenge Province"
    },
    {
        "name": "Sükhbaatar Province"
    },
    {
        "name": "Töv Province"
    },
    {
        "name": "Uvs Province"
    },
    {
        "name": "Zavkhan Province"
    }
]