[
    {
        "name": "Baden-Württemberg"
    },
    {
        "name": "Bavaria"
    },
    {
        "name": "Berlin"
    },
    {
        "name": "Brandenburg"
    },
    {
        "name": "Bremen"
    },
    {
        "name": "Hamburg"
    },
    {
        "name": "Hesse"
    },
    {
        "name": "Lower Saxony"
    },
    {
        "name": "Mecklenburg-Vorpommern"
    },
    {
        "name": "North Rhine-Westphalia"
    },
    {
        "name": "Rhineland-Palatinate"
    },
    {
        "name": "Saarland"
    },
    {
        "name": "Saxony"
    },
    {
        "name": "Saxony-Anhalt"
    },
    {
        "name": "Schleswig-Holstein"
    },
    {
        "name": "Thuringia"
    }
]