[
    {
        "name": "Andrijevica Municipality"
    },
    {
        "name": "Bar Municipality"
    },
    {
        "name": "Berane Municipality"
    },
    {
        "name": "Bijelo Polje Municipality"
    },
    {
        "name": "Budva Municipality"
    },
    {
        "name": "Danilovgrad Municipality"
    },
    {
        "name": "Gusinje Municipality"
    },
    {
        "name": "Kolašin Municipality"
    },
    {
        "name": "Kotor Municipality"
    },
    {
        "name": "Mojkovac Municipality"
    },
    {
        "name": "Nikšić Municipality"
    },
    {
        "name": "Old Royal Capital Cetinje"
    },
    {
        "name": "Petnjica Municipality"
    },
    {
        "name": "Plav Municipality"
    },
    {
        "name": "Pljevlja Municipality"
    },
    {
        "name": "Plužine Municipality"
    },
    {
        "name": "Podgorica Municipality"
    },
    {
        "name": "Rožaje Municipality"
    },
    {
        "name": "Šavnik Municipality"
    },
    {
        "name": "Tivat Municipality"
    },
    {
        "name": "Ulcinj Municipality"
    },
    {
        "name": "Žabljak Municipality"
    }
]