[
    {
        "name": "Ahafo",
        "cities": [
            "Asunafo North",
            "Asunafo South",
            "Asutifi North",
            "Asutifi South",
            "Tano North",
            "Tano South"
        ]
    },
    {
        "name": "Ashanti",
        "cities": [
            "Agogo",
            "Bekwai",
            "Ejura",
            "Konongo",
            "Kumasi",
            "Mampong",
            "Obuase",
            "Tafo"
        ]
    },
    {
        "name": "Bono",
        "cities": [
            "Banda",
            "Berekum East",
            "Berekum West",
            "Dormaa Central",
            "Dormaa East",
            "Dormaa West",
            "Jaman North",
            "Jaman South",
            "Sunyani",
            "Sunyani West",
            "Tain",
            "Wenchi"
        ]
    },
    {
        "name": "Bono East",
        "cities": [
            "Atebubu-Amantin",
            "Kintampo North",
            "Kintampo South",
            "Nkoranza North",
            "Nkoranza South",
            "Pru East",
            "Pru West",
            "Sene East",
            "Sene West",
            "Techiman",
            "Techiman North"
        ]
    },
    {
        "name": "Central",
        "cities": [
            "Apam",
            "Cape Coast",
            "Dunkwa",
            "Elmina",
            "Foso",
            "Kasoa",
            "Mumford",
            "Saltpond",
            "Swedru",
            "Winneba"
        ]
    },
    {
        "name": "Eastern",
        "cities": [
            "Aburi",
            "Akim Oda",
            "Akim Swedru",
            "Akropong",
            "Akwatia",
            "Asamankese",
            "Begoro",
            "Kibi",
            "Koforidua",
            "Mpraeso",
            "Nsawam",
            "Suhum"
        ]
    },
    {
        "name": "Greater Accra",
        "cities": [
            "Accra",
            "Atsiaman",
            "Dome",
            "Gbawe",
            "Medina Estates",
            "Nungua",
            "Tema",
            "Teshi Old Town"
        ]
    },
    {
        "name": "North East",
        "cities": [
            "Bunkpurugu-Nyakpanduri",
            "Chereponi",
            "East Mamprusi",
            "Mamprugu-Moagduri",
            "West Mamprusi",
            "Yunyoo-Nasuan"
        ]
    },
    {
        "name": "Northern",
        "cities": [
            "Kpandae",
            "Salaga",
            "Savelugu",
            "Tamale",
            "Yendi"
        ]
    },
    {
        "name": "Oti",
        "cities": [
            "Biakoye",
            "Jasikan",
            "Kadjebi",
            "Krachi East",
            "Krachi Nchumuru",
            "Krachi West",
            "Nkwanta North",
            "Nkwanta South"
        ]
    },
    {
        "name": "Savannah",
        "cities": [
            "Bole",
            "Central Gonja",
            "East Gonja",
            "North East Gonja",
            "North Gonja",
            "Sawla-Tuna-Kalba",
            "West Gonja"
        ]
    },
    {
        "name": "Upper East",
        "cities": [
            "Bawku",
            "Bolgatanga",
            "Navrongo"
        ]
    },
    {
        "name": "Upper West",
        "cities": [
            "Wa"
        ]
    },
    {
        "name": "Volta",
        "cities": [
            "Aflao",
            "Anloga",
            "Ho",
            "Hohoe",
            "Keta",
            "Kete Krachi",
            "Kpandu"
        ]
    },
    {
        "name": "Western",
        "cities": [
            "Aboso",
            "Axim",
            "Bibiani",
            "Prestea",
            "Sekondi-Takoradi",
            "Shama Junction",
            "Takoradi",
            "Tarkwa"
        ]
    },
    {
        "name": "Western North",
        "cities": [
            "Aowin",
            "Bia East",
            "Bia West",
            "Bibiani-Anhwiaso-Bekwai",
            "Bodi",
            "Juaboso",
            "Sefwi-Akontombra",
            "Sefwi-Wiawso",
            "Suaman"
        ]
    }
]