[
    {
        "name": "Ahafo"
    },
    {
        "name": "Ashanti"
    },
    {
        "name": "Bono"
    },
    {
        "name": "Bono East"
    },
    {
        "name": "Central"
    },
    {
        "name": "Eastern"
    },
    {
        "name": "Greater Accra"
    },
    {
        "name": "North East"
    },
    {
        "name": "Northern"
    },
    {
        "name": "Oti"
    },
    {
        "name": "Savannah"
    },
    {
        "name": "Upper East"
    },
    {
        "name": "Upper West"
    },
    {
        "name": "Volta"
    },
    {
        "name": "Western"
    },
    {
        "name": "Western North"
    }
]