[
    {
        "name": "Johor"
    },
    {
        "name": "Kedah"
    },
    {
        "name": "Kelantan"
    },
    {
        "name": "Kuala Lumpur"
    },
    {
        "name": "Labuan"
    },
    {
        "name": "Malacca"
    },
    {
        "name": "Negeri Sembilan"
    },
    {
        "name": "Pahang"
    },
    {
        "name": "Penang"
    },
    {
        "name": "Perak"
    },
    {
        "name": "Perlis"
    },
    {
        "name": "Putrajaya"
    },
    {
        "name": "Sabah"
    },
    {
        "name": "Sarawak"
    },
    {
        "name": "Selangor"
    },
    {
        "name": "Terengganu"
    }
]