[
    {
        "name": "Akmola Region"
    },
    {
        "name": "Aktobe Region"
    },
    {
        "name": "Almaty"
    },
    {
        "name": "Almaty Region"
    },
    {
        "name": "Atyrau Region"
    },
    {
        "name": "Baikonur"
    },
    {
        "name": "East Kazakhstan Region"
    },
    {
        "name": "Jambyl Region"
    },
    {
        "name": "Karaganda Region"
    },
    {
        "name": "Kostanay Region"
    },
    {
        "name": "Kyzylorda Region"
    },
    {
        "name": "Mangystau Region"
    },
    {
        "name": "North Kazakhstan Region"
    },
    {
        "name": "Nur-Sultan"
    },
    {
        "name": "Pavlodar Region"
    },
    {
        "name": "Turkestan Region"
    },
    {
        "name": "West Kazakhstan Province"
    }
]