[
    {
        "name": "Agder"
    },
    {
        "name": "Innlandet"
    },
    {
        "name": "Jan Mayen"
    },
    {
        "name": "Møre og Romsdal"
    },
    {
        "name": "Nordland"
    },
    {
        "name": "Oslo"
    },
    {
        "name": "Rogaland"
    },
    {
        "name": "Svalbard"
    },
    {
        "name": "Troms og Finnmark"
    },
    {
        "name": "Trøndelag"
    },
    {
        "name": "Vestfold og Telemark"
    },
    {
        "name": "Vestland"
    },
    {
        "name": "Viken"
    }
]