[
    {
        "name": "Anse la Raye Quarter",
        "cities": [
            "Anse La Raye",
            "Au Tabor",
            "Au Tabor Hill",
            "Bois D'Inde",
            "Caico/Millet",
            "Canaries",
            "Champen Estate",
            "Derriere Lagoon",
            "Durandeau",
            "Enbar Pwin",
            "Jacmel",
            "Jean Baptiste",
            "La Trielle",
            "Massacre",
            "Millet",
            "Morne Ciseaux",
            "Morne D'Or",
            "Roseau Valley",
            "St Lawrence",
            "St Lawrence Estate",
            "Tete Chemin",
            "Vanard",
            "Venus",
            "Village",
            "Village/Petite Bourgh"
        ]
    },
    {
        "name": "Canaries",
        "cities": [
            "Anse Cochon",
            "Anse Galet",
            "Anse La Verdue",
            "Belvedere",
            "Chalon",
            "Riverside Road",
            "Theodrine",
            "Village"
        ]
    },
    {
        "name": "Castries Quarter",
        "cities": [
            "Active Hill",
            "Agard Lands/Morne Dudon",
            "Almondale",
            "Aurendel Hill",
            "Babonneau Proper",
            "Bagatelle",
            "Balata",
            "Banannes Bay",
            "Barnard Hill",
            "Barre Denis",
            "Barre Duchaussee",
            "Barre St.Joseph",
            "Belair",
            "Bella Rosa",
            "Bexon",
            "Bisee",
            "Bishop'S Gap",
            "Bissee",
            "Black Mallet",
            "Bocage",
            "Bois Catchet",
            "Bois Patat",
            "Cabiche/Babonneau",
            "Cacoa/Babonneau",
            "Calvary",
            "Capital Hill",
            "Carellie",
            "Castries",
            "Cedars",
            "Chase Gardens",
            "Chassin/Babonneau",
            "Choppin Ridge/Sarot",
            "Ciceron",
            "City",
            "City Gate/La Clery",
            "Conway/Waterfront",
            "Coolie Town",
            "Coubaril",
            "Crownlands/Marc",
            "Cul De Sac",
            "Darling Road",
            "Deglos",
            "Derierre Fort/Old Victoria Road",
            "Dubrassay",
            "En Pois Doux/Babonneau",
            "Entrepot",
            "Faux A Chaud",
            "Ferrand",
            "Floissac/Marc",
            "Fond Assau/Babonneau",
            "Fond Canie",
            "Forestiere",
            "George Charles Boulevard",
            "Girard",
            "Goergeville",
            "Goodlands",
            "Grass Street",
            "Green Gold",
            "Guesneau",
            "Hill 20/Babonneau",
            "Hillcrest Gardens",
            "Hospital Road",
            "Independence City",
            "John Compton Highway",
            "L'Anse Road",
            "La Carierre",
            "La Clery",
            "La Croix Maingot",
            "La Pansee",
            "La Toc",
            "Labayee",
            "Lastic Hill",
            "Leslie Land",
            "Marc",
            "Marchand",
            "Marigot",
            "Maynard Hill",
            "Miami/Bexon",
            "Monkey Town Ciceron",
            "Morne Assau/Babonneau",
            "Morne Dudon",
            "Morne Road",
            "Morne Rouge/Marc",
            "Mount Pleasant",
            "New Village",
            "Odsan",
            "Parker'S Hill",
            "Patterson'S Gap",
            "Pavee",
            "Peart'S Gap",
            "Perou",
            "Pointe Seraphine",
            "Quarte Chemins",
            "Ravine Chabot",
            "Ravine Poisson",
            "Ravine Touterelle",
            "Resinard/Babonneau",
            "Rock Hall",
            "Rose Hill",
            "San Soucis",
            "Sand De Feu",
            "Sarot",
            "Summersdale",
            "Sunbilt",
            "Sunny Acres",
            "Talvern",
            "Tapion",
            "The Morne",
            "Ti Colon",
            "Ti Rocher",
            "Trois Piton",
            "Trou Cochan/Marc",
            "Trou Florent/Marc",
            "Trou Rouge",
            "Vide Bouteille",
            "Vigie",
            "Waterworks",
            "Wilton'S Yard/Grave Yard",
            "Yorke Hill"
        ]
    },
    {
        "name": "Choiseul Quarter",
        "cities": [
            "Belle Vue",
            "Bois Dinde",
            "Caffiere",
            "Cedars/Chu Tigre",
            "Choiseul",
            "Christian Hill",
            "Dacretin",
            "Debreuil",
            "Delcer",
            "Derriere Morne",
            "Dugard",
            "Dupre",
            "Esperance",
            "Franciou",
            "Industry",
            "La Fargue",
            "La Pointe",
            "Lamaze",
            "Le Riche",
            "Mailly Motete",
            "Martin",
            "Mongouge",
            "Monzie",
            "Morne Jacques",
            "Morne Sion",
            "Motete",
            "New Field/Fiette",
            "Ponyon",
            "Raveneau",
            "Reunion",
            "River Doree",
            "Roblot",
            "Sauzay",
            "Savannesgeorge/Constitution",
            "Victoria",
            "Village"
        ]
    },
    {
        "name": "Dauphin Quarter",
        "cities": []
    },
    {
        "name": "Dennery Quarter",
        "cities": [
            "Anse Canot",
            "Athens",
            "Au Leon",
            "Bara Bara",
            "Bazile",
            "Belmont",
            "Bois Joli",
            "Bordelais",
            "Bosquet D'Or",
            "Delaide",
            "Dennery",
            "Dennery By Pass",
            "Dennery By Pass/Green Mountain",
            "Dennery By Pass/Rocky Lane",
            "Dennery By Pass/White Rock Gardens",
            "Dennery Village",
            "Derniere Riviere",
            "Derniere Riviere/Fond Maricient",
            "Derniere Riviere/Mardi Gras/Morne Caca Cochon",
            "Derniere Riviere/Morne Panache",
            "Despinoze",
            "Dubonnaire",
            "Gadette",
            "Grande Ravine",
            "Grande Riviere",
            "Grande Riviere/Des Branch",
            "Grande Riviere/En Leur Morne/Discompere",
            "Grande Riviere/Funier",
            "Grande Riviere/Morne Caca Cochon",
            "La Caye",
            "La Pelle",
            "La Pointe",
            "La Ressource",
            "Lumiere",
            "Morne Panache",
            "Riche Fond",
            "Riche Fond/La Belle Vie",
            "Riche Fond/New Village",
            "St. Joseph Estate",
            "Thamazo"
        ]
    },
    {
        "name": "Gros Islet Quarter",
        "cities": [
            "Beausejour",
            "Beausejour/Fostin'S Development",
            "Beausejour/Ndc",
            "Bella Rosa",
            "Belle Vue",
            "Belle Vue Estate",
            "Boguis",
            "Boguis/Desa Blond",
            "Bois D'Orange",
            "Bois D'Ornange/Trouya",
            "Bonneterre",
            "Bonneterre Gardens",
            "Cap Estate",
            "Cap Estate/Becune Point",
            "Cap Estate/Caribbean Park",
            "Cap Estate/Golf Park",
            "Cap Estate/Lower Saline Point",
            "Cap Estate/Mon Du Cap",
            "Cap Estate/Ranch Site",
            "Cap Estate/Saddlec Back",
            "Cap Estate/Upper Saline Point",
            "Cas En Bas",
            "Caye Manje'",
            "Corinth",
            "Corinth Estate",
            "Corinth/La Bel Lair",
            "Dauphin",
            "Des Barras",
            "Des Barras/Cacolie",
            "Desrameaux",
            "Garrand",
            "Grand Riviere",
            "Grande Riviere/Assou Canal",
            "Grande Riviere/Ingle Woods",
            "Grande Riviere/Morne Serpent",
            "Grande Riviere/Norbert",
            "Grande Riviere/Piat",
            "Grande Riviere/White Rock",
            "Gros Islet",
            "Gros Islet Town",
            "Gros Islet/Edge Water",
            "L'Hermitage",
            "La Croix Chabourgh",
            "La Guerre",
            "La Guerre/Chicken Back Street",
            "Marisule",
            "Marisule/Bon Air",
            "Marisule/East Winds",
            "Marisule/La Brellotte",
            "Marisule/Top Of The World",
            "Marquis Estate",
            "Massade",
            "Monchy",
            "Monchy/Careffe",
            "Monchy/Cletus Village",
            "Monchy/La Borne",
            "Monchy/La Borne/Sans Souci",
            "Monchy/La Retraite",
            "Monchy/Lafeuillee",
            "Monchy/Lawi Fwen",
            "Monchy/Malgretoute",
            "Monchy/Moulin A Vent",
            "Monchy/Ravine Macock",
            "Monchy/Riviere Mitan",
            "Monchy/Ti Dauphin",
            "Monchy/Vieux Sucreic",
            "Monchy/Vieux Sucreic/Bois D'Inde",
            "Monchy/Vieux Sucreic/Careffe",
            "Mongiraud",
            "Monier",
            "Morne Citon",
            "Paix Bouche",
            "Pigeon Island",
            "Plateau",
            "Reduit",
            "Reduit Orchard",
            "Reduit Park",
            "Rodney Bay",
            "Rodney Heights",
            "Union",
            "Union Terrace",
            "Union/Ti Morne"
        ]
    },
    {
        "name": "Laborie Quarter",
        "cities": [
            "Annus",
            "Balca",
            "Balca/En Leur Ba",
            "Balembouche",
            "Banse",
            "Banse La Grace",
            "Bongalo",
            "Daban",
            "Fond Berange",
            "Gayabois",
            "Gentil",
            "Getrine",
            "Giraud",
            "H'Erelle",
            "Kennedy Highway/Laborie Bypass",
            "La Haut",
            "La Perle",
            "Laborie",
            "Londonderry",
            "Macdomel",
            "Morne Gomier",
            "Morne Le Blanc",
            "Olibo",
            "Parc Estate",
            "Piaye",
            "Saltibus",
            "Saphire",
            "Tete Morne",
            "Village",
            "Warwick/Daban"
        ]
    },
    {
        "name": "Micoud Quarter",
        "cities": [
            "Anse Ger",
            "Beauchamp",
            "Blanchard",
            "Canelles",
            "Cazuca",
            "Chique/Blanchard",
            "Coolie Town",
            "Delomel",
            "Des Blanchard",
            "Desruisseaux",
            "Dugard",
            "Escap",
            "Fond D'Lor/Dugard",
            "Fond Estate",
            "Fond/Desruisseaux",
            "Gomier",
            "Gouette",
            "Honeymoon Beach",
            "L'Eau Mineau",
            "La Courville",
            "La Pointe",
            "La Tille",
            "Lezy",
            "Lombard",
            "Mahaut",
            "Malgretoute",
            "Mamiku",
            "Micoud",
            "Mon Repos",
            "Moreau",
            "Morne Vient",
            "Myette Gardens",
            "New Village",
            "Paix Bouche",
            "Palmiste Estate",
            "Patience",
            "Planard",
            "Praslin",
            "Rameau",
            "Saint Marie Road",
            "Saut",
            "Savannes",
            "St Helen Estate",
            "Ti Riviere",
            "Ti Rocher",
            "Troumassee",
            "Village",
            "Volet"
        ]
    },
    {
        "name": "Praslin Quarter",
        "cities": []
    },
    {
        "name": "Soufrière Quarter",
        "cities": [
            "Anse Chastanet",
            "Barons Drive/Coin De L'Anse",
            "Beasejour/Myers Bridge",
            "Belle Plaine",
            "Bellefond",
            "Belvedere",
            "Bois D'Inde",
            "Bouton",
            "Calvary/Calvaire",
            "Cenac",
            "Chateau Belair",
            "Colombette",
            "Compar",
            "Cresslands",
            "Deville",
            "Diamond/Diamond Estate",
            "Esperance",
            "Etangs",
            "Fond Bernier",
            "Fond Cacoa",
            "Fond Doux",
            "Fond Gens Libre",
            "Jalousie",
            "La Haut",
            "La Pearle",
            "Lenny Hill",
            "Malgretoute",
            "Migny",
            "Mocha",
            "Morne Bonin",
            "Morne La Croix",
            "Morne Lastic/Desruisseaux",
            "New Development",
            "Palmiste",
            "Plat Pays",
            "Rabot",
            "Ravine Claire",
            "Ruby Estate",
            "Soufrière",
            "Soufriere Estate",
            "St Phillip",
            "Stonefield",
            "Sulphur Springs",
            "Ti Boug",
            "Ti Delcer",
            "Toraille",
            "Town",
            "Union Vale",
            "Zenon"
        ]
    },
    {
        "name": "Vieux Fort Quarter",
        "cities": [
            "Augier",
            "Beane Field",
            "Beausejour",
            "Belle Vue",
            "Black Bay",
            "Bruceville/Shanty Town",
            "Cacoa",
            "Cantonement",
            "Carierre",
            "Catin",
            "Cocoa Dan",
            "Coolie Town",
            "De Mailly",
            "Derierre Bois",
            "Derierre Morne",
            "Docamel/La Resource",
            "Eau Piquant/St Urbain",
            "En Bamboo",
            "Esperance",
            "Fond Capeche",
            "Fond Sabot",
            "Grace",
            "Hewanorra Orchard",
            "Hope Estate",
            "Industrial Estate",
            "Joyeux",
            "La Resource",
            "La Retraite",
            "La Tourney/Cedar Heights",
            "Maganier",
            "Morne Cayenne",
            "Morne Vert",
            "Moule A Chique",
            "Obrier",
            "Pierrot",
            "Plut",
            "Pomme",
            "St Jude'S Highway",
            "Tete Morne/Morne Andrew",
            "Town",
            "Vieux Fort",
            "Vieux Fort/Laborie Highway",
            "Vige'",
            "Westall Group/The Mangue"
        ]
    }
]