[
    {
        "name": "Anse la Raye Quarter"
    },
    {
        "name": "Canaries"
    },
    {
        "name": "Castries Quarter"
    },
    {
        "name": "Choiseul Quarter"
    },
    {
        "name": "Dauphin Quarter"
    },
    {
        "name": "Dennery Quarter"
    },
    {
        "name": "Gros Islet Quarter"
    },
    {
        "name": "Laborie Quarter"
    },
    {
        "name": "Micoud Quarter"
    },
    {
        "name": "Praslin Quarter"
    },
    {
        "name": "Soufrière Quarter"
    },
    {
        "name": "Vieux Fort Quarter"
    }
]