[
    {
        "name": "Agadir-Ida-Ou-Tanane"
    },
    {
        "name": "Al Haouz"
    },
    {
        "name": "Al Hoceïma"
    },
    {
        "name": "Aousserd (EH)"
    },
    {
        "name": "Assa-Zag (EH-partial)"
    },
    {
        "name": "Azilal"
    },
    {
        "name": "Béni Mellal"
    },
    {
        "name": "Béni Mellal-Khénifra"
    },
    {
        "name": "Benslimane"
    },
    {
        "name": "Berkane"
    },
    {
        "name": "Berrechid"
    },
    {
        "name": "Boujdour (EH)"
    },
    {
        "name": "Boulemane"
    },
    {
        "name": "Casablanca"
    },
    {
        "name": "Casablanca-Settat"
    },
    {
        "name": "Chefchaouen"
    },
    {
        "name": "Chichaoua"
    },
    {
        "name": "Chtouka-Ait Baha"
    },
    {
        "name": "Dakhla-Oued Ed-Dahab (EH)"
    },
    {
        "name": "Drâa-Tafilalet"
    },
    {
        "name": "Driouch"
    },
    {
        "name": "El Hajeb"
    },
    {
        "name": "El Jadida"
    },
    {
        "name": "El Kelâa des Sraghna"
    },
    {
        "name": "Errachidia"
    },
    {
        "name": "Es-Semara (EH-partial)"
    },
    {
        "name": "Essaouira"
    },
    {
        "name": "Fahs-Anjra"
    },
    {
        "name": "Fès"
    },
    {
        "name": "Fès-Meknès"
    },
    {
        "name": "Figuig"
    },
    {
        "name": "Fquih Ben Salah"
    },
    {
        "name": "Guelmim"
    },
    {
        "name": "Guelmim-Oued Noun (EH-partial)"
    },
    {
        "name": "Guercif"
    },
    {
        "name": "Ifrane"
    },
    {
        "name": "Inezgane-Ait Melloul"
    },
    {
        "name": "Jerada"
    },
    {
        "name": "Kénitra"
    },
    {
        "name": "Khémisset"
    },
    {
        "name": "Khénifra"
    },
    {
        "name": "Khouribga"
    },
    {
        "name": "L'Oriental"
    },
    {
        "name": "Laâyoune (EH)"
    },
    {
        "name": "Laâyoune-Sakia El Hamra (EH-partial)"
    },
    {
        "name": "Larache"
    },
    {
        "name": "M’diq-Fnideq"
    },
    {
        "name": "Marrakech"
    },
    {
        "name": "Marrakesh-Safi"
    },
    {
        "name": "Médiouna"
    },
    {
        "name": "Meknès"
    },
    {
        "name": "Midelt"
    },
    {
        "name": "Mohammadia"
    },
    {
        "name": "Moulay Yacoub"
    },
    {
        "name": "Nador"
    },
    {
        "name": "Nouaceur"
    },
    {
        "name": "Ouarzazate"
    },
    {
        "name": "Oued Ed-Dahab (EH)"
    },
    {
        "name": "Ouezzane"
    },
    {
        "name": "Oujda-Angad"
    },
    {
        "name": "Rabat"
    },
    {
        "name": "Rabat-Salé-Kénitra"
    },
    {
        "name": "Rehamna"
    },
    {
        "name": "Safi"
    },
    {
        "name": "Salé"
    },
    {
        "name": "Sefrou"
    },
    {
        "name": "Settat"
    },
    {
        "name": "Sidi Bennour"
    },
    {
        "name": "Sidi Ifni"
    },
    {
        "name": "Sidi Kacem"
    },
    {
        "name": "Sidi Slimane"
    },
    {
        "name": "Skhirate-Témara"
    },
    {
        "name": "Souss-Massa"
    },
    {
        "name": "Tan-Tan (EH-partial)"
    },
    {
        "name": "Tanger-Assilah"
    },
    {
        "name": "Tanger-Tétouan-Al Hoceïma"
    },
    {
        "name": "Taounate"
    },
    {
        "name": "Taourirt"
    },
    {
        "name": "Tarfaya (EH-partial)"
    },
    {
        "name": "Taroudannt"
    },
    {
        "name": "Tata"
    },
    {
        "name": "Taza"
    },
    {
        "name": "Tétouan"
    },
    {
        "name": "Tinghir"
    },
    {
        "name": "Tiznit"
    },
    {
        "name": "Youssoufia"
    },
    {
        "name": "Zagora"
    }
]