[
    {
        "name": "Benešov",
        "cities": []
    },
    {
        "name": "Beroun",
        "cities": []
    },
    {
        "name": "Blansko",
        "cities": []
    },
    {
        "name": "Břeclav",
        "cities": []
    },
    {
        "name": "Brno-město",
        "cities": []
    },
    {
        "name": "Brno-venkov",
        "cities": []
    },
    {
        "name": "Bruntál",
        "cities": []
    },
    {
        "name": "Česká Lípa",
        "cities": []
    },
    {
        "name": "České Budějovice",
        "cities": []
    },
    {
        "name": "Český Krumlov",
        "cities": []
    },
    {
        "name": "Cheb",
        "cities": []
    },
    {
        "name": "Chomutov",
        "cities": []
    },
    {
        "name": "Chrudim",
        "cities": []
    },
    {
        "name": "Děčín",
        "cities": []
    },
    {
        "name": "Domažlice",
        "cities": []
    },
    {
        "name": "Frýdek-Místek",
        "cities": []
    },
    {
        "name": "Havlíčkův Brod",
        "cities": []
    },
    {
        "name": "Hodonín",
        "cities": []
    },
    {
        "name": "Hradec Králové",
        "cities": []
    },
    {
        "name": "Jablonec nad Nisou",
        "cities": []
    },
    {
        "name": "Jeseník",
        "cities": []
    },
    {
        "name": "Jičín",
        "cities": []
    },
    {
        "name": "Jihlava",
        "cities": []
    },
    {
        "name": "Jihočeský kraj",
        "cities": [
            "Bavorov",
            "Bechyně",
            "Benešov nad Černou",
            "Bernartice",
            "Blatná",
            "Borek",
            "Borová Lada",
            "Borovany",
            "Brloh",
            "České Budějovice",
            "České Velenice",
            "Český Krumlov",
            "Český Rudolec",
            "Chlum u Třeboně",
            "Chotoviny",
            "Chvalšiny",
            "Chýnov",
            "Chyšky",
            "Čimelice",
            "Čkyně",
            "Dačice",
            "Dolní Bukovsko",
            "Dolní Dvořiště",
            "Dřiteň",
            "Dubné",
            "Frymburk",
            "Hluboká nad Vltavou",
            "Horní Planá",
            "Horní Stropnice",
            "Hrdějovice",
            "Husinec",
            "Jarošov nad Nežárkou",
            "Jindřichův Hradec",
            "Jistebnice",
            "Kájov",
            "Kamenný Újezd",
            "Kaplice",
            "Kardašova Řečice",
            "Katovice",
            "Kovářov",
            "Křemže",
            "Kunžak",
            "Ledenice",
            "Lhenice",
            "Lišov",
            "Litvínovice",
            "Lomnice nad Lužnicí",
            "Loučovice",
            "Malonty",
            "Malšice",
            "Milevsko",
            "Mirotice",
            "Mirovice",
            "Mladá Vožice",
            "Netolice",
            "Nová Bystřice",
            "Nová Včelnice",
            "Nové Hrady",
            "Okres České Budějovice",
            "Okres Český Krumlov",
            "Okres Jindřichův Hradec",
            "Okres Písek",
            "Okres Prachatice",
            "Okres Strakonice",
            "Okres Tábor",
            "Opařany",
            "Písek",
            "Planá nad Lužnicí",
            "Prachatice",
            "Protivín",
            "Radomyšl",
            "Rudolfov",
            "Sedlice",
            "Sepekov",
            "Ševětín",
            "Sezimovo Ústí",
            "Slavonice",
            "Soběslav",
            "Srubec",
            "Stachy",
            "Strakonice",
            "Strmilov",
            "Strunkovice nad Blanicí",
            "Studená",
            "Suchdol nad Lužnicí",
            "Tábor",
            "Třeboň",
            "Trhové Sviny",
            "Týn nad Vltavou",
            "Vacov",
            "Včelná",
            "Velešín",
            "Veselí nad Lužnicí",
            "Větřní",
            "Vimperk",
            "Vlachovo Březí",
            "Vodňany",
            "Volary",
            "Volyně",
            "Vyšší Brod",
            "Zdíkov",
            "Zliv"
        ]
    },
    {
        "name": "Jihomoravský kraj",
        "cities": [
            "Adamov",
            "Bílovice nad Svitavou",
            "Blansko",
            "Blažovice",
            "Blížkovice",
            "Blučina",
            "Bořetice",
            "Bořitov",
            "Boskovice",
            "Bošovice",
            "Božice",
            "Břeclav",
            "Březí",
            "Brno",
            "Bučovice",
            "Bzenec",
            "Čebín",
            "Čejč",
            "Čejkovice",
            "Černá Hora",
            "Dambořice",
            "Dobšice",
            "Dolní Bojanovice",
            "Dolní Dunajovice",
            "Dolní Kounice",
            "Dolní Loućky",
            "Domanín",
            "Doubravice nad Svitavou",
            "Drásov",
            "Drnholec",
            "Drnovice",
            "Dubňany",
            "Hevlín",
            "Hlohovec",
            "Hodonice",
            "Hodonín",
            "Hostěradice",
            "Hovorany",
            "Hroznová Lhota",
            "Hrušky",
            "Hrušovany nad Jevišovkou",
            "Hrušovany u Brna",
            "Hustopeče",
            "Ivančice",
            "Ivanovice na Hané",
            "Jaroslavice",
            "Jedovnice",
            "Jevišovice",
            "Klobouky",
            "Kněždub",
            "Kobylí",
            "Kostice",
            "Křenovice",
            "Křepice",
            "Krumvíř",
            "Kunštát",
            "Kuřim",
            "Kyjov",
            "Lanžhot",
            "Lednice",
            "Lelekovice",
            "Letonice",
            "Letovice",
            "Lipov",
            "Lipovec",
            "Lipůvka",
            "Lomnice",
            "Louka",
            "Lužice",
            "Lysice",
            "Měnín",
            "Město Brno",
            "Mikulčice",
            "Mikulov",
            "Milotice",
            "Miroslav",
            "Modřice",
            "Mokrá Hora",
            "Moravany",
            "Moravská Nová Ves",
            "Moravský Krumlov",
            "Moravský Písek",
            "Moravský Žižkov",
            "Moutnice",
            "Mutěnice",
            "Nedvědice",
            "Nesovice",
            "Nosislav",
            "Novosedly",
            "Okres Blansko",
            "Okres Břeclav",
            "Okres Brno-venkov",
            "Okres Hodonín",
            "Okres Vyškov",
            "Okres Znojmo",
            "Olbramovice",
            "Olešnice",
            "Ořechov",
            "Oslavany",
            "Ostopovice",
            "Ostrov u Macochy",
            "Otnice",
            "Petrov",
            "Podivín",
            "Podolí",
            "Pohořelice",
            "Pozořice",
            "Předklášteří",
            "Prušánky",
            "Pustiměř",
            "Rájec-Jestřebí",
            "Ráječko",
            "Rajhrad",
            "Rajhradice",
            "Rakvice",
            "Ratíškovice",
            "Říčany",
            "Rohatec",
            "Rosice",
            "Rousínov",
            "Šakvice",
            "Šanov",
            "Šardice",
            "Šatov",
            "Šitbořice",
            "Šlapanice",
            "Slavkov u Brna",
            "Sokolnice",
            "Strážnice",
            "Střelice",
            "Suchohrdly",
            "Sudoměřice",
            "Svitávka",
            "Tasovice",
            "Telnice",
            "Těšany",
            "Tišnov",
            "Troubsko",
            "Tvarožná",
            "Tvrdonice",
            "Týnec",
            "Únanov",
            "Vacenovice",
            "Valtice",
            "Velká nad Veličkou",
            "Velké Bílovice",
            "Velké Němčice",
            "Velké Opatovice",
            "Velké Pavlovice",
            "Veselí nad Moravou",
            "Veverská Bítýška",
            "Viničné Šumice",
            "Višňové",
            "Vlkoš",
            "Vnorovy",
            "Vojkovice",
            "Vracov",
            "Vranovice",
            "Vrbice",
            "Vrbovec",
            "Vyškov",
            "Žabčice",
            "Zaječí",
            "Zastávka",
            "Zbraslav",
            "Zbýšov",
            "Ždánice",
            "Želešice",
            "Žeravice",
            "Židlochovice",
            "Znojmo"
        ]
    },
    {
        "name": "Jindřichův Hradec",
        "cities": []
    },
    {
        "name": "Karlovarský kraj",
        "cities": [
            "Abertamy",
            "Aš",
            "Bochov",
            "Březová",
            "Bukovany",
            "Cheb",
            "Chodov",
            "Dalovice",
            "Dolní Rychnov",
            "Dolní Žandov",
            "Františkovy Lázně",
            "Habartov",
            "Hazlov",
            "Horní Slavkov",
            "Hranice",
            "Hroznětín",
            "Jáchymov",
            "Karlovy Vary",
            "Klášter",
            "Kraslice",
            "Kynšperk nad Ohří",
            "Lázně Kynžvart",
            "Loket",
            "Lomnice",
            "Luby",
            "Mariánské Lázně",
            "Merklín",
            "Město",
            "Nejdek",
            "Nová Role",
            "Nové Sedlo",
            "Okres Cheb",
            "Okres Karlovy Vary",
            "Okres Sokolov",
            "Oloví",
            "Ostrov",
            "Plesná",
            "Rotava",
            "Sadov",
            "Skalná",
            "Sokolov",
            "Svatava",
            "Toužim",
            "Velká Hleďsebe",
            "Vintířov",
            "Žlutice"
        ]
    },
    {
        "name": "Karlovy Vary",
        "cities": []
    },
    {
        "name": "Karviná",
        "cities": []
    },
    {
        "name": "Kladno",
        "cities": []
    },
    {
        "name": "Klatovy",
        "cities": []
    },
    {
        "name": "Kolín",
        "cities": []
    },
    {
        "name": "Kraj Vysočina",
        "cities": [
            "Batelov",
            "Bohdalov",
            "Brtnice",
            "Budišov",
            "Bystřice nad Pernštejnem",
            "Černovice",
            "Chotěboř",
            "Dobronín",
            "Dolní Cerekev",
            "Golčův Jeníkov",
            "Habry",
            "Havlíčkův Brod",
            "Herálec",
            "Horní Cerekev",
            "Hrotovice",
            "Humpolec",
            "Jaroměřice nad Rokytnou",
            "Jemnice",
            "Jihlava",
            "Jimramov",
            "Kamenice",
            "Kamenice nad Lipou",
            "Kněžice",
            "Křižanov",
            "Křížová",
            "Ledeč nad Sázavou",
            "Lípa",
            "Luka nad Jihlavou",
            "Lukavec",
            "Měřín",
            "Mohelno",
            "Moravské Budějovice",
            "Náměšť nad Oslavou",
            "Nová Cerekev",
            "Nové Město na Moravě",
            "Nové Syrovice",
            "Nové Veselí",
            "Okres Havlíčkův Brod",
            "Okres Jihlava",
            "Okres Pelhřimov",
            "Okres Třebíč",
            "Okres Žďár nad Sázavou",
            "Okříšky",
            "Okrouhlice",
            "Pacov",
            "Pelhřimov",
            "Počátky",
            "Polná",
            "Přibyslav",
            "Rouchovany",
            "Stařeč",
            "Štoky",
            "Světlá nad Sázavou",
            "Svratka",
            "Telč",
            "Třebíč",
            "Třešť",
            "Velká Bíteš",
            "Velké Meziříčí",
            "Velký Beranov",
            "Vilémov",
            "Vladislav",
            "Žďár nad Sázavou",
            "Žďár nad Sázavou Druhy",
            "Želetava",
            "Želiv",
            "Žirovnice"
        ]
    },
    {
        "name": "Královéhradecký kraj",
        "cities": [
            "Albrechtice nad Orlicí",
            "Bílá Třemešná",
            "Borohrádek",
            "Broumov",
            "Častolovice",
            "Černilov",
            "Černožice",
            "Červený Kostelec",
            "Česká Skalice",
            "České Meziříčí",
            "Chlumec nad Cidlinou",
            "Dobruška",
            "Dolní Černilov",
            "Doudleby nad Orlicí",
            "Dvůr Králové nad Labem",
            "Hořice",
            "Hostinné",
            "Hradec Králové",
            "Hronov",
            "Jaroměř",
            "Jičín",
            "Kopidlno",
            "Kostelec nad Orlicí",
            "Kvasiny",
            "Lázně Bělohrad",
            "Libáň",
            "Machov",
            "Malé Svatoňovice",
            "Meziměstí",
            "Mladé Buky",
            "Mostek",
            "Náchod",
            "Nechanice",
            "Nová Paka",
            "Nové Město nad Metují",
            "Nový Bydžov",
            "Okres Hradec Králové",
            "Okres Jičín",
            "Okres Náchod",
            "Okres Rychnov nad Kněžnou",
            "Okres Trutnov",
            "Opočno",
            "Ostroměř",
            "Pecka",
            "Pilníkov",
            "Police nad Metují",
            "Předměřice nad Labem",
            "Provodov-Šonov",
            "Radvanice",
            "Rokytnice v Orlických Horách",
            "Rtyně v Podkrkonoší",
            "Rudník",
            "Rychnov nad Kněžnou",
            "Skuhrov nad Bělou",
            "Smidary",
            "Smiřice",
            "Sobotka",
            "Solnice",
            "Špindlerův Mlýn",
            "Stará Paka",
            "Staré Nechanice",
            "Stěžery",
            "Svoboda nad Úpou",
            "Teplice nad Metují",
            "Třebechovice pod Orebem",
            "Trutnov",
            "Týniště nad Orlicí",
            "Úpice",
            "Valdice",
            "Vamberk",
            "Velké Poříčí",
            "Velké Svatoňovice",
            "Vrchlabí",
            "Všestary",
            "Žacléř",
            "Zadní Mostek",
            "Železnice"
        ]
    },
    {
        "name": "Kroměříž",
        "cities": []
    },
    {
        "name": "Kutná Hora",
        "cities": []
    },
    {
        "name": "Liberec",
        "cities": []
    },
    {
        "name": "Liberecký kraj",
        "cities": [
            "Benecko",
            "Brniště",
            "Česká Lípa",
            "Český Dub",
            "Chrastava",
            "Cvikov",
            "Desná",
            "Doksy",
            "Dubá",
            "Frýdlant",
            "Harrachov",
            "Hejnice",
            "Hodkovice nad Mohelkou",
            "Horní Branná",
            "Hrádek nad Nisou",
            "Jablonec nad Jizerou",
            "Jablonec nad Nisou",
            "Jablonné v Podještědí",
            "Janov nad Nisou",
            "Jilemnice",
            "Josefův Důl",
            "Kamenický Šenov",
            "Kořenov",
            "Košťálov",
            "Liberec",
            "Lomnice nad Popelkou",
            "Lučany nad Nisou",
            "Malá Skála",
            "Mimoň",
            "Mníšek",
            "Nové Město pod Smrkem",
            "Nový Bor",
            "Ohrazenice",
            "Okres Česká Lípa",
            "Okres Jablonec nad Nisou",
            "Okres Liberec",
            "Okres Semily",
            "Osečná",
            "Pěnčín",
            "Plavy",
            "Poniklá",
            "Příšovice",
            "Raspenava",
            "Rokytnice nad Jizerou",
            "Rovensko pod Troskami",
            "Semily",
            "Smržovka",
            "Stráž nad Nisou",
            "Stráž pod Ralskem",
            "Studenec",
            "Tanvald",
            "Turnov",
            "Valdice",
            "Velké Hamry",
            "Višňova",
            "Vysoké nad Jizerou",
            "Zákupy",
            "Žandov",
            "Železný Brod"
        ]
    },
    {
        "name": "Litoměřice",
        "cities": []
    },
    {
        "name": "Louny",
        "cities": []
    },
    {
        "name": "Mělník",
        "cities": []
    },
    {
        "name": "Mladá Boleslav",
        "cities": []
    },
    {
        "name": "Moravskoslezský kraj",
        "cities": [
            "Albrechtice",
            "Bartošovice",
            "Baška",
            "Bílovec",
            "Bohumín",
            "Bohuslavice",
            "Bolatice",
            "Brantice",
            "Březová",
            "Břidličná",
            "Brumovice",
            "Bruntál",
            "Brušperk",
            "Budišov nad Budišovkou",
            "Bukovec",
            "Bystřice",
            "Čeladná",
            "Český Těšín",
            "Chlebičov",
            "Chotěbuz",
            "Chuchelná",
            "Darkovice",
            "Dětmarovice",
            "Dobrá",
            "Dobratice",
            "Dolní Benešov",
            "Dolní Lhota",
            "Dolní Lutyně",
            "Dolní Životice",
            "Doubrava",
            "Dvorce",
            "Frenštát pod Radhoštěm",
            "Fryčovice",
            "Frýdek-Místek",
            "Frýdlant nad Ostravicí",
            "Fulnek",
            "Háj ve Slezsku",
            "Hať",
            "Havířov",
            "Hlučín",
            "Hněvošice",
            "Hnojník",
            "Hodslavice",
            "Holasovice",
            "Horní Benešov",
            "Horní Bludovice",
            "Horní Město",
            "Horní Suchá",
            "Horní Těrlicko",
            "Hrabyně",
            "Hradec nad Moravici",
            "Hrádek",
            "Hukvaldy",
            "Jablunkov",
            "Jakartovice",
            "Janovice",
            "Jeseník nad Odrou",
            "Jindřichov",
            "Jistebník",
            "Karlovice",
            "Karviná",
            "Klimkovice",
            "Kobeřice",
            "Komorní Lhotka",
            "Kopřivnice",
            "Kozlovice",
            "Kozmice",
            "Kravaře",
            "Krmelín",
            "Krnov",
            "Kunčice pod Ondřejníkem",
            "Kunín",
            "Lichnov",
            "Lichnov (o. Nový Jičín)",
            "Lučina",
            "Ludgeřovice",
            "Markvartovice",
            "Město Albrechtice",
            "Metylovice",
            "Milíkov",
            "Mokré Lazce",
            "Morávka",
            "Mořkov",
            "Mosty u Jablunkova",
            "Návsí u Jablunkova",
            "Nový Jičín",
            "Nýdek",
            "Odry",
            "Okres Bruntál",
            "Okres Frýdek-Místek",
            "Okres Karviná",
            "Okres Nový Jičín",
            "Okres Opava",
            "Okres Ostrava-město",
            "Oldřišov",
            "Opava",
            "Orlová",
            "Osoblaha",
            "Ostrava",
            "Ostravice",
            "Otice",
            "Palkovice",
            "Paskov",
            "Petrovice u Karviné",
            "Petřvald",
            "Písek",
            "Píšť",
            "Pražmo",
            "Příbor",
            "Pustá Polom",
            "Raškovice",
            "Řepiště",
            "Ropice",
            "Rybí",
            "Rychvald",
            "Rýmařov",
            "Sedliště",
            "Sedlnice",
            "Šenov",
            "Šilheřovice",
            "Slavkov",
            "Stará Ves nad Ondřejnicí",
            "Staré Město",
            "Staříč",
            "Starý Bohumín",
            "Starý Jičín",
            "Stěbořice",
            "Štěpánkovice",
            "Štítina",
            "Stonava",
            "Štramberk",
            "Studénka",
            "Sviadnov",
            "Tichá",
            "Třinec",
            "Trojanovice",
            "Václavovice",
            "Velká Polom",
            "Velké Heraltice",
            "Velké Hoštice",
            "Vendryně",
            "Veřovice",
            "Vítkov",
            "Vlčnov",
            "Vratimov",
            "Vrbice",
            "Vrbno pod Pradědem",
            "Vřesina",
            "Zátor"
        ]
    },
    {
        "name": "Most",
        "cities": []
    },
    {
        "name": "Náchod",
        "cities": []
    },
    {
        "name": "Nový Jičín",
        "cities": []
    },
    {
        "name": "Nymburk",
        "cities": []
    },
    {
        "name": "Olomouc",
        "cities": []
    },
    {
        "name": "Olomoucký kraj",
        "cities": [
            "Bedihošť",
            "Bělotín",
            "Bílá Lhota",
            "Bludov",
            "Bohuňovice",
            "Bouzov",
            "Brodek u Přerova",
            "Čelechovice na Hané",
            "Červenka",
            "Česká Ves",
            "Dolany",
            "Dolní Bohdíkov",
            "Dolní Studénky",
            "Dolní Újezd",
            "Doloplazy",
            "Drahanovice",
            "Dřevohostice",
            "Dub nad Moravou",
            "Dubicko",
            "Grygov",
            "Hanušovice",
            "Hlubočky",
            "Hněvotín",
            "Horka nad Moravou",
            "Horní Moštěnice",
            "Horní Štěpánov",
            "Hranice",
            "Hustopeče Nad Bečvou",
            "Javorník",
            "Jeseník",
            "Kojetín",
            "Kokory",
            "Konice",
            "Kostelec na Hané",
            "Kralice na Hané",
            "Leština",
            "Lipník nad Bečvou",
            "Litovel",
            "Loštice",
            "Loučná nad Desnou",
            "Lutín",
            "Majetín",
            "Medlov",
            "Město Libavá",
            "Mikulovice",
            "Mohelnice",
            "Moravičany",
            "Moravský Beroun",
            "Mostkovice",
            "Náklo",
            "Náměšť na Hané",
            "Němčice nad Hanou",
            "Nezamyslice",
            "Nový Malín",
            "Okres Jeseník",
            "Okres Olomouc",
            "Okres Přerov",
            "Okres Prostějov",
            "Okres Šumperk",
            "Olomouc",
            "Olšany",
            "Osek nad Bečvou",
            "Oskava",
            "Otaslavice",
            "Paseka",
            "Písečná",
            "Plumlov",
            "Postřelmov",
            "Potštát",
            "Přáslavice",
            "Přemyslovice",
            "Přerov",
            "Příkazy",
            "Prostějov",
            "Protivanov",
            "Ptení",
            "Radslavice",
            "Rapotín",
            "Rokytnice",
            "Ruda nad Moravou",
            "Samotíšky",
            "Senice na Hané",
            "Skrbeň",
            "Slatinice",
            "Smržice",
            "Sobotín",
            "Staré Město",
            "Štěpánov",
            "Šternberk",
            "Štíty",
            "Strážná",
            "Sudkov",
            "Šumperk",
            "Těšetice",
            "Tovačov",
            "Troubelice",
            "Troubky",
            "Tršice",
            "Újezd",
            "Uničov",
            "Určice",
            "Úsov",
            "Vápenná",
            "Velká Bystřice",
            "Velké Losiny",
            "Velký Týnec",
            "Velký Újezd",
            "Věrovany",
            "Vidnava",
            "Vikýřovice",
            "Vrbátky",
            "Zábřeh",
            "Zlaté Hory",
            "Žulová"
        ]
    },
    {
        "name": "Opava",
        "cities": []
    },
    {
        "name": "Ostrava-město",
        "cities": []
    },
    {
        "name": "Pardubice",
        "cities": []
    },
    {
        "name": "Pardubický kraj",
        "cities": [
            "Brandýs nad Orlicí",
            "Březová nad Svitavou",
            "Brněnec",
            "Býšť",
            "Bystré",
            "Bystřec",
            "Červená Voda",
            "Česká Třebová",
            "Choceň",
            "Chrast",
            "Chroustovice",
            "Chrudim",
            "Chvaletice",
            "Dašice",
            "Dlouhá Třebová",
            "Dolní Čermná",
            "Dolní Dobrouč",
            "Dolní Roveň",
            "Dolní Sloupnice",
            "Dolní Újezd",
            "Heřmanův Městec",
            "Hlinsko",
            "Holice",
            "Horní Čermná",
            "Horní Jelení",
            "Horní Sloupnice",
            "Hradec nad Svitavou",
            "Hrochův Týnec",
            "Jablonné nad Orlicí",
            "Jaroměřice",
            "Jedlová",
            "Jevíčko",
            "Králíky",
            "Krouna",
            "Kunčina",
            "Kunvald",
            "Lanškroun",
            "Lázně Bohdaneč",
            "Letohrad",
            "Litomyšl",
            "Lukavice",
            "Luže",
            "Městečko Trnávka",
            "Miřetice",
            "Moravany",
            "Moravská Třebová",
            "Nasavrky",
            "Okres Chrudim",
            "Okres Pardubice",
            "Okres Svitavy",
            "Okres Ústí nad Orlicí",
            "Opatov",
            "Opatovice nad Labem",
            "Osík",
            "Pardubice",
            "Polička",
            "Pomezí",
            "Prachovice",
            "Přelouč",
            "Proseč",
            "Radiměř",
            "Řečany nad Labem",
            "Ronov nad Doubravou",
            "Rosice",
            "Rybitví",
            "Seč",
            "Sezemice",
            "Skuteč",
            "Slatiňany",
            "Staré Hradiště",
            "Svitavy",
            "Třemošnice",
            "Ústí nad Orlicí",
            "Vysoké Mýto",
            "Žamberk"
        ]
    },
    {
        "name": "Pelhřimov",
        "cities": []
    },
    {
        "name": "Písek",
        "cities": []
    },
    {
        "name": "Plzeň-jih",
        "cities": [
            "Bělá nad Radbuzou",
            "Bezdružice",
            "Blížejov",
            "Blovice",
            "Bor",
            "Břasy",
            "Černošín",
            "Chlumčany",
            "Chodová Planá",
            "Chotěšov",
            "Chrást",
            "Dobřany",
            "Dobřív",
            "Domažlice",
            "Dýšina",
            "Hartmanice",
            "Heřmanova Huť",
            "Holoubkov",
            "Holýšov",
            "Horažďovice",
            "Horní Bříza",
            "Horšovský Týn",
            "Hostouň",
            "Hrádek",
            "Hromnice",
            "Janovice nad Úhlavou",
            "Kasejovice",
            "Kašperské Hory",
            "Kaznějov",
            "Kdyně",
            "Kladruby",
            "Klatovy",
            "Klenčí pod Čerchovem",
            "Kolinec",
            "Kout na Šumavě",
            "Kožlany",
            "Kralovice",
            "Líně",
            "Manětín",
            "Měčín",
            "Meclov",
            "Merklín",
            "Město Touškov",
            "Mirošov",
            "Mrákov",
            "Mýto",
            "Nepomuk",
            "Nezvěstice",
            "Nýřany",
            "Nýrsko",
            "Okres Domažlice",
            "Okres Klatovy",
            "Okres Plzeň-jih",
            "Okres Plzeň-město",
            "Okres Plzeň-sever",
            "Okres Rokycany",
            "Okres Tachov",
            "Osek",
            "Pilsen",
            "Planá",
            "Plánice",
            "Plasy",
            "Poběžovice",
            "Postřekov",
            "Přeštice",
            "Přimda",
            "Radnice",
            "Rokycany",
            "Spálené Poříčí",
            "Šťáhlavy",
            "Staňkov",
            "Starý Plzenec",
            "Štěnovice",
            "Stod",
            "Strašice",
            "Stráž",
            "Strážov",
            "Stříbro",
            "Sušice",
            "Švihov",
            "Tachov",
            "Tlučná",
            "Třemošná",
            "Vejprnice",
            "Všeruby",
            "Zbiroh",
            "Zbůch",
            "Železná Ruda",
            "Žihle"
        ]
    },
    {
        "name": "Plzeň-město",
        "cities": []
    },
    {
        "name": "Plzeň-sever",
        "cities": []
    },
    {
        "name": "Plzeňský kraj",
        "cities": []
    },
    {
        "name": "Prachatice",
        "cities": []
    },
    {
        "name": "Praha-východ",
        "cities": []
    },
    {
        "name": "Praha-západ",
        "cities": []
    },
    {
        "name": "Praha, Hlavní město",
        "cities": [
            "Braník",
            "Černý Most",
            "Dolní Počernice",
            "Hodkovičky",
            "Horní Počernice",
            "Hostavice",
            "Karlín",
            "Kbely",
            "Letňany",
            "Libeň",
            "Malá Strana",
            "Modřany",
            "Prague",
            "Praha 1",
            "Praha 16",
            "Praha 20",
            "Praha 21",
            "Prosek",
            "Satalice",
            "Staré Město",
            "Střížkov",
            "Vysehrad",
            "Vysočany"
        ]
    },
    {
        "name": "Přerov",
        "cities": []
    },
    {
        "name": "Příbram",
        "cities": []
    },
    {
        "name": "Prostějov",
        "cities": []
    },
    {
        "name": "Rakovník",
        "cities": []
    },
    {
        "name": "Rokycany",
        "cities": []
    },
    {
        "name": "Rychnov nad Kněžnou",
        "cities": []
    },
    {
        "name": "Semily",
        "cities": []
    },
    {
        "name": "Sokolov",
        "cities": []
    },
    {
        "name": "Strakonice",
        "cities": []
    },
    {
        "name": "Středočeský kraj",
        "cities": [
            "Bakov nad Jizerou",
            "Bělá pod Bezdězem",
            "Benátky nad Jizerou",
            "Benešov",
            "Beroun",
            "Bohutín",
            "Brandýs nad Labem-Stará Boleslav",
            "Brandýsek",
            "Březnice",
            "Buštěhrad",
            "Byšice",
            "Bystřice",
            "Čáslav",
            "Čechtice",
            "Čelákovice",
            "Čerčany",
            "Cerhenice",
            "Černošice",
            "Červené Pečky",
            "Český Brod",
            "Chyňava",
            "Církvice",
            "Cítov",
            "Davle",
            "Divišov",
            "Dobřichovice",
            "Dobříš",
            "Dobrovice",
            "Doksy",
            "Dolní Beřkovice",
            "Dolní Bousov",
            "Dolní Břežany",
            "Horní Počaply",
            "Horoměřice",
            "Hořovice",
            "Hostivice",
            "Hostomice",
            "Hovorčovice",
            "Hradištko",
            "Hřebeč",
            "Hudlice",
            "Hýskov",
            "Jeneč",
            "Jesenice",
            "Jílové u Prahy",
            "Jince",
            "Jirny",
            "Kačice",
            "Kamenice",
            "Kamenné Žehrovice",
            "Kamenný Přívoz",
            "Kladno",
            "Klecany",
            "Klobuky",
            "Kněžmost",
            "Kolín",
            "Komárov",
            "Kosmonosy",
            "Kosova Hora",
            "Kostelec nad Černými Lesy",
            "Kostelec nad Labem",
            "Kouřim",
            "Kralupy nad Vltavou",
            "Králův Dvůr",
            "Krásná Hora nad Vltavou",
            "Křinec",
            "Kutná Hora",
            "Lány",
            "Libčice nad Vltavou",
            "Líbeznice",
            "Libice nad Cidlinou",
            "Libiš",
            "Libušín",
            "Lochovice",
            "Loděnice",
            "Loučeň",
            "Luštěnice",
            "Lužec nad Vltavou",
            "Lužná",
            "Lysá nad Labem",
            "Mělník",
            "Měšice",
            "Městec Králové",
            "Milín",
            "Milovice",
            "Mladá Boleslav",
            "Mnichovice",
            "Mnichovo Hradiště",
            "Mníšek pod Brdy",
            "Mšeno",
            "Mukařov",
            "Načeradec",
            "Nehvizdy",
            "Nelahozeves",
            "Neratovice",
            "Netvořice",
            "Neveklov",
            "Nižbor",
            "Nové Strašecí",
            "Nový Knín",
            "Nymburk",
            "Obecnice",
            "Odolena Voda",
            "Okres Benešov",
            "Okres Beroun",
            "Okres Kladno",
            "Okres Kolín",
            "Okres Kutná Hora",
            "Okres Mělník",
            "Okres Mladá Boleslav",
            "Okres Nymburk",
            "Okres Praha-východ",
            "Okres Praha-západ",
            "Okres Příbram",
            "Okres Rakovník",
            "Ondřejov",
            "Pavlíkov",
            "Pchery",
            "Pečky",
            "Petrovice",
            "Plaňany",
            "Poděbrady",
            "Poříčany",
            "Poříčí nad Sázavou",
            "Postupice",
            "Přerov nad Labem",
            "Příbram",
            "Průhonice",
            "Psáry",
            "Pyšely",
            "Rakovník",
            "Řevnice",
            "Řevničov",
            "Řež",
            "Říčany",
            "Rožďalovice",
            "Rožmitál pod Třemšínem",
            "Roztoky",
            "Rudná",
            "Sadská",
            "Sázava",
            "Sedlčany",
            "Sedlec",
            "Šestajovice",
            "Slaný",
            "Smečno",
            "Stará Huť",
            "Starý Kolín",
            "Štěchovice",
            "Stochov",
            "Strančice",
            "Suchdol",
            "Tišice",
            "Třebotov",
            "Trhový Štěpánov",
            "Tuchlovice",
            "Tuchoměřice",
            "Týnec nad Labem",
            "Týnec nad Sázavou",
            "Uhlířské Janovice",
            "Unhošť",
            "Úvaly",
            "Velim",
            "Velká Dobrá",
            "Velké Popovice",
            "Velké Přílepy",
            "Velký Osek",
            "Veltruby",
            "Veltrusy",
            "Velvary",
            "Vestec",
            "Vinařice",
            "Vlašim",
            "Votice",
            "Vrané nad Vltavou",
            "Vrdy",
            "Všenory",
            "Všetaty",
            "Zaječov",
            "Zásmuky",
            "Zbraslavice",
            "Žďár",
            "Zdiby",
            "Zdice",
            "Žebrák",
            "Zeleneč",
            "Žiželice",
            "Žleby",
            "Zlonice",
            "Zruč nad Sázavou",
            "Zvole"
        ]
    },
    {
        "name": "Šumperk",
        "cities": []
    },
    {
        "name": "Svitavy",
        "cities": []
    },
    {
        "name": "Tábor",
        "cities": []
    },
    {
        "name": "Tachov",
        "cities": []
    },
    {
        "name": "Teplice",
        "cities": []
    },
    {
        "name": "Třebíč",
        "cities": []
    },
    {
        "name": "Trutnov",
        "cities": []
    },
    {
        "name": "Uherské Hradiště",
        "cities": []
    },
    {
        "name": "Ústecký kraj",
        "cities": [
            "Bechlín",
            "Bečov",
            "Benešov nad Ploučnicí",
            "Bílina",
            "Bílina Kyselka",
            "Bohušovice nad Ohří",
            "Braňany",
            "Březno",
            "Budyně nad Ohří",
            "Bystřany",
            "Černčice",
            "Česká Kamenice",
            "Chabařovice",
            "Chlumec",
            "Chomutov",
            "Chřibská",
            "Čížkovice",
            "Děčín",
            "Dobroměřice",
            "Dolní Podluží",
            "Dolní Poustevna",
            "Dubí",
            "Duchcov",
            "Horní Jiřetín",
            "Hošťka",
            "Hostomice",
            "Hrob",
            "Jílové",
            "Jiříkov",
            "Jirkov",
            "Kadaň",
            "Klášterec nad Ohří",
            "Košťany",
            "Kovářská",
            "Krásná Lípa",
            "Křešice",
            "Krupka",
            "Kryry",
            "Lenešice",
            "Liběšice",
            "Libochovice",
            "Libouchec",
            "Litoměřice",
            "Litvínov",
            "Lom u Mostu",
            "Louny",
            "Lovosice",
            "Lubenec",
            "Měcholupy",
            "Meziboři",
            "Mikulášovice",
            "Most",
            "Novosedlice",
            "Obrnice",
            "Okres Chomutov",
            "Okres Děčín",
            "Okres Litoměřice",
            "Okres Louny",
            "Okres Most",
            "Okres Teplice",
            "Okres Ústí nad Labem",
            "Osek",
            "Perštejn",
            "Peruc",
            "Podbořany",
            "Polepy",
            "Postoloprty",
            "Povrly",
            "Proboštov",
            "Radonice",
            "Řehlovice",
            "Roudnice nad Labem",
            "Rumburk",
            "Šluknov",
            "Staré Křečany",
            "Štětí",
            "Teplice",
            "Terezín",
            "Třebenice",
            "Trmice",
            "Údlice",
            "Úštěk",
            "Varnsdorf",
            "Vejprty",
            "Velemín",
            "Velké Březno",
            "Velký Šenov",
            "Verneřice",
            "Vilémov",
            "Vroutek",
            "Zabrušany",
            "Žatec",
            "Žitenice"
        ]
    },
    {
        "name": "Ústí nad Labem",
        "cities": []
    },
    {
        "name": "Ústí nad Orlicí",
        "cities": []
    },
    {
        "name": "Vsetín",
        "cities": []
    },
    {
        "name": "Vyškov",
        "cities": []
    },
    {
        "name": "Žďár nad Sázavou",
        "cities": []
    },
    {
        "name": "Zlín",
        "cities": [
            "Babice",
            "Bánov",
            "Bílovice",
            "Bojkovice",
            "Boršice",
            "Březnice",
            "Březolupy",
            "Březová",
            "Buchlovice",
            "Bystřice pod Hostýnem",
            "Chropyně",
            "Chvalčov",
            "Dolní Bečva",
            "Dolní Němčí",
            "Francova Lhota",
            "Fryšták",
            "Halenkov",
            "Halenkovice",
            "Hluk",
            "Holešov",
            "Horní Bečva",
            "Horní Lideč",
            "Hošťálková",
            "Hovězí",
            "Hulín",
            "Hvozdná",
            "Jablůnka",
            "Jalubí",
            "Karolinka",
            "Kelč",
            "Kněžpole",
            "Koryčany",
            "Kroměříž",
            "Kunovice",
            "Kvasice",
            "Lešná",
            "Lidečko",
            "Liptál",
            "Luhačovice",
            "Lukov",
            "Mistřice",
            "Napajedla",
            "Nedakonice",
            "Nedašov",
            "Nivnice",
            "Nový Hrozenkov",
            "Okres Kroměříž",
            "Okres Uherské Hradiště",
            "Okres Vsetín",
            "Okres Zlín",
            "Ostrožská Lhota",
            "Ostrožská Nová Ves",
            "Otrokovice",
            "Polešovice",
            "Popovice",
            "Pozlovice",
            "Prostřední Bečva",
            "Prusinovice",
            "Rataje",
            "Ratiboř",
            "Rožnov pod Radhoštěm",
            "Slavičín",
            "Slušovice",
            "Spytihněv",
            "Staré Město",
            "Štítná nad Vláří",
            "Strání",
            "Suchá Loz",
            "Šumice",
            "Tečovice",
            "Tlumačov",
            "Topolná",
            "Traplice",
            "Trnava",
            "Tupesy",
            "Uherské Hradiště",
            "Uherský Brod",
            "Uherský Ostroh",
            "Újezd",
            "Valašská Bystřice",
            "Valašská Polanka",
            "Valašské Klobouky",
            "Valašské Meziříčí",
            "Velehrad",
            "Velké Karlovice",
            "Vidče",
            "Vizovice",
            "Vlachovice",
            "Vlčnov",
            "Všemina",
            "Vsetín",
            "Záhorovice",
            "Zašová",
            "Zborovice",
            "Zdounky",
            "Zlechov",
            "Zlín",
            "Žlutava",
            "Zubří"
        ]
    },
    {
        "name": "Zlínský kraj",
        "cities": []
    },
    {
        "name": "Znojmo",
        "cities": []
    }
]