[
    {
        "name": "Acklins"
    },
    {
        "name": "Acklins and Crooked Islands"
    },
    {
        "name": "Berry Islands"
    },
    {
        "name": "Bimini"
    },
    {
        "name": "Black Point"
    },
    {
        "name": "Cat Island"
    },
    {
        "name": "Central Abaco"
    },
    {
        "name": "Central Andros"
    },
    {
        "name": "Central Eleuthera"
    },
    {
        "name": "Crooked Island"
    },
    {
        "name": "East Grand Bahama"
    },
    {
        "name": "Exuma"
    },
    {
        "name": "Freeport"
    },
    {
        "name": "Fresh Creek"
    },
    {
        "name": "Governor's Harbour"
    },
    {
        "name": "Grand Cay"
    },
    {
        "name": "Green Turtle Cay"
    },
    {
        "name": "Harbour Island"
    },
    {
        "name": "High Rock"
    },
    {
        "name": "Hope Town"
    },
    {
        "name": "Inagua"
    },
    {
        "name": "Kemps Bay"
    },
    {
        "name": "Long Island"
    },
    {
        "name": "Mangrove Cay"
    },
    {
        "name": "Marsh Harbour"
    },
    {
        "name": "Mayaguana District"
    },
    {
        "name": "New Providence"
    },
    {
        "name": "Nichollstown and Berry Islands"
    },
    {
        "name": "North Abaco"
    },
    {
        "name": "North Andros"
    },
    {
        "name": "North Eleuthera"
    },
    {
        "name": "Ragged Island"
    },
    {
        "name": "Rock Sound"
    },
    {
        "name": "Rum Cay District"
    },
    {
        "name": "San Salvador and Rum Cay"
    },
    {
        "name": "San Salvador Island"
    },
    {
        "name": "Sandy Point"
    },
    {
        "name": "South Abaco"
    },
    {
        "name": "South Andros"
    },
    {
        "name": "South Eleuthera"
    },
    {
        "name": "Spanish Wells"
    },
    {
        "name": "West Grand Bahama"
    }
]