[
    {
        "name": "Aiwo District"
    },
    {
        "name": "Anabar District"
    },
    {
        "name": "Anetan District"
    },
    {
        "name": "Anibare District"
    },
    {
        "name": "Baiti District"
    },
    {
        "name": "Boe District"
    },
    {
        "name": "Buada District"
    },
    {
        "name": "Denigomodu District"
    },
    {
        "name": "Ewa District"
    },
    {
        "name": "Ijuw District"
    },
    {
        "name": "Meneng District"
    },
    {
        "name": "Nibok District"
    },
    {
        "name": "Uaboe District"
    },
    {
        "name": "Yaren District"
    }
]