[
    {
        "name": "Central District",
        "cities": [
            "Bet Dagan",
            "Bet Yiẕẖaq",
            "Bnei Ayish",
            "Elyakhin",
            "Eṭ Ṭaiyiba",
            "Even Yehuda",
            "Gan Yavne",
            "Ganei Tikva",
            "Gedera",
            "Hod HaSharon",
            "Jaljūlya",
            "Kafr Qāsim",
            "Kefar H̱abad",
            "Kefar Yona",
            "Kfar Saba",
            "Lapid",
            "Lod",
            "Mazkeret Batya",
            "Modi‘in Makkabbim Re‘ut",
            "Neẖalim",
            "Ness Ziona",
            "Netanya",
            "Nirit",
            "Nof Ayalon",
            "Nordiyya",
            "Pardesiyya",
            "Petaẖ Tiqwa",
            "Qalansuwa",
            "Ra'anana",
            "Ramla",
            "Reẖovot",
            "Rishon LeẔiyyon",
            "Rosh Ha‘Ayin",
            "Savyon",
            "Shoham",
            "Tel Mond",
            "Tirah",
            "Yavné",
            "Yehud",
            "Ẕur Moshe"
        ]
    },
    {
        "name": "Haifa District",
        "cities": [
            "Atlit",
            "Caesarea",
            "Daliyat al Karmel",
            "El Fureidīs",
            "Hadera",
            "Haifa",
            "Ibṭīn",
            "Nesher",
            "Qiryat Ata",
            "Qiryat Bialik",
            "Qiryat Moẕqin",
            "Qiryat Yam",
            "Rekhasim",
            "Tirat Karmel",
            "Umm el Faḥm"
        ]
    },
    {
        "name": "Jerusalem District",
        "cities": [
            "Abū Ghaush",
            "Bet Shemesh",
            "Har Adar",
            "Jerusalem",
            "Mevasseret Ẕiyyon",
            "Modiin Ilit",
            "West Jerusalem",
            "Ẕur Hadassa"
        ]
    },
    {
        "name": "Northern District",
        "cities": [
            "‘Eilabun",
            "‘Uzeir",
            "Acre",
            "Afula",
            "Basmat Ṭab‘ūn",
            "Beit Jann",
            "Bet She’an",
            "Bīr el Maksūr",
            "Bu‘eina",
            "Buqei‘a",
            "Dabbūrīya",
            "Deir Ḥannā",
            "El Mazra‘a",
            "Er Reina",
            "Esh Sheikh Dannūn",
            "Ḥurfeish",
            "Iksāl",
            "Jīsh",
            "Judeida Makr",
            "Kābūl",
            "Kafr Kammā",
            "Kafr Kannā",
            "Kafr Mandā",
            "Kafr Miṣr",
            "Karmi’el",
            "Kaukab Abū el Hījā",
            "Kefar Rosh HaNiqra",
            "Kefar Tavor",
            "Kefar Weradim",
            "Kfar Yasif",
            "maalot Tarshīhā",
            "Maghār",
            "Metulla",
            "Mi‘ilyā",
            "Migdal Ha‘Emeq",
            "Nahariyya",
            "Naḥf",
            "Nazareth",
            "Nefat ‘Akko",
            "Nein",
            "Pasuta",
            "Qiryat Shemona",
            "Ramat Yishay",
            "Rosh Pinna",
            "Rumat Heib",
            "Safed",
            "Sājūr",
            "Sakhnīn",
            "Sallama",
            "Shelomi",
            "Shibli",
            "Sūlam",
            "Tamra",
            "Tiberias",
            "Timrat",
            "Yavne’el"
        ]
    },
    {
        "name": "Southern District",
        "cities": [
            "‘En Boqeq",
            "Arad",
            "Ashdod",
            "Ashkelon",
            "Beersheba",
            "Dimona",
            "Eilat",
            "Lehavim",
            "Midreshet Ben-Gurion",
            "Mitzpe Ramon",
            "Netivot",
            "Ofaqim",
            "Qiryat Gat",
            "Rahat",
            "Sederot",
            "Yeroẖam"
        ]
    },
    {
        "name": "Tel Aviv District",
        "cities": [
            "Azor",
            "Bat Yam",
            "Bnei Brak",
            "Giv'at Shmuel",
            "Givatayim",
            "Herzliya",
            "Herzliya Pituah",
            "H̱olon",
            "Jaffa",
            "Kefar Shemaryahu",
            "Or Yehuda",
            "Ramat Gan",
            "Ramat HaSharon",
            "Tel Aviv",
            "Yehud-Monosson"
        ]
    }
]