[
    {
        "name": "Artemisa Province"
    },
    {
        "name": "Camagüey Province"
    },
    {
        "name": "Ciego de Ávila Province"
    },
    {
        "name": "Cienfuegos Province"
    },
    {
        "name": "Granma Province"
    },
    {
        "name": "Guantánamo Province"
    },
    {
        "name": "Havana Province"
    },
    {
        "name": "Holguín Province"
    },
    {
        "name": "Isla de la Juventud"
    },
    {
        "name": "Las Tunas Province"
    },
    {
        "name": "Matanzas Province"
    },
    {
        "name": "Mayabeque Province"
    },
    {
        "name": "Pinar del Río Province"
    },
    {
        "name": "Sancti Spíritus Province"
    },
    {
        "name": "Santiago de Cuba Province"
    },
    {
        "name": "Villa Clara Province"
    }
]