[
    {
        "name": "Agalega Islands"
    },
    {
        "name": "Black River"
    },
    {
        "name": "Flacq"
    },
    {
        "name": "Grand Port"
    },
    {
        "name": "Moka"
    },
    {
        "name": "Pamplemousses"
    },
    {
        "name": "Plaines Wilhems"
    },
    {
        "name": "Port Louis"
    },
    {
        "name": "Rivière du Rempart"
    },
    {
        "name": "Rodrigues Island"
    },
    {
        "name": "Saint Brandon Islands"
    },
    {
        "name": "Savanne"
    }
]