[
    {
        "name": "Canton of Capellen",
        "cities": [
            "Bascharage",
            "Bridel",
            "Capellen",
            "Clemency",
            "Dippach",
            "Eischen",
            "Garnich",
            "Hautcharage",
            "Hobscheid",
            "Käerjeng",
            "Kehlen",
            "Koerich",
            "Kopstal",
            "Mamer",
            "Schouweiler",
            "Septfontaines",
            "Steinfort"
        ]
    },
    {
        "name": "Canton of Clervaux",
        "cities": [
            "Clervaux",
            "Hosingen",
            "Parc Hosingen",
            "Troisvierges",
            "Weiswampach",
            "Wincrange"
        ]
    },
    {
        "name": "Canton of Diekirch",
        "cities": [
            "Bettendorf",
            "Bourscheid",
            "Commune de la Vallée de l’Ernz",
            "Diekirch",
            "Erpeldange",
            "Ettelbruck",
            "Feulen",
            "Medernach",
            "Mertzig",
            "Niederfeulen",
            "Reisdorf",
            "Schieren",
            "Warken"
        ]
    },
    {
        "name": "Canton of Echternach",
        "cities": [
            "Beaufort",
            "Bech",
            "Berdorf",
            "Consdorf",
            "Echternach",
            "Mompach",
            "Rosport",
            "Waldbillig"
        ]
    },
    {
        "name": "Canton of Esch-sur-Alzette",
        "cities": [
            "Aspelt",
            "Belvaux",
            "Bergem",
            "Bettembourg",
            "Crauthem",
            "Differdange",
            "Dudelange",
            "Esch-sur-Alzette",
            "Frisange",
            "Kayl",
            "Lamadelaine",
            "Leudelange",
            "Mondercange",
            "Niedercorn",
            "Obercorn",
            "Pétange",
            "Pontpierre",
            "Reckange-sur-Mess",
            "Rodange",
            "Roeser",
            "Rumelange",
            "Sanem",
            "Schifflange",
            "Soleuvre",
            "Tétange"
        ]
    },
    {
        "name": "Canton of Grevenmacher",
        "cities": [
            "Betzdorf",
            "Biwer",
            "Flaxweiler",
            "Gonderange",
            "Grevenmacher",
            "Junglinster",
            "Manternach",
            "Mertert",
            "Wasserbillig",
            "Wormeldange"
        ]
    },
    {
        "name": "Canton of Luxembourg",
        "cities": [
            "Alzingen",
            "Béreldange",
            "Bertrange",
            "Contern",
            "Fentange",
            "Heisdorf",
            "Helmsange",
            "Hesperange",
            "Itzig",
            "Kirchberg",
            "Luxembourg",
            "Moutfort",
            "Müllendorf",
            "Niederanven",
            "Olm",
            "Sandweiler",
            "Schrassig",
            "Schuttrange",
            "Steinsel",
            "Strassen",
            "Walferdange",
            "Weiler-la-Tour"
        ]
    },
    {
        "name": "Canton of Mersch",
        "cities": [
            "Bissen",
            "Boevange-sur-Attert",
            "Colmar",
            "Fischbach",
            "Heffingen",
            "Larochette",
            "Lintgen",
            "Lorentzweiler",
            "Mersch",
            "Nommern",
            "Rollingen",
            "Tuntange"
        ]
    },
    {
        "name": "Canton of Redange",
        "cities": [
            "Beckerich",
            "Bettborn",
            "Commune de Préizerdaul",
            "Ell",
            "Grosbous",
            "Rambrouch",
            "Redange-sur-Attert",
            "Saeul",
            "Useldange",
            "Vichten",
            "Wahl"
        ]
    },
    {
        "name": "Canton of Remich",
        "cities": [
            "Bous",
            "Dalheim",
            "Lenningen",
            "Mondorf-les-Bains",
            "Remich",
            "Schengen",
            "Stadtbredimus",
            "Waldbredimus"
        ]
    },
    {
        "name": "Canton of Vianden",
        "cities": [
            "Putscheid",
            "Tandel",
            "Vianden"
        ]
    },
    {
        "name": "Canton of Wiltz",
        "cities": [
            "Bavigne",
            "Boulaide",
            "Esch-sur-Sûre",
            "Goesdorf",
            "Kiischpelt",
            "Lac de la Haute-Sûre",
            "Wiltz",
            "Wilwerwiltz",
            "Winseler"
        ]
    },
    {
        "name": "Diekirch District",
        "cities": []
    },
    {
        "name": "Grevenmacher District",
        "cities": []
    },
    {
        "name": "Luxembourg District",
        "cities": []
    }
]