[
    {
        "name": "Canton of Capellen"
    },
    {
        "name": "Canton of Clervaux"
    },
    {
        "name": "Canton of Diekirch"
    },
    {
        "name": "Canton of Echternach"
    },
    {
        "name": "Canton of Esch-sur-Alzette"
    },
    {
        "name": "Canton of Grevenmacher"
    },
    {
        "name": "Canton of Luxembourg"
    },
    {
        "name": "Canton of Mersch"
    },
    {
        "name": "Canton of Redange"
    },
    {
        "name": "Canton of Remich"
    },
    {
        "name": "Canton of Vianden"
    },
    {
        "name": "Canton of Wiltz"
    },
    {
        "name": "Diekirch District"
    },
    {
        "name": "Grevenmacher District"
    },
    {
        "name": "Luxembourg District"
    }
]