[
    {
        "name": "Ayeyarwady Region"
    },
    {
        "name": "Bago"
    },
    {
        "name": "Chin State"
    },
    {
        "name": "Kachin State"
    },
    {
        "name": "Kayah State"
    },
    {
        "name": "Kayin State"
    },
    {
        "name": "Magway Region"
    },
    {
        "name": "Mandalay Region"
    },
    {
        "name": "Mon State"
    },
    {
        "name": "Naypyidaw Union Territory"
    },
    {
        "name": "Rakhine State"
    },
    {
        "name": "Sagaing Region"
    },
    {
        "name": "Shan State"
    },
    {
        "name": "Tanintharyi Region"
    },
    {
        "name": "Yangon Region"
    }
]