[
    {
        "name": "Ampara District",
        "cities": []
    },
    {
        "name": "Anuradhapura District",
        "cities": []
    },
    {
        "name": "Badulla District",
        "cities": []
    },
    {
        "name": "Batticaloa District",
        "cities": []
    },
    {
        "name": "Central Province",
        "cities": [
            "Dambulla",
            "Hatton",
            "Kandy",
            "Kandy District",
            "Matale",
            "Matale District",
            "Nuwara Eliya",
            "Nuwara Eliya District",
            "Sigiriya",
            "Talawakele"
        ]
    },
    {
        "name": "Colombo District",
        "cities": [
            "Dehiwala-Mount Lavinia",
            "Homagama",
            "Kaduwela",
            "Kesbewa",
            "Kolonnawa",
            "Kotte",
            "Maharagama",
            "Moratuwa",
            "Padukka",
            "Ratmalana",
            "Seethawaka",
            "Thimbirigasyaya"
        ]
    },
    {
        "name": "Eastern Province",
        "cities": [
            "Ampara",
            "Ampara District",
            "Batticaloa",
            "Batticaloa District",
            "Eravur Town",
            "Kalmunai",
            "Trincomalee",
            "Trincomalee District",
            "Vakarai"
        ]
    },
    {
        "name": "Galle District",
        "cities": []
    },
    {
        "name": "Gampaha District",
        "cities": []
    },
    {
        "name": "Hambantota District",
        "cities": []
    },
    {
        "name": "Jaffna District",
        "cities": []
    },
    {
        "name": "Kalutara District",
        "cities": []
    },
    {
        "name": "Kandy District",
        "cities": [
            "Akurana",
            "Alawatugoda",
            "Ambatenna",
            "Daskara",
            "Daulagala",
            "Delthota",
            "Doluwa",
            "Galagedara",
            "Galhinna",
            "Gampola",
            "Ganga Ihala Korale",
            "Hanguranketa",
            "Hapugastalawa",
            "Harispattuwa",
            "Hatharaliyadda",
            "Kadugannawa",
            "Kandy Four Gravets",
            "Katugastota",
            "Kundasale",
            "Madawala",
            "Medadumbara",
            "Menikdiwela",
            "Minipe",
            "Nawalapitiya",
            "Pallekele",
            "Panvila",
            "Pasbage Korale",
            "Pathadumbara",
            "Pathahewaheta",
            "Peradeniya",
            "Pilimathalawa",
            "Poojapitiya",
            "Pussellawa",
            "Talatuoya",
            "Teldeniya",
            "Thumpane",
            "Udadumbara",
            "Udapalatha",
            "Ududumbara",
            "Udunuwara",
            "Ulapane",
            "Watadeniya",
            "Wattegama",
            "Welamboda",
            "Yatinuwara"
        ]
    },
    {
        "name": "Kegalle District",
        "cities": []
    },
    {
        "name": "Kilinochchi District",
        "cities": []
    },
    {
        "name": "Mannar District",
        "cities": []
    },
    {
        "name": "Matale District",
        "cities": []
    },
    {
        "name": "Matara District",
        "cities": []
    },
    {
        "name": "Monaragala District",
        "cities": []
    },
    {
        "name": "Mullaitivu District",
        "cities": []
    },
    {
        "name": "North Central Province",
        "cities": [
            "Anuradhapura",
            "Anuradhapura District",
            "Mihintale",
            "Polonnaruwa",
            "Polonnaruwa District"
        ]
    },
    {
        "name": "North Western Province",
        "cities": [
            "Chilaw",
            "Kuliyapitiya",
            "Kurunegala",
            "Kurunegala District",
            "Puttalam",
            "Puttalam District"
        ]
    },
    {
        "name": "Northern Province",
        "cities": [
            "Jaffna",
            "Jaffna District",
            "Kilinochchi",
            "Kilinochchi District",
            "Point Pedro",
            "Valvedditturai",
            "Vavuniya",
            "Vavuniya District"
        ]
    },
    {
        "name": "Nuwara Eliya District",
        "cities": []
    },
    {
        "name": "Polonnaruwa District",
        "cities": []
    },
    {
        "name": "Puttalam District",
        "cities": []
    },
    {
        "name": "Ratnapura district",
        "cities": []
    },
    {
        "name": "Sabaragamuwa Province",
        "cities": [
            "Kegalle",
            "Kegalle District",
            "Ratnapura",
            "Ratnapura District"
        ]
    },
    {
        "name": "Southern Province",
        "cities": [
            "Ambalangoda",
            "Bentota",
            "Devinuwara",
            "Galle",
            "Galle District",
            "Hambantota District",
            "Hikkaduwa",
            "Koggala",
            "Matara",
            "Matara District",
            "Mirissa city",
            "Talpe",
            "Tangalle",
            "Unawatuna",
            "Weligama"
        ]
    },
    {
        "name": "Trincomalee District",
        "cities": []
    },
    {
        "name": "Uva Province",
        "cities": [
            "Badulla",
            "Badulla District",
            "Ella Town",
            "Haputale",
            "Kataragama",
            "Monaragala",
            "Moneragala District",
            "Wellawaya"
        ]
    },
    {
        "name": "Vavuniya District",
        "cities": []
    },
    {
        "name": "Western Province",
        "cities": [
            "Battaramulla South",
            "Beruwala",
            "Colombo",
            "Colombo District",
            "Gampaha",
            "Gampaha District",
            "Hanwella Ihala",
            "Hendala",
            "Horana South",
            "Horawala Junction",
            "Ja Ela",
            "Kalutara",
            "Kandana",
            "Katunayaka",
            "Kelaniya",
            "Kotikawatta",
            "Minuwangoda",
            "Mulleriyawa",
            "Negombo",
            "Panadura",
            "Peliyagoda",
            "Pita Kotte",
            "Sri Jayewardenepura Kotte",
            "Wattala",
            "Welisara"
        ]
    }
]