[
    {
        "name": "Ampara District"
    },
    {
        "name": "Anuradhapura District"
    },
    {
        "name": "Badulla District"
    },
    {
        "name": "Batticaloa District"
    },
    {
        "name": "Central Province"
    },
    {
        "name": "Colombo District"
    },
    {
        "name": "Eastern Province"
    },
    {
        "name": "Galle District"
    },
    {
        "name": "Gampaha District"
    },
    {
        "name": "Hambantota District"
    },
    {
        "name": "Jaffna District"
    },
    {
        "name": "Kalutara District"
    },
    {
        "name": "Kandy District"
    },
    {
        "name": "Kegalle District"
    },
    {
        "name": "Kilinochchi District"
    },
    {
        "name": "Mannar District"
    },
    {
        "name": "Matale District"
    },
    {
        "name": "Matara District"
    },
    {
        "name": "Monaragala District"
    },
    {
        "name": "Mullaitivu District"
    },
    {
        "name": "North Central Province"
    },
    {
        "name": "North Western Province"
    },
    {
        "name": "Northern Province"
    },
    {
        "name": "Nuwara Eliya District"
    },
    {
        "name": "Polonnaruwa District"
    },
    {
        "name": "Puttalam District"
    },
    {
        "name": "Ratnapura district"
    },
    {
        "name": "Sabaragamuwa Province"
    },
    {
        "name": "Southern Province"
    },
    {
        "name": "Trincomalee District"
    },
    {
        "name": "Uva Province"
    },
    {
        "name": "Vavuniya District"
    },
    {
        "name": "Western Province"
    }
]