[
    {
        "name": "Harju County"
    },
    {
        "name": "Hiiu County"
    },
    {
        "name": "Ida-Viru County"
    },
    {
        "name": "Järva County"
    },
    {
        "name": "Jõgeva County"
    },
    {
        "name": "Lääne County"
    },
    {
        "name": "Lääne-Viru County"
    },
    {
        "name": "Pärnu County"
    },
    {
        "name": "Põlva County"
    },
    {
        "name": "Rapla County"
    },
    {
        "name": "Saare County"
    },
    {
        "name": "Tartu County"
    },
    {
        "name": "Valga County"
    },
    {
        "name": "Viljandi County"
    },
    {
        "name": "Võru County"
    }
]