[
    {
        "name": "Bamingui-Bangoran Prefecture"
    },
    {
        "name": "Bangui"
    },
    {
        "name": "Basse-Kotto Prefecture"
    },
    {
        "name": "Haut-Mbomou Prefecture"
    },
    {
        "name": "Haute-Kotto Prefecture"
    },
    {
        "name": "Kémo Prefecture"
    },
    {
        "name": "Lobaye Prefecture"
    },
    {
        "name": "Mambéré-Kadéï"
    },
    {
        "name": "Mbomou Prefecture"
    },
    {
        "name": "Nana-Grébizi Economic Prefecture"
    },
    {
        "name": "Nana-Mambéré Prefecture"
    },
    {
        "name": "Ombella-M'Poko Prefecture"
    },
    {
        "name": "Ouaka Prefecture"
    },
    {
        "name": "Ouham Prefecture"
    },
    {
        "name": "Ouham-Pendé Prefecture"
    },
    {
        "name": "Sangha-Mbaéré"
    },
    {
        "name": "Vakaga Prefecture"
    }
]