[
    {
        "name": "Boaco"
    },
    {
        "name": "Carazo"
    },
    {
        "name": "Chinandega"
    },
    {
        "name": "Chontales"
    },
    {
        "name": "Estelí"
    },
    {
        "name": "Granada"
    },
    {
        "name": "Jinotega"
    },
    {
        "name": "León"
    },
    {
        "name": "Madriz"
    },
    {
        "name": "Managua"
    },
    {
        "name": "Masaya"
    },
    {
        "name": "Matagalpa"
    },
    {
        "name": "North Caribbean Coast"
    },
    {
        "name": "Nueva Segovia"
    },
    {
        "name": "Río San Juan"
    },
    {
        "name": "Rivas"
    },
    {
        "name": "South Caribbean Coast"
    }
]