[
    {
        "name": "Adjara"
    },
    {
        "name": "Autonomous Republic of Abkhazia"
    },
    {
        "name": "Guria"
    },
    {
        "name": "Imereti"
    },
    {
        "name": "Kakheti"
    },
    {
        "name": "Khelvachauri Municipality"
    },
    {
        "name": "Kvemo Kartli"
    },
    {
        "name": "Mtskheta-Mtianeti"
    },
    {
        "name": "Racha-Lechkhumi and Kvemo Svaneti"
    },
    {
        "name": "Samegrelo-Zemo Svaneti"
    },
    {
        "name": "Samtskhe-Javakheti"
    },
    {
        "name": "Senaki Municipality"
    },
    {
        "name": "Shida Kartli"
    },
    {
        "name": "Tbilisi"
    }
]