[
    {
        "name": "Auckland Region"
    },
    {
        "name": "Bay of Plenty Region"
    },
    {
        "name": "Canterbury Region"
    },
    {
        "name": "Chatham Islands"
    },
    {
        "name": "Gisborne District"
    },
    {
        "name": "Hawke's Bay Region"
    },
    {
        "name": "Manawatu-Wanganui Region"
    },
    {
        "name": "Marlborough Region"
    },
    {
        "name": "Nelson Region"
    },
    {
        "name": "Northland Region"
    },
    {
        "name": "Otago Region"
    },
    {
        "name": "Southland Region"
    },
    {
        "name": "Taranaki Region"
    },
    {
        "name": "Tasman District"
    },
    {
        "name": "Waikato Region"
    },
    {
        "name": "Wellington Region"
    },
    {
        "name": "West Coast Region"
    }
]