[
    {
        "name": "Busan"
    },
    {
        "name": "Daegu"
    },
    {
        "name": "Daejeon"
    },
    {
        "name": "Gangwon Province"
    },
    {
        "name": "Gwangju"
    },
    {
        "name": "Gyeonggi Province"
    },
    {
        "name": "Incheon"
    },
    {
        "name": "Jeju"
    },
    {
        "name": "North Chungcheong Province"
    },
    {
        "name": "North Gyeongsang Province"
    },
    {
        "name": "North Jeolla Province"
    },
    {
        "name": "Sejong City"
    },
    {
        "name": "Seoul"
    },
    {
        "name": "South Chungcheong Province"
    },
    {
        "name": "South Gyeongsang Province"
    },
    {
        "name": "South Jeolla Province"
    },
    {
        "name": "Ulsan"
    }
]