[
    {
        "name": "Attard"
    },
    {
        "name": "Balzan"
    },
    {
        "name": "Birgu"
    },
    {
        "name": "Birkirkara"
    },
    {
        "name": "Birżebbuġa"
    },
    {
        "name": "Cospicua"
    },
    {
        "name": "Dingli"
    },
    {
        "name": "Fgura"
    },
    {
        "name": "Floriana"
    },
    {
        "name": "Fontana"
    },
    {
        "name": "Għajnsielem"
    },
    {
        "name": "Għarb"
    },
    {
        "name": "Għargħur"
    },
    {
        "name": "Għasri"
    },
    {
        "name": "Għaxaq"
    },
    {
        "name": "Gudja"
    },
    {
        "name": "Gżira"
    },
    {
        "name": "Ħamrun"
    },
    {
        "name": "Iklin"
    },
    {
        "name": "Kalkara"
    },
    {
        "name": "Kerċem"
    },
    {
        "name": "Kirkop"
    },
    {
        "name": "Lija"
    },
    {
        "name": "Luqa"
    },
    {
        "name": "Marsa"
    },
    {
        "name": "Marsaskala"
    },
    {
        "name": "Marsaxlokk"
    },
    {
        "name": "Mdina"
    },
    {
        "name": "Mellieħa"
    },
    {
        "name": "Mġarr"
    },
    {
        "name": "Mosta"
    },
    {
        "name": "Mqabba"
    },
    {
        "name": "Msida"
    },
    {
        "name": "Mtarfa"
    },
    {
        "name": "Munxar"
    },
    {
        "name": "Nadur"
    },
    {
        "name": "Naxxar"
    },
    {
        "name": "Paola"
    },
    {
        "name": "Pembroke"
    },
    {
        "name": "Pietà"
    },
    {
        "name": "Qala"
    },
    {
        "name": "Qormi"
    },
    {
        "name": "Qrendi"
    },
    {
        "name": "Rabat"
    },
    {
        "name": "Saint Lawrence"
    },
    {
        "name": "San Ġwann"
    },
    {
        "name": "Sannat"
    },
    {
        "name": "Santa Luċija"
    },
    {
        "name": "Santa Venera"
    },
    {
        "name": "Senglea"
    },
    {
        "name": "Siġġiewi"
    },
    {
        "name": "Sliema"
    },
    {
        "name": "St. Julian's"
    },
    {
        "name": "St. Paul's Bay"
    },
    {
        "name": "Swieqi"
    },
    {
        "name": "Ta' Xbiex"
    },
    {
        "name": "Tarxien"
    },
    {
        "name": "Valletta"
    },
    {
        "name": "Victoria"
    },
    {
        "name": "Xagħra"
    },
    {
        "name": "Xewkija"
    },
    {
        "name": "Xgħajra"
    },
    {
        "name": "Żabbar"
    },
    {
        "name": "Żebbuġ Gozo"
    },
    {
        "name": "Żebbuġ Malta"
    },
    {
        "name": "Żejtun"
    },
    {
        "name": "Żurrieq"
    }
]