[
    {
        "name": "Adrar"
    },
    {
        "name": "Aïn Defla"
    },
    {
        "name": "Aïn Témouchent"
    },
    {
        "name": "Algiers"
    },
    {
        "name": "Annaba"
    },
    {
        "name": "Batna"
    },
    {
        "name": "Béchar"
    },
    {
        "name": "Béjaïa"
    },
    {
        "name": "Béni Abbès"
    },
    {
        "name": "Biskra"
    },
    {
        "name": "Blida"
    },
    {
        "name": "Bordj Baji Mokhtar"
    },
    {
        "name": "Bordj Bou Arréridj"
    },
    {
        "name": "Bouïra"
    },
    {
        "name": "Boumerdès"
    },
    {
        "name": "Chlef"
    },
    {
        "name": "Constantine"
    },
    {
        "name": "Djanet"
    },
    {
        "name": "Djelfa"
    },
    {
        "name": "El Bayadh"
    },
    {
        "name": "El M'ghair"
    },
    {
        "name": "El Menia"
    },
    {
        "name": "El Oued"
    },
    {
        "name": "El Tarf"
    },
    {
        "name": "Ghardaïa"
    },
    {
        "name": "Guelma"
    },
    {
        "name": "Illizi"
    },
    {
        "name": "In Guezzam"
    },
    {
        "name": "In Salah"
    },
    {
        "name": "Jijel"
    },
    {
        "name": "Khenchela"
    },
    {
        "name": "Laghouat"
    },
    {
        "name": "M'Sila"
    },
    {
        "name": "Mascara"
    },
    {
        "name": "Médéa"
    },
    {
        "name": "Mila"
    },
    {
        "name": "Mostaganem"
    },
    {
        "name": "Naama"
    },
    {
        "name": "Oran"
    },
    {
        "name": "Ouargla"
    },
    {
        "name": "Ouled Djellal"
    },
    {
        "name": "Oum El Bouaghi"
    },
    {
        "name": "Relizane"
    },
    {
        "name": "Saïda"
    },
    {
        "name": "Sétif"
    },
    {
        "name": "Sidi Bel Abbès"
    },
    {
        "name": "Skikda"
    },
    {
        "name": "Souk Ahras"
    },
    {
        "name": "Tamanghasset"
    },
    {
        "name": "Tébessa"
    },
    {
        "name": "Tiaret"
    },
    {
        "name": "Timimoun"
    },
    {
        "name": "Tindouf"
    },
    {
        "name": "Tipasa"
    },
    {
        "name": "Tissemsilt"
    },
    {
        "name": "Tizi Ouzou"
    },
    {
        "name": "Tlemcen"
    },
    {
        "name": "Touggourt"
    }
]