[
    {
        "name": "Addu Atoll"
    },
    {
        "name": "Alif Alif Atoll"
    },
    {
        "name": "Alif Dhaal Atoll"
    },
    {
        "name": "Central Province"
    },
    {
        "name": "Dhaalu Atoll"
    },
    {
        "name": "Faafu Atoll"
    },
    {
        "name": "Gaafu Alif Atoll"
    },
    {
        "name": "Gaafu Dhaalu Atoll"
    },
    {
        "name": "Gnaviyani Atoll"
    },
    {
        "name": "Haa Alif Atoll"
    },
    {
        "name": "Haa Dhaalu Atoll"
    },
    {
        "name": "Kaafu Atoll"
    },
    {
        "name": "Laamu Atoll"
    },
    {
        "name": "Lhaviyani Atoll"
    },
    {
        "name": "Malé"
    },
    {
        "name": "Meemu Atoll"
    },
    {
        "name": "Noonu Atoll"
    },
    {
        "name": "North Central Province"
    },
    {
        "name": "North Province"
    },
    {
        "name": "Raa Atoll"
    },
    {
        "name": "Shaviyani Atoll"
    },
    {
        "name": "South Central Province"
    },
    {
        "name": "South Province"
    },
    {
        "name": "Thaa Atoll"
    },
    {
        "name": "Upper South Province"
    },
    {
        "name": "Vaavu Atoll"
    }
]